id,shield name,upgrade,attack power,stat scaling,passive effects,damage reduction (%)
0,Rickety Shield,Standard ,"{'Phy': '70 ', 'Mag': '- ', 'Fir': '- ', 'Lit': '- ', 'Hol': '- ', 'Sta': '54 '}","{'Str': 'E ', 'Dex': '- ', 'Int': '- ', 'Fai': '- ', 'Arc': '- '}",{'Any': '- '},"{'Phy': '61 ', 'Mag': '29 ', 'Fir': '24 ', 'Lit': '34 ', 'Hol': '34 ', 'Bst': '37 ', 'Rst': '20 '}"
1,Rickety Shield,Standard +1 ,"{'Phy': '74 ', 'Mag': '- ', 'Fir': '- ', 'Lit': '- ', 'Hol': '- ', 'Sta': '56 '}","{'Str': 'E ', 'Dex': '- ', 'Int': '- ', 'Fai': '- ', 'Arc': '- '}",{'Any': '- '},"{'Phy': '61 ', 'Mag': '29 ', 'Fir': '24 ', 'Lit': '34 ', 'Hol': '34 ', 'Bst': '37.74 ', 'Rst': '20 '}"
2,Rickety Shield,Standard +2 ,"{'Phy': '78 ', 'Mag': '- ', 'Fir': '- ', 'Lit': '- ', 'Hol': '- ', 'Sta': '58 '}","{'Str': 'D ', 'Dex': '- ', 'Int': '- ', 'Fai': '- ', 'Arc': '- '}",{'Any': '- '},"{'Phy': '61 ', 'Mag': '29 ', 'Fir': '24 ', 'Lit': '34 ', 'Hol': '34 ', 'Bst': '38.48 ', 'Rst': '20 '}"
3,Rickety Shield,Standard +3 ,"{'Phy': '82 ', 'Mag': '- ', 'Fir': '- ', 'Lit': '- ', 'Hol': '- ', 'Sta': '60 '}","{'Str': 'D ', 'Dex': '- ', 'Int': '- ', 'Fai': '- ', 'Arc': '- '}",{'Any': '- '},"{'Phy': '61 ', 'Mag': '29 ', 'Fir': '24 ', 'Lit': '34 ', 'Hol': '34 ', 'Bst': '39.22 ', 'Rst': '20 '}"
4,Rickety Shield,Standard +4 ,"{'Phy': '86 ', 'Mag': '- ', 'Fir': '- ', 'Lit': '- ', 'Hol': '- ', 'Sta': '62 '}","{'Str': 'D ', 'Dex': '- ', 'Int': '- ', 'Fai': '- ', 'Arc': '- '}",{'Any': '- '},"{'Phy': '61 ', 'Mag': '29 ', 'Fir': '24 ', 'Lit': '34 ', 'Hol': '34 ', 'Bst': '39.96 ', 'Rst': '20 '}"
5,Rickety Shield,Standard +5 ,"{'Phy': '90 ', 'Mag': '- ', 'Fir': '- ', 'Lit': '- ', 'Hol': '- ', 'Sta': '64 '}","{'Str': 'D ', 'Dex': '- ', 'Int': '- ', 'Fai': '- ', 'Arc': '- '}",{'Any': '- '},"{'Phy': '61 ', 'Mag': '29 ', 'Fir': '24 ', 'Lit': '34 ', 'Hol': '34 ', 'Bst': '40.7 ', 'Rst': '20 '}"
6,Rickety Shield,Standard +6 ,"{'Phy': '94 ', 'Mag': '- ', 'Fir': '- ', 'Lit': '- ', 'Hol': '- ', 'Sta': '66 '}","{'Str': 'D ', 'Dex': '- ', 'Int': '- ', 'Fai': '- ', 'Arc': '- '}",{'Any': '- '},"{'Phy': '61 ', 'Mag': '29 ', 'Fir': '24 ', 'Lit': '34 ', 'Hol': '34 ', 'Bst': '41.44 ', 'Rst': '20 '}"
7,Rickety Shield,Standard +7 ,"{'Phy': '98 ', 'Mag': '- ', 'Fir': '- ', 'Lit': '- ', 'Hol': '- ', 'Sta': '69 '}","{'Str': 'D ', 'Dex': '- ', 'Int': '- ', 'Fai': '- ', 'Arc': '- '}",{'Any': '- '},"{'Phy': '61 ', 'Mag': '29 ', 'Fir': '24 ', 'Lit': '34 ', 'Hol': '34 ', 'Bst': '42.18 ', 'Rst': '20 '}"
8,Rickety Shield,Standard +8 ,"{'Phy': '102 ', 'Mag': '- ', 'Fir': '- ', 'Lit': '- ', 'Hol': '- ', 'Sta': '71 '}","{'Str': 'D ', 'Dex': '- ', 'Int': '- ', 'Fai': '- ', 'Arc': '- '}",{'Any': '- '},"{'Phy': '61 ', 'Mag': '29 ', 'Fir': '24 ', 'Lit': '34 ', 'Hol': '34 ', 'Bst': '42.55 ', 'Rst': '20 '}"
9,Rickety Shield,Standard +9 ,"{'Phy': '106 ', 'Mag': '- ', 'Fir': '- ', 'Lit': '- ', 'Hol': '- ', 'Sta': '73 '}","{'Str': 'D ', 'Dex': '- ', 'Int': '- ', 'Fai': '- ', 'Arc': '- '}",{'Any': '- '},"{'Phy': '61 ', 'Mag': '29 ', 'Fir': '24 ', 'Lit': '34 ', 'Hol': '34 ', 'Bst': '42.92 ', 'Rst': '20 '}"
10,Rickety Shield,Standard +10 ,"{'Phy': '110 ', 'Mag': '- ', 'Fir': '- ', 'Lit': '- ', 'Hol': '- ', 'Sta': '75 '}","{'Str': 'D ', 'Dex': '- ', 'Int': '- ', 'Fai': '- ', 'Arc': '- '}",{'Any': '- '},"{'Phy': '61 ', 'Mag': '29 ', 'Fir': '24 ', 'Lit': '34 ', 'Hol': '34 ', 'Bst': '43.29 ', 'Rst': '20 '}"
11,Rickety Shield,Standard +11 ,"{'Phy': '114 ', 'Mag': '- ', 'Fir': '- ', 'Lit': '- ', 'Hol': '- ', 'Sta': '77 '}","{'Str': 'D ', 'Dex': '- ', 'Int': '- ', 'Fai': '- ', 'Arc': '- '}",{'Any': '- '},"{'Phy': '61 ', 'Mag': '29 ', 'Fir': '24 ', 'Lit': '34 ', 'Hol': '34 ', 'Bst': '43.66 ', 'Rst': '20 '}"
12,Rickety Shield,Standard +12 ,"{'Phy': '118 ', 'Mag': '- ', 'Fir': '- ', 'Lit': '- ', 'Hol': '- ', 'Sta': '79 '}","{'Str': 'D ', 'Dex': '- ', 'Int': '- ', 'Fai': '- ', 'Arc': '- '}",{'Any': '- '},"{'Phy': '61 ', 'Mag': '29 ', 'Fir': '24 ', 'Lit': '34 ', 'Hol': '34 ', 'Bst': '44.03 ', 'Rst': '20 '}"
13,Rickety Shield,Standard +13 ,"{'Phy': '122 ', 'Mag': '- ', 'Fir': '- ', 'Lit': '- ', 'Hol': '- ', 'Sta': '82 '}","{'Str': 'D ', 'Dex': '- ', 'Int': '- ', 'Fai': '- ', 'Arc': '- '}",{'Any': '- '},"{'Phy': '61 ', 'Mag': '29 ', 'Fir': '24 ', 'Lit': '34 ', 'Hol': '34 ', 'Bst': '44.4 ', 'Rst': '20 '}"
14,Rickety Shield,Standard +14 ,"{'Phy': '126 ', 'Mag': '- ', 'Fir': '- ', 'Lit': '- ', 'Hol': '- ', 'Sta': '84 '}","{'Str': 'D ', 'Dex': '- ', 'Int': '- ', 'Fai': '- ', 'Arc': '- '}",{'Any': '- '},"{'Phy': '61 ', 'Mag': '29 ', 'Fir': '24 ', 'Lit': '34 ', 'Hol': '34 ', 'Bst': '44.77 ', 'Rst': '20 '}"
15,Rickety Shield,Standard +15 ,"{'Phy': '130 ', 'Mag': '- ', 'Fir': '- ', 'Lit': '- ', 'Hol': '- ', 'Sta': '86 '}","{'Str': 'D ', 'Dex': '- ', 'Int': '- ', 'Fai': '- ', 'Arc': '- '}",{'Any': '- '},"{'Phy': '61 ', 'Mag': '29 ', 'Fir': '24 ', 'Lit': '34 ', 'Hol': '34 ', 'Bst': '45.14 ', 'Rst': '20 '}"
16,Rickety Shield,Standard +16 ,"{'Phy': '134 ', 'Mag': '- ', 'Fir': '- ', 'Lit': '- ', 'Hol': '- ', 'Sta': '88 '}","{'Str': 'D ', 'Dex': '- ', 'Int': '- ', 'Fai': '- ', 'Arc': '- '}",{'Any': '- '},"{'Phy': '61 ', 'Mag': '29 ', 'Fir': '24 ', 'Lit': '34 ', 'Hol': '34 ', 'Bst': '45.51 ', 'Rst': '20 '}"
17,Rickety Shield,Standard +17 ,"{'Phy': '139 ', 'Mag': '- ', 'Fir': '- ', 'Lit': '- ', 'Hol': '- ', 'Sta': '90 '}","{'Str': 'D ', 'Dex': '- ', 'Int': '- ', 'Fai': '- ', 'Arc': '- '}",{'Any': '- '},"{'Phy': '61 ', 'Mag': '29 ', 'Fir': '24 ', 'Lit': '34 ', 'Hol': '34 ', 'Bst': '45.88 ', 'Rst': '20 '}"
18,Rickety Shield,Standard +18 ,"{'Phy': '143 ', 'Mag': '- ', 'Fir': '- ', 'Lit': '- ', 'Hol': '- ', 'Sta': '92 '}","{'Str': 'D ', 'Dex': '- ', 'Int': '- ', 'Fai': '- ', 'Arc': '- '}",{'Any': '- '},"{'Phy': '61 ', 'Mag': '29 ', 'Fir': '24 ', 'Lit': '34 ', 'Hol': '34 ', 'Bst': '46.25 ', 'Rst': '20 '}"
19,Rickety Shield,Standard +19 ,"{'Phy': '147 ', 'Mag': '- ', 'Fir': '- ', 'Lit': '- ', 'Hol': '- ', 'Sta': '95 '}","{'Str': 'D ', 'Dex': '- ', 'Int': '- ', 'Fai': '- ', 'Arc': '- '}",{'Any': '- '},"{'Phy': '61 ', 'Mag': '29 ', 'Fir': '24 ', 'Lit': '34 ', 'Hol': '34 ', 'Bst': '46.62 ', 'Rst': '20 '}"
20,Rickety Shield,Standard +20 ,"{'Phy': '151 ', 'Mag': '- ', 'Fir': '- ', 'Lit': '- ', 'Hol': '- ', 'Sta': '97 '}","{'Str': 'D ', 'Dex': '- ', 'Int': '- ', 'Fai': '- ', 'Arc': '- '}",{'Any': '- '},"{'Phy': '61 ', 'Mag': '29 ', 'Fir': '24 ', 'Lit': '34 ', 'Hol': '34 ', 'Bst': '46.99 ', 'Rst': '20 '}"
21,Rickety Shield,Standard +21 ,"{'Phy': '155 ', 'Mag': '- ', 'Fir': '- ', 'Lit': '- ', 'Hol': '- ', 'Sta': '99 '}","{'Str': 'D ', 'Dex': '- ', 'Int': '- ', 'Fai': '- ', 'Arc': '- '}",{'Any': '- '},"{'Phy': '61 ', 'Mag': '29 ', 'Fir': '24 ', 'Lit': '34 ', 'Hol': '34 ', 'Bst': '47.36 ', 'Rst': '20 '}"
22,Rickety Shield,Standard +22 ,"{'Phy': '159 ', 'Mag': '- ', 'Fir': '- ', 'Lit': '- ', 'Hol': '- ', 'Sta': '101 '}","{'Str': 'D ', 'Dex': '- ', 'Int': '- ', 'Fai': '- ', 'Arc': '- '}",{'Any': '- '},"{'Phy': '61 ', 'Mag': '29 ', 'Fir': '24 ', 'Lit': '34 ', 'Hol': '34 ', 'Bst': '47.73 ', 'Rst': '20 '}"
23,Rickety Shield,Standard +23 ,"{'Phy': '163 ', 'Mag': '- ', 'Fir': '- ', 'Lit': '- ', 'Hol': '- ', 'Sta': '103 '}","{'Str': 'D ', 'Dex': '- ', 'Int': '- ', 'Fai': '- ', 'Arc': '- '}",{'Any': '- '},"{'Phy': '61 ', 'Mag': '29 ', 'Fir': '24 ', 'Lit': '34 ', 'Hol': '34 ', 'Bst': '48.1 ', 'Rst': '20 '}"
24,Rickety Shield,Standard +24 ,"{'Phy': '167 ', 'Mag': '- ', 'Fir': '- ', 'Lit': '- ', 'Hol': '- ', 'Sta': '105 '}","{'Str': 'D ', 'Dex': '- ', 'Int': '- ', 'Fai': '- ', 'Arc': '- '}",{'Any': '- '},"{'Phy': '61 ', 'Mag': '29 ', 'Fir': '24 ', 'Lit': '34 ', 'Hol': '34 ', 'Bst': '48.47 ', 'Rst': '20 '}"
25,Rickety Shield,Standard +25 ,"{'Phy': '171 ', 'Mag': '- ', 'Fir': '- ', 'Lit': '- ', 'Hol': '- ', 'Sta': '108 '}","{'Str': 'D ', 'Dex': '- ', 'Int': '- ', 'Fai': '- ', 'Arc': '- '}",{'Any': '- '},"{'Phy': '61 ', 'Mag': '29 ', 'Fir': '24 ', 'Lit': '34 ', 'Hol': '34 ', 'Bst': '48.84 ', 'Rst': '20 '}"
338,Riveted Wooden Shield,Standard ,"{'Phy': '72 ', 'Mag': '- ', 'Fir': '- ', 'Lit': '- ', 'Hol': '- ', 'Sta': '56 '}","{'Str': 'E ', 'Dex': '- ', 'Int': '- ', 'Fai': '- ', 'Arc': '- '}",{'Any': '- '},"{'Phy': '74 ', 'Mag': '43 ', 'Fir': '31 ', 'Lit': '24 ', 'Hol': '45 ', 'Bst': '39 ', 'Rst': '21 '}"
339,Riveted Wooden Shield,Standard +1 ,"{'Phy': '76 ', 'Mag': '- ', 'Fir': '- ', 'Lit': '- ', 'Hol': '- ', 'Sta': '58 '}","{'Str': 'E ', 'Dex': '- ', 'Int': '- ', 'Fai': '- ', 'Arc': '- '}",{'Any': '- '},"{'Phy': '74 ', 'Mag': '43 ', 'Fir': '31 ', 'Lit': '24 ', 'Hol': '45 ', 'Bst': '39.78 ', 'Rst': '21 '}"
340,Riveted Wooden Shield,Standard +2 ,"{'Phy': '80 ', 'Mag': '- ', 'Fir': '- ', 'Lit': '- ', 'Hol': '- ', 'Sta': '60 '}","{'Str': 'D ', 'Dex': '- ', 'Int': '- ', 'Fai': '- ', 'Arc': '- '}",{'Any': '- '},"{'Phy': '74 ', 'Mag': '43 ', 'Fir': '31 ', 'Lit': '24 ', 'Hol': '45 ', 'Bst': '40.56 ', 'Rst': '21 '}"
341,Riveted Wooden Shield,Standard +3 ,"{'Phy': '84 ', 'Mag': '- ', 'Fir': '- ', 'Lit': '- ', 'Hol': '- ', 'Sta': '62 '}","{'Str': 'D ', 'Dex': '- ', 'Int': '- ', 'Fai': '- ', 'Arc': '- '}",{'Any': '- '},"{'Phy': '74 ', 'Mag': '43 ', 'Fir': '31 ', 'Lit': '24 ', 'Hol': '45 ', 'Bst': '41.34 ', 'Rst': '21 '}"
342,Riveted Wooden Shield,Standard +4 ,"{'Phy': '88 ', 'Mag': '- ', 'Fir': '- ', 'Lit': '- ', 'Hol': '- ', 'Sta': '64 '}","{'Str': 'D ', 'Dex': '- ', 'Int': '- ', 'Fai': '- ', 'Arc': '- '}",{'Any': '- '},"{'Phy': '74 ', 'Mag': '43 ', 'Fir': '31 ', 'Lit': '24 ', 'Hol': '45 ', 'Bst': '42.12 ', 'Rst': '21 '}"
343,Riveted Wooden Shield,Standard +5 ,"{'Phy': '92 ', 'Mag': '- ', 'Fir': '- ', 'Lit': '- ', 'Hol': '- ', 'Sta': '67 '}","{'Str': 'D ', 'Dex': '- ', 'Int': '- ', 'Fai': '- ', 'Arc': '- '}",{'Any': '- '},"{'Phy': '74 ', 'Mag': '43 ', 'Fir': '31 ', 'Lit': '24 ', 'Hol': '45 ', 'Bst': '42.9 ', 'Rst': '21 '}"
344,Riveted Wooden Shield,Standard +6 ,"{'Phy': '97 ', 'Mag': '- ', 'Fir': '- ', 'Lit': '- ', 'Hol': '- ', 'Sta': '69 '}","{'Str': 'D ', 'Dex': '- ', 'Int': '- ', 'Fai': '- ', 'Arc': '- '}",{'Any': '- '},"{'Phy': '74 ', 'Mag': '43 ', 'Fir': '31 ', 'Lit': '24 ', 'Hol': '45 ', 'Bst': '43.68 ', 'Rst': '21 '}"
345,Riveted Wooden Shield,Standard +7 ,"{'Phy': '101 ', 'Mag': '- ', 'Fir': '- ', 'Lit': '- ', 'Hol': '- ', 'Sta': '71 '}","{'Str': 'D ', 'Dex': '- ', 'Int': '- ', 'Fai': '- ', 'Arc': '- '}",{'Any': '- '},"{'Phy': '74 ', 'Mag': '43 ', 'Fir': '31 ', 'Lit': '24 ', 'Hol': '45 ', 'Bst': '44.46 ', 'Rst': '21 '}"
346,Riveted Wooden Shield,Standard +8 ,"{'Phy': '105 ', 'Mag': '- ', 'Fir': '- ', 'Lit': '- ', 'Hol': '- ', 'Sta': '73 '}","{'Str': 'D ', 'Dex': '- ', 'Int': '- ', 'Fai': '- ', 'Arc': '- '}",{'Any': '- '},"{'Phy': '74 ', 'Mag': '43 ', 'Fir': '31 ', 'Lit': '24 ', 'Hol': '45 ', 'Bst': '44.85 ', 'Rst': '21 '}"
347,Riveted Wooden Shield,Standard +9 ,"{'Phy': '109 ', 'Mag': '- ', 'Fir': '- ', 'Lit': '- ', 'Hol': '- ', 'Sta': '76 '}","{'Str': 'D ', 'Dex': '- ', 'Int': '- ', 'Fai': '- ', 'Arc': '- '}",{'Any': '- '},"{'Phy': '74 ', 'Mag': '43 ', 'Fir': '31 ', 'Lit': '24 ', 'Hol': '45 ', 'Bst': '45.24 ', 'Rst': '21 '}"
348,Riveted Wooden Shield,Standard +10 ,"{'Phy': '113 ', 'Mag': '- ', 'Fir': '- ', 'Lit': '- ', 'Hol': '- ', 'Sta': '78 '}","{'Str': 'D ', 'Dex': '- ', 'Int': '- ', 'Fai': '- ', 'Arc': '- '}",{'Any': '- '},"{'Phy': '74 ', 'Mag': '43 ', 'Fir': '31 ', 'Lit': '24 ', 'Hol': '45 ', 'Bst': '45.63 ', 'Rst': '21 '}"
349,Riveted Wooden Shield,Standard +11 ,"{'Phy': '117 ', 'Mag': '- ', 'Fir': '- ', 'Lit': '- ', 'Hol': '- ', 'Sta': '80 '}","{'Str': 'D ', 'Dex': '- ', 'Int': '- ', 'Fai': '- ', 'Arc': '- '}",{'Any': '- '},"{'Phy': '74 ', 'Mag': '43 ', 'Fir': '31 ', 'Lit': '24 ', 'Hol': '45 ', 'Bst': '46.02 ', 'Rst': '21 '}"
350,Riveted Wooden Shield,Standard +12 ,"{'Phy': '122 ', 'Mag': '- ', 'Fir': '- ', 'Lit': '- ', 'Hol': '- ', 'Sta': '82 '}","{'Str': 'D ', 'Dex': '- ', 'Int': '- ', 'Fai': '- ', 'Arc': '- '}",{'Any': '- '},"{'Phy': '74 ', 'Mag': '43 ', 'Fir': '31 ', 'Lit': '24 ', 'Hol': '45 ', 'Bst': '46.41 ', 'Rst': '21 '}"
351,Riveted Wooden Shield,Standard +13 ,"{'Phy': '126 ', 'Mag': '- ', 'Fir': '- ', 'Lit': '- ', 'Hol': '- ', 'Sta': '85 '}","{'Str': 'D ', 'Dex': '- ', 'Int': '- ', 'Fai': '- ', 'Arc': '- '}",{'Any': '- '},"{'Phy': '74 ', 'Mag': '43 ', 'Fir': '31 ', 'Lit': '24 ', 'Hol': '45 ', 'Bst': '46.8 ', 'Rst': '21 '}"
352,Riveted Wooden Shield,Standard +14 ,"{'Phy': '130 ', 'Mag': '- ', 'Fir': '- ', 'Lit': '- ', 'Hol': '- ', 'Sta': '87 '}","{'Str': 'D ', 'Dex': '- ', 'Int': '- ', 'Fai': '- ', 'Arc': '- '}",{'Any': '- '},"{'Phy': '74 ', 'Mag': '43 ', 'Fir': '31 ', 'Lit': '24 ', 'Hol': '45 ', 'Bst': '47.19 ', 'Rst': '21 '}"
353,Riveted Wooden Shield,Standard +15 ,"{'Phy': '134 ', 'Mag': '- ', 'Fir': '- ', 'Lit': '- ', 'Hol': '- ', 'Sta': '89 '}","{'Str': 'D ', 'Dex': '- ', 'Int': '- ', 'Fai': '- ', 'Arc': '- '}",{'Any': '- '},"{'Phy': '74 ', 'Mag': '43 ', 'Fir': '31 ', 'Lit': '24 ', 'Hol': '45 ', 'Bst': '47.58 ', 'Rst': '21 '}"
354,Riveted Wooden Shield,Standard +16 ,"{'Phy': '138 ', 'Mag': '- ', 'Fir': '- ', 'Lit': '- ', 'Hol': '- ', 'Sta': '91 '}","{'Str': 'D ', 'Dex': '- ', 'Int': '- ', 'Fai': '- ', 'Arc': '- '}",{'Any': '- '},"{'Phy': '74 ', 'Mag': '43 ', 'Fir': '31 ', 'Lit': '24 ', 'Hol': '45 ', 'Bst': '47.97 ', 'Rst': '21 '}"
355,Riveted Wooden Shield,Standard +17 ,"{'Phy': '142 ', 'Mag': '- ', 'Fir': '- ', 'Lit': '- ', 'Hol': '- ', 'Sta': '94 '}","{'Str': 'D ', 'Dex': '- ', 'Int': '- ', 'Fai': '- ', 'Arc': '- '}",{'Any': '- '},"{'Phy': '74 ', 'Mag': '43 ', 'Fir': '31 ', 'Lit': '24 ', 'Hol': '45 ', 'Bst': '48.36 ', 'Rst': '21 '}"
356,Riveted Wooden Shield,Standard +18 ,"{'Phy': '147 ', 'Mag': '- ', 'Fir': '- ', 'Lit': '- ', 'Hol': '- ', 'Sta': '96 '}","{'Str': 'D ', 'Dex': '- ', 'Int': '- ', 'Fai': '- ', 'Arc': '- '}",{'Any': '- '},"{'Phy': '74 ', 'Mag': '43 ', 'Fir': '31 ', 'Lit': '24 ', 'Hol': '45 ', 'Bst': '48.75 ', 'Rst': '21 '}"
357,Riveted Wooden Shield,Standard +19 ,"{'Phy': '151 ', 'Mag': '- ', 'Fir': '- ', 'Lit': '- ', 'Hol': '- ', 'Sta': '98 '}","{'Str': 'D ', 'Dex': '- ', 'Int': '- ', 'Fai': '- ', 'Arc': '- '}",{'Any': '- '},"{'Phy': '74 ', 'Mag': '43 ', 'Fir': '31 ', 'Lit': '24 ', 'Hol': '45 ', 'Bst': '49.14 ', 'Rst': '21 '}"
358,Riveted Wooden Shield,Standard +20 ,"{'Phy': '155 ', 'Mag': '- ', 'Fir': '- ', 'Lit': '- ', 'Hol': '- ', 'Sta': '100 '}","{'Str': 'D ', 'Dex': '- ', 'Int': '- ', 'Fai': '- ', 'Arc': '- '}",{'Any': '- '},"{'Phy': '74 ', 'Mag': '43 ', 'Fir': '31 ', 'Lit': '24 ', 'Hol': '45 ', 'Bst': '49.53 ', 'Rst': '21 '}"
359,Riveted Wooden Shield,Standard +21 ,"{'Phy': '159 ', 'Mag': '- ', 'Fir': '- ', 'Lit': '- ', 'Hol': '- ', 'Sta': '103 '}","{'Str': 'D ', 'Dex': '- ', 'Int': '- ', 'Fai': '- ', 'Arc': '- '}",{'Any': '- '},"{'Phy': '74 ', 'Mag': '43 ', 'Fir': '31 ', 'Lit': '24 ', 'Hol': '45 ', 'Bst': '49.92 ', 'Rst': '21 '}"
360,Riveted Wooden Shield,Standard +22 ,"{'Phy': '163 ', 'Mag': '- ', 'Fir': '- ', 'Lit': '- ', 'Hol': '- ', 'Sta': '105 '}","{'Str': 'D ', 'Dex': '- ', 'Int': '- ', 'Fai': '- ', 'Arc': '- '}",{'Any': '- '},"{'Phy': '74 ', 'Mag': '43 ', 'Fir': '31 ', 'Lit': '24 ', 'Hol': '45 ', 'Bst': '50.31 ', 'Rst': '21 '}"
361,Riveted Wooden Shield,Standard +23 ,"{'Phy': '168 ', 'Mag': '- ', 'Fir': '- ', 'Lit': '- ', 'Hol': '- ', 'Sta': '107 '}","{'Str': 'D ', 'Dex': '- ', 'Int': '- ', 'Fai': '- ', 'Arc': '- '}",{'Any': '- '},"{'Phy': '74 ', 'Mag': '43 ', 'Fir': '31 ', 'Lit': '24 ', 'Hol': '45 ', 'Bst': '50.7 ', 'Rst': '21 '}"
362,Riveted Wooden Shield,Standard +24 ,"{'Phy': '172 ', 'Mag': '- ', 'Fir': '- ', 'Lit': '- ', 'Hol': '- ', 'Sta': '109 '}","{'Str': 'D ', 'Dex': '- ', 'Int': '- ', 'Fai': '- ', 'Arc': '- '}",{'Any': '- '},"{'Phy': '74 ', 'Mag': '43 ', 'Fir': '31 ', 'Lit': '24 ', 'Hol': '45 ', 'Bst': '51.09 ', 'Rst': '21 '}"
363,Riveted Wooden Shield,Standard +25 ,"{'Phy': '176 ', 'Mag': '- ', 'Fir': '- ', 'Lit': '- ', 'Hol': '- ', 'Sta': '112 '}","{'Str': 'D ', 'Dex': '- ', 'Int': '- ', 'Fai': '- ', 'Arc': '- '}",{'Any': '- '},"{'Phy': '74 ', 'Mag': '43 ', 'Fir': '31 ', 'Lit': '24 ', 'Hol': '45 ', 'Bst': '51.48 ', 'Rst': '21 '}"
676,Riveted Wooden Shield,Standard ,"{'Phy': '72 ', 'Mag': '- ', 'Fir': '- ', 'Lit': '- ', 'Hol': '- ', 'Sta': '56 '}","{'Str': 'E ', 'Dex': '- ', 'Int': '- ', 'Fai': '- ', 'Arc': '- '}",{'Any': '- '},"{'Phy': '74 ', 'Mag': '43 ', 'Fir': '31 ', 'Lit': '24 ', 'Hol': '45 ', 'Bst': '39 ', 'Rst': '21 '}"
677,Riveted Wooden Shield,Standard +1 ,"{'Phy': '76 ', 'Mag': '- ', 'Fir': '- ', 'Lit': '- ', 'Hol': '- ', 'Sta': '58 '}","{'Str': 'E ', 'Dex': '- ', 'Int': '- ', 'Fai': '- ', 'Arc': '- '}",{'Any': '- '},"{'Phy': '74 ', 'Mag': '43 ', 'Fir': '31 ', 'Lit': '24 ', 'Hol': '45 ', 'Bst': '39.78 ', 'Rst': '21 '}"
678,Riveted Wooden Shield,Standard +2 ,"{'Phy': '80 ', 'Mag': '- ', 'Fir': '- ', 'Lit': '- ', 'Hol': '- ', 'Sta': '60 '}","{'Str': 'D ', 'Dex': '- ', 'Int': '- ', 'Fai': '- ', 'Arc': '- '}",{'Any': '- '},"{'Phy': '74 ', 'Mag': '43 ', 'Fir': '31 ', 'Lit': '24 ', 'Hol': '45 ', 'Bst': '40.56 ', 'Rst': '21 '}"
679,Riveted Wooden Shield,Standard +3 ,"{'Phy': '84 ', 'Mag': '- ', 'Fir': '- ', 'Lit': '- ', 'Hol': '- ', 'Sta': '62 '}","{'Str': 'D ', 'Dex': '- ', 'Int': '- ', 'Fai': '- ', 'Arc': '- '}",{'Any': '- '},"{'Phy': '74 ', 'Mag': '43 ', 'Fir': '31 ', 'Lit': '24 ', 'Hol': '45 ', 'Bst': '41.34 ', 'Rst': '21 '}"
680,Riveted Wooden Shield,Standard +4 ,"{'Phy': '88 ', 'Mag': '- ', 'Fir': '- ', 'Lit': '- ', 'Hol': '- ', 'Sta': '64 '}","{'Str': 'D ', 'Dex': '- ', 'Int': '- ', 'Fai': '- ', 'Arc': '- '}",{'Any': '- '},"{'Phy': '74 ', 'Mag': '43 ', 'Fir': '31 ', 'Lit': '24 ', 'Hol': '45 ', 'Bst': '42.12 ', 'Rst': '21 '}"
681,Riveted Wooden Shield,Standard +5 ,"{'Phy': '92 ', 'Mag': '- ', 'Fir': '- ', 'Lit': '- ', 'Hol': '- ', 'Sta': '67 '}","{'Str': 'D ', 'Dex': '- ', 'Int': '- ', 'Fai': '- ', 'Arc': '- '}",{'Any': '- '},"{'Phy': '74 ', 'Mag': '43 ', 'Fir': '31 ', 'Lit': '24 ', 'Hol': '45 ', 'Bst': '42.9 ', 'Rst': '21 '}"
682,Riveted Wooden Shield,Standard +6 ,"{'Phy': '97 ', 'Mag': '- ', 'Fir': '- ', 'Lit': '- ', 'Hol': '- ', 'Sta': '69 '}","{'Str': 'D ', 'Dex': '- ', 'Int': '- ', 'Fai': '- ', 'Arc': '- '}",{'Any': '- '},"{'Phy': '74 ', 'Mag': '43 ', 'Fir': '31 ', 'Lit': '24 ', 'Hol': '45 ', 'Bst': '43.68 ', 'Rst': '21 '}"
683,Riveted Wooden Shield,Standard +7 ,"{'Phy': '101 ', 'Mag': '- ', 'Fir': '- ', 'Lit': '- ', 'Hol': '- ', 'Sta': '71 '}","{'Str': 'D ', 'Dex': '- ', 'Int': '- ', 'Fai': '- ', 'Arc': '- '}",{'Any': '- '},"{'Phy': '74 ', 'Mag': '43 ', 'Fir': '31 ', 'Lit': '24 ', 'Hol': '45 ', 'Bst': '44.46 ', 'Rst': '21 '}"
684,Riveted Wooden Shield,Standard +8 ,"{'Phy': '105 ', 'Mag': '- ', 'Fir': '- ', 'Lit': '- ', 'Hol': '- ', 'Sta': '73 '}","{'Str': 'D ', 'Dex': '- ', 'Int': '- ', 'Fai': '- ', 'Arc': '- '}",{'Any': '- '},"{'Phy': '74 ', 'Mag': '43 ', 'Fir': '31 ', 'Lit': '24 ', 'Hol': '45 ', 'Bst': '44.85 ', 'Rst': '21 '}"
685,Riveted Wooden Shield,Standard +9 ,"{'Phy': '109 ', 'Mag': '- ', 'Fir': '- ', 'Lit': '- ', 'Hol': '- ', 'Sta': '76 '}","{'Str': 'D ', 'Dex': '- ', 'Int': '- ', 'Fai': '- ', 'Arc': '- '}",{'Any': '- '},"{'Phy': '74 ', 'Mag': '43 ', 'Fir': '31 ', 'Lit': '24 ', 'Hol': '45 ', 'Bst': '45.24 ', 'Rst': '21 '}"
686,Riveted Wooden Shield,Standard +10 ,"{'Phy': '113 ', 'Mag': '- ', 'Fir': '- ', 'Lit': '- ', 'Hol': '- ', 'Sta': '78 '}","{'Str': 'D ', 'Dex': '- ', 'Int': '- ', 'Fai': '- ', 'Arc': '- '}",{'Any': '- '},"{'Phy': '74 ', 'Mag': '43 ', 'Fir': '31 ', 'Lit': '24 ', 'Hol': '45 ', 'Bst': '45.63 ', 'Rst': '21 '}"
687,Riveted Wooden Shield,Standard +11 ,"{'Phy': '117 ', 'Mag': '- ', 'Fir': '- ', 'Lit': '- ', 'Hol': '- ', 'Sta': '80 '}","{'Str': 'D ', 'Dex': '- ', 'Int': '- ', 'Fai': '- ', 'Arc': '- '}",{'Any': '- '},"{'Phy': '74 ', 'Mag': '43 ', 'Fir': '31 ', 'Lit': '24 ', 'Hol': '45 ', 'Bst': '46.02 ', 'Rst': '21 '}"
688,Riveted Wooden Shield,Standard +12 ,"{'Phy': '122 ', 'Mag': '- ', 'Fir': '- ', 'Lit': '- ', 'Hol': '- ', 'Sta': '82 '}","{'Str': 'D ', 'Dex': '- ', 'Int': '- ', 'Fai': '- ', 'Arc': '- '}",{'Any': '- '},"{'Phy': '74 ', 'Mag': '43 ', 'Fir': '31 ', 'Lit': '24 ', 'Hol': '45 ', 'Bst': '46.41 ', 'Rst': '21 '}"
689,Riveted Wooden Shield,Standard +13 ,"{'Phy': '126 ', 'Mag': '- ', 'Fir': '- ', 'Lit': '- ', 'Hol': '- ', 'Sta': '85 '}","{'Str': 'D ', 'Dex': '- ', 'Int': '- ', 'Fai': '- ', 'Arc': '- '}",{'Any': '- '},"{'Phy': '74 ', 'Mag': '43 ', 'Fir': '31 ', 'Lit': '24 ', 'Hol': '45 ', 'Bst': '46.8 ', 'Rst': '21 '}"
690,Riveted Wooden Shield,Standard +14 ,"{'Phy': '130 ', 'Mag': '- ', 'Fir': '- ', 'Lit': '- ', 'Hol': '- ', 'Sta': '87 '}","{'Str': 'D ', 'Dex': '- ', 'Int': '- ', 'Fai': '- ', 'Arc': '- '}",{'Any': '- '},"{'Phy': '74 ', 'Mag': '43 ', 'Fir': '31 ', 'Lit': '24 ', 'Hol': '45 ', 'Bst': '47.19 ', 'Rst': '21 '}"
691,Riveted Wooden Shield,Standard +15 ,"{'Phy': '134 ', 'Mag': '- ', 'Fir': '- ', 'Lit': '- ', 'Hol': '- ', 'Sta': '89 '}","{'Str': 'D ', 'Dex': '- ', 'Int': '- ', 'Fai': '- ', 'Arc': '- '}",{'Any': '- '},"{'Phy': '74 ', 'Mag': '43 ', 'Fir': '31 ', 'Lit': '24 ', 'Hol': '45 ', 'Bst': '47.58 ', 'Rst': '21 '}"
692,Riveted Wooden Shield,Standard +16 ,"{'Phy': '138 ', 'Mag': '- ', 'Fir': '- ', 'Lit': '- ', 'Hol': '- ', 'Sta': '91 '}","{'Str': 'D ', 'Dex': '- ', 'Int': '- ', 'Fai': '- ', 'Arc': '- '}",{'Any': '- '},"{'Phy': '74 ', 'Mag': '43 ', 'Fir': '31 ', 'Lit': '24 ', 'Hol': '45 ', 'Bst': '47.97 ', 'Rst': '21 '}"
693,Riveted Wooden Shield,Standard +17 ,"{'Phy': '142 ', 'Mag': '- ', 'Fir': '- ', 'Lit': '- ', 'Hol': '- ', 'Sta': '94 '}","{'Str': 'D ', 'Dex': '- ', 'Int': '- ', 'Fai': '- ', 'Arc': '- '}",{'Any': '- '},"{'Phy': '74 ', 'Mag': '43 ', 'Fir': '31 ', 'Lit': '24 ', 'Hol': '45 ', 'Bst': '48.36 ', 'Rst': '21 '}"
694,Riveted Wooden Shield,Standard +18 ,"{'Phy': '147 ', 'Mag': '- ', 'Fir': '- ', 'Lit': '- ', 'Hol': '- ', 'Sta': '96 '}","{'Str': 'D ', 'Dex': '- ', 'Int': '- ', 'Fai': '- ', 'Arc': '- '}",{'Any': '- '},"{'Phy': '74 ', 'Mag': '43 ', 'Fir': '31 ', 'Lit': '24 ', 'Hol': '45 ', 'Bst': '48.75 ', 'Rst': '21 '}"
695,Riveted Wooden Shield,Standard +19 ,"{'Phy': '151 ', 'Mag': '- ', 'Fir': '- ', 'Lit': '- ', 'Hol': '- ', 'Sta': '98 '}","{'Str': 'D ', 'Dex': '- ', 'Int': '- ', 'Fai': '- ', 'Arc': '- '}",{'Any': '- '},"{'Phy': '74 ', 'Mag': '43 ', 'Fir': '31 ', 'Lit': '24 ', 'Hol': '45 ', 'Bst': '49.14 ', 'Rst': '21 '}"
696,Riveted Wooden Shield,Standard +20 ,"{'Phy': '155 ', 'Mag': '- ', 'Fir': '- ', 'Lit': '- ', 'Hol': '- ', 'Sta': '100 '}","{'Str': 'D ', 'Dex': '- ', 'Int': '- ', 'Fai': '- ', 'Arc': '- '}",{'Any': '- '},"{'Phy': '74 ', 'Mag': '43 ', 'Fir': '31 ', 'Lit': '24 ', 'Hol': '45 ', 'Bst': '49.53 ', 'Rst': '21 '}"
697,Riveted Wooden Shield,Standard +21 ,"{'Phy': '159 ', 'Mag': '- ', 'Fir': '- ', 'Lit': '- ', 'Hol': '- ', 'Sta': '103 '}","{'Str': 'D ', 'Dex': '- ', 'Int': '- ', 'Fai': '- ', 'Arc': '- '}",{'Any': '- '},"{'Phy': '74 ', 'Mag': '43 ', 'Fir': '31 ', 'Lit': '24 ', 'Hol': '45 ', 'Bst': '49.92 ', 'Rst': '21 '}"
698,Riveted Wooden Shield,Standard +22 ,"{'Phy': '163 ', 'Mag': '- ', 'Fir': '- ', 'Lit': '- ', 'Hol': '- ', 'Sta': '105 '}","{'Str': 'D ', 'Dex': '- ', 'Int': '- ', 'Fai': '- ', 'Arc': '- '}",{'Any': '- '},"{'Phy': '74 ', 'Mag': '43 ', 'Fir': '31 ', 'Lit': '24 ', 'Hol': '45 ', 'Bst': '50.31 ', 'Rst': '21 '}"
699,Riveted Wooden Shield,Standard +23 ,"{'Phy': '168 ', 'Mag': '- ', 'Fir': '- ', 'Lit': '- ', 'Hol': '- ', 'Sta': '107 '}","{'Str': 'D ', 'Dex': '- ', 'Int': '- ', 'Fai': '- ', 'Arc': '- '}",{'Any': '- '},"{'Phy': '74 ', 'Mag': '43 ', 'Fir': '31 ', 'Lit': '24 ', 'Hol': '45 ', 'Bst': '50.7 ', 'Rst': '21 '}"
700,Riveted Wooden Shield,Standard +24 ,"{'Phy': '172 ', 'Mag': '- ', 'Fir': '- ', 'Lit': '- ', 'Hol': '- ', 'Sta': '109 '}","{'Str': 'D ', 'Dex': '- ', 'Int': '- ', 'Fai': '- ', 'Arc': '- '}",{'Any': '- '},"{'Phy': '74 ', 'Mag': '43 ', 'Fir': '31 ', 'Lit': '24 ', 'Hol': '45 ', 'Bst': '51.09 ', 'Rst': '21 '}"
701,Riveted Wooden Shield,Standard +25 ,"{'Phy': '176 ', 'Mag': '- ', 'Fir': '- ', 'Lit': '- ', 'Hol': '- ', 'Sta': '112 '}","{'Str': 'D ', 'Dex': '- ', 'Int': '- ', 'Fai': '- ', 'Arc': '- '}",{'Any': '- '},"{'Phy': '74 ', 'Mag': '43 ', 'Fir': '31 ', 'Lit': '24 ', 'Hol': '45 ', 'Bst': '51.48 ', 'Rst': '21 '}"
1014,Blue-White Wooden Shield,Standard ,"{'Phy': '72 ', 'Mag': '- ', 'Fir': '- ', 'Lit': '- ', 'Hol': '- ', 'Sta': '56 '}","{'Str': 'E ', 'Dex': '- ', 'Int': '- ', 'Fai': '- ', 'Arc': '- '}",{'Any': '- '},"{'Phy': '73 ', 'Mag': '45 ', 'Fir': '35 ', 'Lit': '22 ', 'Hol': '42 ', 'Bst': '39 ', 'Rst': '21 '}"
1015,Blue-White Wooden Shield,Standard +1 ,"{'Phy': '76 ', 'Mag': '- ', 'Fir': '- ', 'Lit': '- ', 'Hol': '- ', 'Sta': '58 '}","{'Str': 'E ', 'Dex': '- ', 'Int': '- ', 'Fai': '- ', 'Arc': '- '}",{'Any': '- '},"{'Phy': '73 ', 'Mag': '45 ', 'Fir': '35 ', 'Lit': '22 ', 'Hol': '42 ', 'Bst': '39.78 ', 'Rst': '21 '}"
1016,Blue-White Wooden Shield,Standard +2 ,"{'Phy': '80 ', 'Mag': '- ', 'Fir': '- ', 'Lit': '- ', 'Hol': '- ', 'Sta': '60 '}","{'Str': 'D ', 'Dex': '- ', 'Int': '- ', 'Fai': '- ', 'Arc': '- '}",{'Any': '- '},"{'Phy': '73 ', 'Mag': '45 ', 'Fir': '35 ', 'Lit': '22 ', 'Hol': '42 ', 'Bst': '40.56 ', 'Rst': '21 '}"
1017,Blue-White Wooden Shield,Standard +3 ,"{'Phy': '84 ', 'Mag': '- ', 'Fir': '- ', 'Lit': '- ', 'Hol': '- ', 'Sta': '62 '}","{'Str': 'D ', 'Dex': '- ', 'Int': '- ', 'Fai': '- ', 'Arc': '- '}",{'Any': '- '},"{'Phy': '73 ', 'Mag': '45 ', 'Fir': '35 ', 'Lit': '22 ', 'Hol': '42 ', 'Bst': '41.34 ', 'Rst': '21 '}"
1018,Blue-White Wooden Shield,Standard +4 ,"{'Phy': '88 ', 'Mag': '- ', 'Fir': '- ', 'Lit': '- ', 'Hol': '- ', 'Sta': '64 '}","{'Str': 'D ', 'Dex': '- ', 'Int': '- ', 'Fai': '- ', 'Arc': '- '}",{'Any': '- '},"{'Phy': '73 ', 'Mag': '45 ', 'Fir': '35 ', 'Lit': '22 ', 'Hol': '42 ', 'Bst': '42.12 ', 'Rst': '21 '}"
1019,Blue-White Wooden Shield,Standard +5 ,"{'Phy': '92 ', 'Mag': '- ', 'Fir': '- ', 'Lit': '- ', 'Hol': '- ', 'Sta': '67 '}","{'Str': 'D ', 'Dex': '- ', 'Int': '- ', 'Fai': '- ', 'Arc': '- '}",{'Any': '- '},"{'Phy': '73 ', 'Mag': '45 ', 'Fir': '35 ', 'Lit': '22 ', 'Hol': '42 ', 'Bst': '42.9 ', 'Rst': '21 '}"
1020,Blue-White Wooden Shield,Standard +6 ,"{'Phy': '97 ', 'Mag': '- ', 'Fir': '- ', 'Lit': '- ', 'Hol': '- ', 'Sta': '69 '}","{'Str': 'D ', 'Dex': '- ', 'Int': '- ', 'Fai': '- ', 'Arc': '- '}",{'Any': '- '},"{'Phy': '73 ', 'Mag': '45 ', 'Fir': '35 ', 'Lit': '22 ', 'Hol': '42 ', 'Bst': '43.68 ', 'Rst': '21 '}"
1021,Blue-White Wooden Shield,Standard +7 ,"{'Phy': '101 ', 'Mag': '- ', 'Fir': '- ', 'Lit': '- ', 'Hol': '- ', 'Sta': '71 '}","{'Str': 'D ', 'Dex': '- ', 'Int': '- ', 'Fai': '- ', 'Arc': '- '}",{'Any': '- '},"{'Phy': '73 ', 'Mag': '45 ', 'Fir': '35 ', 'Lit': '22 ', 'Hol': '42 ', 'Bst': '44.46 ', 'Rst': '21 '}"
1022,Blue-White Wooden Shield,Standard +8 ,"{'Phy': '105 ', 'Mag': '- ', 'Fir': '- ', 'Lit': '- ', 'Hol': '- ', 'Sta': '73 '}","{'Str': 'D ', 'Dex': '- ', 'Int': '- ', 'Fai': '- ', 'Arc': '- '}",{'Any': '- '},"{'Phy': '73 ', 'Mag': '45 ', 'Fir': '35 ', 'Lit': '22 ', 'Hol': '42 ', 'Bst': '44.85 ', 'Rst': '21 '}"
1023,Blue-White Wooden Shield,Standard +9 ,"{'Phy': '109 ', 'Mag': '- ', 'Fir': '- ', 'Lit': '- ', 'Hol': '- ', 'Sta': '76 '}","{'Str': 'D ', 'Dex': '- ', 'Int': '- ', 'Fai': '- ', 'Arc': '- '}",{'Any': '- '},"{'Phy': '73 ', 'Mag': '45 ', 'Fir': '35 ', 'Lit': '22 ', 'Hol': '42 ', 'Bst': '45.24 ', 'Rst': '21 '}"
1024,Blue-White Wooden Shield,Standard +10 ,"{'Phy': '113 ', 'Mag': '- ', 'Fir': '- ', 'Lit': '- ', 'Hol': '- ', 'Sta': '78 '}","{'Str': 'D ', 'Dex': '- ', 'Int': '- ', 'Fai': '- ', 'Arc': '- '}",{'Any': '- '},"{'Phy': '73 ', 'Mag': '45 ', 'Fir': '35 ', 'Lit': '22 ', 'Hol': '42 ', 'Bst': '45.63 ', 'Rst': '21 '}"
1025,Blue-White Wooden Shield,Standard +11 ,"{'Phy': '117 ', 'Mag': '- ', 'Fir': '- ', 'Lit': '- ', 'Hol': '- ', 'Sta': '80 '}","{'Str': 'D ', 'Dex': '- ', 'Int': '- ', 'Fai': '- ', 'Arc': '- '}",{'Any': '- '},"{'Phy': '73 ', 'Mag': '45 ', 'Fir': '35 ', 'Lit': '22 ', 'Hol': '42 ', 'Bst': '46.02 ', 'Rst': '21 '}"
1026,Blue-White Wooden Shield,Standard +12 ,"{'Phy': '122 ', 'Mag': '- ', 'Fir': '- ', 'Lit': '- ', 'Hol': '- ', 'Sta': '82 '}","{'Str': 'D ', 'Dex': '- ', 'Int': '- ', 'Fai': '- ', 'Arc': '- '}",{'Any': '- '},"{'Phy': '73 ', 'Mag': '45 ', 'Fir': '35 ', 'Lit': '22 ', 'Hol': '42 ', 'Bst': '46.41 ', 'Rst': '21 '}"
1027,Blue-White Wooden Shield,Standard +13 ,"{'Phy': '126 ', 'Mag': '- ', 'Fir': '- ', 'Lit': '- ', 'Hol': '- ', 'Sta': '85 '}","{'Str': 'D ', 'Dex': '- ', 'Int': '- ', 'Fai': '- ', 'Arc': '- '}",{'Any': '- '},"{'Phy': '73 ', 'Mag': '45 ', 'Fir': '35 ', 'Lit': '22 ', 'Hol': '42 ', 'Bst': '46.8 ', 'Rst': '21 '}"
1028,Blue-White Wooden Shield,Standard +14 ,"{'Phy': '130 ', 'Mag': '- ', 'Fir': '- ', 'Lit': '- ', 'Hol': '- ', 'Sta': '87 '}","{'Str': 'D ', 'Dex': '- ', 'Int': '- ', 'Fai': '- ', 'Arc': '- '}",{'Any': '- '},"{'Phy': '73 ', 'Mag': '45 ', 'Fir': '35 ', 'Lit': '22 ', 'Hol': '42 ', 'Bst': '47.19 ', 'Rst': '21 '}"
1029,Blue-White Wooden Shield,Standard +15 ,"{'Phy': '134 ', 'Mag': '- ', 'Fir': '- ', 'Lit': '- ', 'Hol': '- ', 'Sta': '89 '}","{'Str': 'D ', 'Dex': '- ', 'Int': '- ', 'Fai': '- ', 'Arc': '- '}",{'Any': '- '},"{'Phy': '73 ', 'Mag': '45 ', 'Fir': '35 ', 'Lit': '22 ', 'Hol': '42 ', 'Bst': '47.58 ', 'Rst': '21 '}"
1030,Blue-White Wooden Shield,Standard +16 ,"{'Phy': '138 ', 'Mag': '- ', 'Fir': '- ', 'Lit': '- ', 'Hol': '- ', 'Sta': '91 '}","{'Str': 'D ', 'Dex': '- ', 'Int': '- ', 'Fai': '- ', 'Arc': '- '}",{'Any': '- '},"{'Phy': '73 ', 'Mag': '45 ', 'Fir': '35 ', 'Lit': '22 ', 'Hol': '42 ', 'Bst': '47.97 ', 'Rst': '21 '}"
1031,Blue-White Wooden Shield,Standard +17 ,"{'Phy': '142 ', 'Mag': '- ', 'Fir': '- ', 'Lit': '- ', 'Hol': '- ', 'Sta': '94 '}","{'Str': 'D ', 'Dex': '- ', 'Int': '- ', 'Fai': '- ', 'Arc': '- '}",{'Any': '- '},"{'Phy': '73 ', 'Mag': '45 ', 'Fir': '35 ', 'Lit': '22 ', 'Hol': '42 ', 'Bst': '48.36 ', 'Rst': '21 '}"
1032,Blue-White Wooden Shield,Standard +18 ,"{'Phy': '147 ', 'Mag': '- ', 'Fir': '- ', 'Lit': '- ', 'Hol': '- ', 'Sta': '96 '}","{'Str': 'D ', 'Dex': '- ', 'Int': '- ', 'Fai': '- ', 'Arc': '- '}",{'Any': '- '},"{'Phy': '73 ', 'Mag': '45 ', 'Fir': '35 ', 'Lit': '22 ', 'Hol': '42 ', 'Bst': '48.75 ', 'Rst': '21 '}"
1033,Blue-White Wooden Shield,Standard +19 ,"{'Phy': '151 ', 'Mag': '- ', 'Fir': '- ', 'Lit': '- ', 'Hol': '- ', 'Sta': '98 '}","{'Str': 'D ', 'Dex': '- ', 'Int': '- ', 'Fai': '- ', 'Arc': '- '}",{'Any': '- '},"{'Phy': '73 ', 'Mag': '45 ', 'Fir': '35 ', 'Lit': '22 ', 'Hol': '42 ', 'Bst': '49.14 ', 'Rst': '21 '}"
1034,Blue-White Wooden Shield,Standard +20 ,"{'Phy': '155 ', 'Mag': '- ', 'Fir': '- ', 'Lit': '- ', 'Hol': '- ', 'Sta': '100 '}","{'Str': 'D ', 'Dex': '- ', 'Int': '- ', 'Fai': '- ', 'Arc': '- '}",{'Any': '- '},"{'Phy': '73 ', 'Mag': '45 ', 'Fir': '35 ', 'Lit': '22 ', 'Hol': '42 ', 'Bst': '49.53 ', 'Rst': '21 '}"
1035,Blue-White Wooden Shield,Standard +21 ,"{'Phy': '159 ', 'Mag': '- ', 'Fir': '- ', 'Lit': '- ', 'Hol': '- ', 'Sta': '103 '}","{'Str': 'D ', 'Dex': '- ', 'Int': '- ', 'Fai': '- ', 'Arc': '- '}",{'Any': '- '},"{'Phy': '73 ', 'Mag': '45 ', 'Fir': '35 ', 'Lit': '22 ', 'Hol': '42 ', 'Bst': '49.92 ', 'Rst': '21 '}"
1036,Blue-White Wooden Shield,Standard +22 ,"{'Phy': '163 ', 'Mag': '- ', 'Fir': '- ', 'Lit': '- ', 'Hol': '- ', 'Sta': '105 '}","{'Str': 'D ', 'Dex': '- ', 'Int': '- ', 'Fai': '- ', 'Arc': '- '}",{'Any': '- '},"{'Phy': '73 ', 'Mag': '45 ', 'Fir': '35 ', 'Lit': '22 ', 'Hol': '42 ', 'Bst': '50.31 ', 'Rst': '21 '}"
1037,Blue-White Wooden Shield,Standard +23 ,"{'Phy': '168 ', 'Mag': '- ', 'Fir': '- ', 'Lit': '- ', 'Hol': '- ', 'Sta': '107 '}","{'Str': 'D ', 'Dex': '- ', 'Int': '- ', 'Fai': '- ', 'Arc': '- '}",{'Any': '- '},"{'Phy': '73 ', 'Mag': '45 ', 'Fir': '35 ', 'Lit': '22 ', 'Hol': '42 ', 'Bst': '50.7 ', 'Rst': '21 '}"
1038,Blue-White Wooden Shield,Standard +24 ,"{'Phy': '172 ', 'Mag': '- ', 'Fir': '- ', 'Lit': '- ', 'Hol': '- ', 'Sta': '109 '}","{'Str': 'D ', 'Dex': '- ', 'Int': '- ', 'Fai': '- ', 'Arc': '- '}",{'Any': '- '},"{'Phy': '73 ', 'Mag': '45 ', 'Fir': '35 ', 'Lit': '22 ', 'Hol': '42 ', 'Bst': '51.09 ', 'Rst': '21 '}"
1039,Blue-White Wooden Shield,Standard +25 ,"{'Phy': '176 ', 'Mag': '- ', 'Fir': '- ', 'Lit': '- ', 'Hol': '- ', 'Sta': '112 '}","{'Str': 'D ', 'Dex': '- ', 'Int': '- ', 'Fai': '- ', 'Arc': '- '}",{'Any': '- '},"{'Phy': '73 ', 'Mag': '45 ', 'Fir': '35 ', 'Lit': '22 ', 'Hol': '42 ', 'Bst': '51.48 ', 'Rst': '21 '}"
1352,Scripture Wooden Shield,Standard ,"{'Phy': '70 ', 'Mag': '- ', 'Fir': '- ', 'Lit': '- ', 'Hol': '- ', 'Sta': '54 '}","{'Str': 'E ', 'Dex': '- ', 'Int': '- ', 'Fai': '- ', 'Arc': '- '}",{'Any': '- '},"{'Phy': '70 ', 'Mag': '40 ', 'Fir': '22 ', 'Lit': '37 ', 'Hol': '45 ', 'Bst': '38 ', 'Rst': '20 '}"
1353,Scripture Wooden Shield,Standard +1 ,"{'Phy': '74 ', 'Mag': '- ', 'Fir': '- ', 'Lit': '- ', 'Hol': '- ', 'Sta': '56 '}","{'Str': 'E ', 'Dex': '- ', 'Int': '- ', 'Fai': '- ', 'Arc': '- '}",{'Any': '- '},"{'Phy': '70 ', 'Mag': '40 ', 'Fir': '22 ', 'Lit': '37 ', 'Hol': '45 ', 'Bst': '38.76 ', 'Rst': '20 '}"
1354,Scripture Wooden Shield,Standard +2 ,"{'Phy': '78 ', 'Mag': '- ', 'Fir': '- ', 'Lit': '- ', 'Hol': '- ', 'Sta': '58 '}","{'Str': 'D ', 'Dex': '- ', 'Int': '- ', 'Fai': '- ', 'Arc': '- '}",{'Any': '- '},"{'Phy': '70 ', 'Mag': '40 ', 'Fir': '22 ', 'Lit': '37 ', 'Hol': '45 ', 'Bst': '39.52 ', 'Rst': '20 '}"
1355,Scripture Wooden Shield,Standard +3 ,"{'Phy': '82 ', 'Mag': '- ', 'Fir': '- ', 'Lit': '- ', 'Hol': '- ', 'Sta': '60 '}","{'Str': 'D ', 'Dex': '- ', 'Int': '- ', 'Fai': '- ', 'Arc': '- '}",{'Any': '- '},"{'Phy': '70 ', 'Mag': '40 ', 'Fir': '22 ', 'Lit': '37 ', 'Hol': '45 ', 'Bst': '40.28 ', 'Rst': '20 '}"
1356,Scripture Wooden Shield,Standard +4 ,"{'Phy': '86 ', 'Mag': '- ', 'Fir': '- ', 'Lit': '- ', 'Hol': '- ', 'Sta': '62 '}","{'Str': 'D ', 'Dex': '- ', 'Int': '- ', 'Fai': '- ', 'Arc': '- '}",{'Any': '- '},"{'Phy': '70 ', 'Mag': '40 ', 'Fir': '22 ', 'Lit': '37 ', 'Hol': '45 ', 'Bst': '41.04 ', 'Rst': '20 '}"
1357,Scripture Wooden Shield,Standard +5 ,"{'Phy': '90 ', 'Mag': '- ', 'Fir': '- ', 'Lit': '- ', 'Hol': '- ', 'Sta': '64 '}","{'Str': 'D ', 'Dex': '- ', 'Int': '- ', 'Fai': '- ', 'Arc': '- '}",{'Any': '- '},"{'Phy': '70 ', 'Mag': '40 ', 'Fir': '22 ', 'Lit': '37 ', 'Hol': '45 ', 'Bst': '41.8 ', 'Rst': '20 '}"
1358,Scripture Wooden Shield,Standard +6 ,"{'Phy': '94 ', 'Mag': '- ', 'Fir': '- ', 'Lit': '- ', 'Hol': '- ', 'Sta': '66 '}","{'Str': 'D ', 'Dex': '- ', 'Int': '- ', 'Fai': '- ', 'Arc': '- '}",{'Any': '- '},"{'Phy': '70 ', 'Mag': '40 ', 'Fir': '22 ', 'Lit': '37 ', 'Hol': '45 ', 'Bst': '42.56 ', 'Rst': '20 '}"
1359,Scripture Wooden Shield,Standard +7 ,"{'Phy': '98 ', 'Mag': '- ', 'Fir': '- ', 'Lit': '- ', 'Hol': '- ', 'Sta': '69 '}","{'Str': 'D ', 'Dex': '- ', 'Int': '- ', 'Fai': '- ', 'Arc': '- '}",{'Any': '- '},"{'Phy': '70 ', 'Mag': '40 ', 'Fir': '22 ', 'Lit': '37 ', 'Hol': '45 ', 'Bst': '43.32 ', 'Rst': '20 '}"
1360,Scripture Wooden Shield,Standard +8 ,"{'Phy': '102 ', 'Mag': '- ', 'Fir': '- ', 'Lit': '- ', 'Hol': '- ', 'Sta': '71 '}","{'Str': 'D ', 'Dex': '- ', 'Int': '- ', 'Fai': '- ', 'Arc': '- '}",{'Any': '- '},"{'Phy': '70 ', 'Mag': '40 ', 'Fir': '22 ', 'Lit': '37 ', 'Hol': '45 ', 'Bst': '43.7 ', 'Rst': '20 '}"
1361,Scripture Wooden Shield,Standard +9 ,"{'Phy': '106 ', 'Mag': '- ', 'Fir': '- ', 'Lit': '- ', 'Hol': '- ', 'Sta': '73 '}","{'Str': 'D ', 'Dex': '- ', 'Int': '- ', 'Fai': '- ', 'Arc': '- '}",{'Any': '- '},"{'Phy': '70 ', 'Mag': '40 ', 'Fir': '22 ', 'Lit': '37 ', 'Hol': '45 ', 'Bst': '44.08 ', 'Rst': '20 '}"
1362,Scripture Wooden Shield,Standard +10 ,"{'Phy': '110 ', 'Mag': '- ', 'Fir': '- ', 'Lit': '- ', 'Hol': '- ', 'Sta': '75 '}","{'Str': 'D ', 'Dex': '- ', 'Int': '- ', 'Fai': '- ', 'Arc': '- '}",{'Any': '- '},"{'Phy': '70 ', 'Mag': '40 ', 'Fir': '22 ', 'Lit': '37 ', 'Hol': '45 ', 'Bst': '44.46 ', 'Rst': '20 '}"
1363,Scripture Wooden Shield,Standard +11 ,"{'Phy': '114 ', 'Mag': '- ', 'Fir': '- ', 'Lit': '- ', 'Hol': '- ', 'Sta': '77 '}","{'Str': 'D ', 'Dex': '- ', 'Int': '- ', 'Fai': '- ', 'Arc': '- '}",{'Any': '- '},"{'Phy': '70 ', 'Mag': '40 ', 'Fir': '22 ', 'Lit': '37 ', 'Hol': '45 ', 'Bst': '44.84 ', 'Rst': '20 '}"
1364,Scripture Wooden Shield,Standard +12 ,"{'Phy': '118 ', 'Mag': '- ', 'Fir': '- ', 'Lit': '- ', 'Hol': '- ', 'Sta': '79 '}","{'Str': 'D ', 'Dex': '- ', 'Int': '- ', 'Fai': '- ', 'Arc': '- '}",{'Any': '- '},"{'Phy': '70 ', 'Mag': '40 ', 'Fir': '22 ', 'Lit': '37 ', 'Hol': '45 ', 'Bst': '45.22 ', 'Rst': '20 '}"
1365,Scripture Wooden Shield,Standard +13 ,"{'Phy': '122 ', 'Mag': '- ', 'Fir': '- ', 'Lit': '- ', 'Hol': '- ', 'Sta': '82 '}","{'Str': 'D ', 'Dex': '- ', 'Int': '- ', 'Fai': '- ', 'Arc': '- '}",{'Any': '- '},"{'Phy': '70 ', 'Mag': '40 ', 'Fir': '22 ', 'Lit': '37 ', 'Hol': '45 ', 'Bst': '45.6 ', 'Rst': '20 '}"
1366,Scripture Wooden Shield,Standard +14 ,"{'Phy': '126 ', 'Mag': '- ', 'Fir': '- ', 'Lit': '- ', 'Hol': '- ', 'Sta': '84 '}","{'Str': 'D ', 'Dex': '- ', 'Int': '- ', 'Fai': '- ', 'Arc': '- '}",{'Any': '- '},"{'Phy': '70 ', 'Mag': '40 ', 'Fir': '22 ', 'Lit': '37 ', 'Hol': '45 ', 'Bst': '45.98 ', 'Rst': '20 '}"
1367,Scripture Wooden Shield,Standard +15 ,"{'Phy': '130 ', 'Mag': '- ', 'Fir': '- ', 'Lit': '- ', 'Hol': '- ', 'Sta': '86 '}","{'Str': 'D ', 'Dex': '- ', 'Int': '- ', 'Fai': '- ', 'Arc': '- '}",{'Any': '- '},"{'Phy': '70 ', 'Mag': '40 ', 'Fir': '22 ', 'Lit': '37 ', 'Hol': '45 ', 'Bst': '46.36 ', 'Rst': '20 '}"
1368,Scripture Wooden Shield,Standard +16 ,"{'Phy': '134 ', 'Mag': '- ', 'Fir': '- ', 'Lit': '- ', 'Hol': '- ', 'Sta': '88 '}","{'Str': 'D ', 'Dex': '- ', 'Int': '- ', 'Fai': '- ', 'Arc': '- '}",{'Any': '- '},"{'Phy': '70 ', 'Mag': '40 ', 'Fir': '22 ', 'Lit': '37 ', 'Hol': '45 ', 'Bst': '46.74 ', 'Rst': '20 '}"
1369,Scripture Wooden Shield,Standard +17 ,"{'Phy': '139 ', 'Mag': '- ', 'Fir': '- ', 'Lit': '- ', 'Hol': '- ', 'Sta': '90 '}","{'Str': 'D ', 'Dex': '- ', 'Int': '- ', 'Fai': '- ', 'Arc': '- '}",{'Any': '- '},"{'Phy': '70 ', 'Mag': '40 ', 'Fir': '22 ', 'Lit': '37 ', 'Hol': '45 ', 'Bst': '47.12 ', 'Rst': '20 '}"
1370,Scripture Wooden Shield,Standard +18 ,"{'Phy': '143 ', 'Mag': '- ', 'Fir': '- ', 'Lit': '- ', 'Hol': '- ', 'Sta': '92 '}","{'Str': 'D ', 'Dex': '- ', 'Int': '- ', 'Fai': '- ', 'Arc': '- '}",{'Any': '- '},"{'Phy': '70 ', 'Mag': '40 ', 'Fir': '22 ', 'Lit': '37 ', 'Hol': '45 ', 'Bst': '47.5 ', 'Rst': '20 '}"
1371,Scripture Wooden Shield,Standard +19 ,"{'Phy': '147 ', 'Mag': '- ', 'Fir': '- ', 'Lit': '- ', 'Hol': '- ', 'Sta': '95 '}","{'Str': 'D ', 'Dex': '- ', 'Int': '- ', 'Fai': '- ', 'Arc': '- '}",{'Any': '- '},"{'Phy': '70 ', 'Mag': '40 ', 'Fir': '22 ', 'Lit': '37 ', 'Hol': '45 ', 'Bst': '47.88 ', 'Rst': '20 '}"
1372,Scripture Wooden Shield,Standard +20 ,"{'Phy': '151 ', 'Mag': '- ', 'Fir': '- ', 'Lit': '- ', 'Hol': '- ', 'Sta': '97 '}","{'Str': 'D ', 'Dex': '- ', 'Int': '- ', 'Fai': '- ', 'Arc': '- '}",{'Any': '- '},"{'Phy': '70 ', 'Mag': '40 ', 'Fir': '22 ', 'Lit': '37 ', 'Hol': '45 ', 'Bst': '48.26 ', 'Rst': '20 '}"
1373,Scripture Wooden Shield,Standard +21 ,"{'Phy': '155 ', 'Mag': '- ', 'Fir': '- ', 'Lit': '- ', 'Hol': '- ', 'Sta': '99 '}","{'Str': 'D ', 'Dex': '- ', 'Int': '- ', 'Fai': '- ', 'Arc': '- '}",{'Any': '- '},"{'Phy': '70 ', 'Mag': '40 ', 'Fir': '22 ', 'Lit': '37 ', 'Hol': '45 ', 'Bst': '48.64 ', 'Rst': '20 '}"
1374,Scripture Wooden Shield,Standard +22 ,"{'Phy': '159 ', 'Mag': '- ', 'Fir': '- ', 'Lit': '- ', 'Hol': '- ', 'Sta': '101 '}","{'Str': 'D ', 'Dex': '- ', 'Int': '- ', 'Fai': '- ', 'Arc': '- '}",{'Any': '- '},"{'Phy': '70 ', 'Mag': '40 ', 'Fir': '22 ', 'Lit': '37 ', 'Hol': '45 ', 'Bst': '49.02 ', 'Rst': '20 '}"
1375,Scripture Wooden Shield,Standard +23 ,"{'Phy': '163 ', 'Mag': '- ', 'Fir': '- ', 'Lit': '- ', 'Hol': '- ', 'Sta': '103 '}","{'Str': 'D ', 'Dex': '- ', 'Int': '- ', 'Fai': '- ', 'Arc': '- '}",{'Any': '- '},"{'Phy': '70 ', 'Mag': '40 ', 'Fir': '22 ', 'Lit': '37 ', 'Hol': '45 ', 'Bst': '49.4 ', 'Rst': '20 '}"
1376,Scripture Wooden Shield,Standard +24 ,"{'Phy': '167 ', 'Mag': '- ', 'Fir': '- ', 'Lit': '- ', 'Hol': '- ', 'Sta': '105 '}","{'Str': 'D ', 'Dex': '- ', 'Int': '- ', 'Fai': '- ', 'Arc': '- '}",{'Any': '- '},"{'Phy': '70 ', 'Mag': '40 ', 'Fir': '22 ', 'Lit': '37 ', 'Hol': '45 ', 'Bst': '49.78 ', 'Rst': '20 '}"
1377,Scripture Wooden Shield,Standard +25 ,"{'Phy': '171 ', 'Mag': '- ', 'Fir': '- ', 'Lit': '- ', 'Hol': '- ', 'Sta': '108 '}","{'Str': 'D ', 'Dex': '- ', 'Int': '- ', 'Fai': '- ', 'Arc': '- '}",{'Any': '- '},"{'Phy': '70 ', 'Mag': '40 ', 'Fir': '22 ', 'Lit': '37 ', 'Hol': '45 ', 'Bst': '50.16 ', 'Rst': '20 '}"
1690,Rickety Shield,Standard ,"{'Phy': '70 ', 'Mag': '- ', 'Fir': '- ', 'Lit': '- ', 'Hol': '- ', 'Sta': '54 '}","{'Str': 'E ', 'Dex': '- ', 'Int': '- ', 'Fai': '- ', 'Arc': '- '}",{'Any': '- '},"{'Phy': '61 ', 'Mag': '29 ', 'Fir': '24 ', 'Lit': '34 ', 'Hol': '34 ', 'Bst': '37 ', 'Rst': '20 '}"
1691,Rickety Shield,Standard +1 ,"{'Phy': '74 ', 'Mag': '- ', 'Fir': '- ', 'Lit': '- ', 'Hol': '- ', 'Sta': '56 '}","{'Str': 'E ', 'Dex': '- ', 'Int': '- ', 'Fai': '- ', 'Arc': '- '}",{'Any': '- '},"{'Phy': '61 ', 'Mag': '29 ', 'Fir': '24 ', 'Lit': '34 ', 'Hol': '34 ', 'Bst': '37.74 ', 'Rst': '20 '}"
1692,Rickety Shield,Standard +2 ,"{'Phy': '78 ', 'Mag': '- ', 'Fir': '- ', 'Lit': '- ', 'Hol': '- ', 'Sta': '58 '}","{'Str': 'D ', 'Dex': '- ', 'Int': '- ', 'Fai': '- ', 'Arc': '- '}",{'Any': '- '},"{'Phy': '61 ', 'Mag': '29 ', 'Fir': '24 ', 'Lit': '34 ', 'Hol': '34 ', 'Bst': '38.48 ', 'Rst': '20 '}"
1693,Rickety Shield,Standard +3 ,"{'Phy': '82 ', 'Mag': '- ', 'Fir': '- ', 'Lit': '- ', 'Hol': '- ', 'Sta': '60 '}","{'Str': 'D ', 'Dex': '- ', 'Int': '- ', 'Fai': '- ', 'Arc': '- '}",{'Any': '- '},"{'Phy': '61 ', 'Mag': '29 ', 'Fir': '24 ', 'Lit': '34 ', 'Hol': '34 ', 'Bst': '39.22 ', 'Rst': '20 '}"
1694,Rickety Shield,Standard +4 ,"{'Phy': '86 ', 'Mag': '- ', 'Fir': '- ', 'Lit': '- ', 'Hol': '- ', 'Sta': '62 '}","{'Str': 'D ', 'Dex': '- ', 'Int': '- ', 'Fai': '- ', 'Arc': '- '}",{'Any': '- '},"{'Phy': '61 ', 'Mag': '29 ', 'Fir': '24 ', 'Lit': '34 ', 'Hol': '34 ', 'Bst': '39.96 ', 'Rst': '20 '}"
1695,Rickety Shield,Standard +5 ,"{'Phy': '90 ', 'Mag': '- ', 'Fir': '- ', 'Lit': '- ', 'Hol': '- ', 'Sta': '64 '}","{'Str': 'D ', 'Dex': '- ', 'Int': '- ', 'Fai': '- ', 'Arc': '- '}",{'Any': '- '},"{'Phy': '61 ', 'Mag': '29 ', 'Fir': '24 ', 'Lit': '34 ', 'Hol': '34 ', 'Bst': '40.7 ', 'Rst': '20 '}"
1696,Rickety Shield,Standard +6 ,"{'Phy': '94 ', 'Mag': '- ', 'Fir': '- ', 'Lit': '- ', 'Hol': '- ', 'Sta': '66 '}","{'Str': 'D ', 'Dex': '- ', 'Int': '- ', 'Fai': '- ', 'Arc': '- '}",{'Any': '- '},"{'Phy': '61 ', 'Mag': '29 ', 'Fir': '24 ', 'Lit': '34 ', 'Hol': '34 ', 'Bst': '41.44 ', 'Rst': '20 '}"
1697,Rickety Shield,Standard +7 ,"{'Phy': '98 ', 'Mag': '- ', 'Fir': '- ', 'Lit': '- ', 'Hol': '- ', 'Sta': '69 '}","{'Str': 'D ', 'Dex': '- ', 'Int': '- ', 'Fai': '- ', 'Arc': '- '}",{'Any': '- '},"{'Phy': '61 ', 'Mag': '29 ', 'Fir': '24 ', 'Lit': '34 ', 'Hol': '34 ', 'Bst': '42.18 ', 'Rst': '20 '}"
1698,Rickety Shield,Standard +8 ,"{'Phy': '102 ', 'Mag': '- ', 'Fir': '- ', 'Lit': '- ', 'Hol': '- ', 'Sta': '71 '}","{'Str': 'D ', 'Dex': '- ', 'Int': '- ', 'Fai': '- ', 'Arc': '- '}",{'Any': '- '},"{'Phy': '61 ', 'Mag': '29 ', 'Fir': '24 ', 'Lit': '34 ', 'Hol': '34 ', 'Bst': '42.55 ', 'Rst': '20 '}"
1699,Rickety Shield,Standard +9 ,"{'Phy': '106 ', 'Mag': '- ', 'Fir': '- ', 'Lit': '- ', 'Hol': '- ', 'Sta': '73 '}","{'Str': 'D ', 'Dex': '- ', 'Int': '- ', 'Fai': '- ', 'Arc': '- '}",{'Any': '- '},"{'Phy': '61 ', 'Mag': '29 ', 'Fir': '24 ', 'Lit': '34 ', 'Hol': '34 ', 'Bst': '42.92 ', 'Rst': '20 '}"
1700,Rickety Shield,Standard +10 ,"{'Phy': '110 ', 'Mag': '- ', 'Fir': '- ', 'Lit': '- ', 'Hol': '- ', 'Sta': '75 '}","{'Str': 'D ', 'Dex': '- ', 'Int': '- ', 'Fai': '- ', 'Arc': '- '}",{'Any': '- '},"{'Phy': '61 ', 'Mag': '29 ', 'Fir': '24 ', 'Lit': '34 ', 'Hol': '34 ', 'Bst': '43.29 ', 'Rst': '20 '}"
1701,Rickety Shield,Standard +11 ,"{'Phy': '114 ', 'Mag': '- ', 'Fir': '- ', 'Lit': '- ', 'Hol': '- ', 'Sta': '77 '}","{'Str': 'D ', 'Dex': '- ', 'Int': '- ', 'Fai': '- ', 'Arc': '- '}",{'Any': '- '},"{'Phy': '61 ', 'Mag': '29 ', 'Fir': '24 ', 'Lit': '34 ', 'Hol': '34 ', 'Bst': '43.66 ', 'Rst': '20 '}"
1702,Rickety Shield,Standard +12 ,"{'Phy': '118 ', 'Mag': '- ', 'Fir': '- ', 'Lit': '- ', 'Hol': '- ', 'Sta': '79 '}","{'Str': 'D ', 'Dex': '- ', 'Int': '- ', 'Fai': '- ', 'Arc': '- '}",{'Any': '- '},"{'Phy': '61 ', 'Mag': '29 ', 'Fir': '24 ', 'Lit': '34 ', 'Hol': '34 ', 'Bst': '44.03 ', 'Rst': '20 '}"
1703,Rickety Shield,Standard +13 ,"{'Phy': '122 ', 'Mag': '- ', 'Fir': '- ', 'Lit': '- ', 'Hol': '- ', 'Sta': '82 '}","{'Str': 'D ', 'Dex': '- ', 'Int': '- ', 'Fai': '- ', 'Arc': '- '}",{'Any': '- '},"{'Phy': '61 ', 'Mag': '29 ', 'Fir': '24 ', 'Lit': '34 ', 'Hol': '34 ', 'Bst': '44.4 ', 'Rst': '20 '}"
1704,Rickety Shield,Standard +14 ,"{'Phy': '126 ', 'Mag': '- ', 'Fir': '- ', 'Lit': '- ', 'Hol': '- ', 'Sta': '84 '}","{'Str': 'D ', 'Dex': '- ', 'Int': '- ', 'Fai': '- ', 'Arc': '- '}",{'Any': '- '},"{'Phy': '61 ', 'Mag': '29 ', 'Fir': '24 ', 'Lit': '34 ', 'Hol': '34 ', 'Bst': '44.77 ', 'Rst': '20 '}"
1705,Rickety Shield,Standard +15 ,"{'Phy': '130 ', 'Mag': '- ', 'Fir': '- ', 'Lit': '- ', 'Hol': '- ', 'Sta': '86 '}","{'Str': 'D ', 'Dex': '- ', 'Int': '- ', 'Fai': '- ', 'Arc': '- '}",{'Any': '- '},"{'Phy': '61 ', 'Mag': '29 ', 'Fir': '24 ', 'Lit': '34 ', 'Hol': '34 ', 'Bst': '45.14 ', 'Rst': '20 '}"
1706,Rickety Shield,Standard +16 ,"{'Phy': '134 ', 'Mag': '- ', 'Fir': '- ', 'Lit': '- ', 'Hol': '- ', 'Sta': '88 '}","{'Str': 'D ', 'Dex': '- ', 'Int': '- ', 'Fai': '- ', 'Arc': '- '}",{'Any': '- '},"{'Phy': '61 ', 'Mag': '29 ', 'Fir': '24 ', 'Lit': '34 ', 'Hol': '34 ', 'Bst': '45.51 ', 'Rst': '20 '}"
1707,Rickety Shield,Standard +17 ,"{'Phy': '139 ', 'Mag': '- ', 'Fir': '- ', 'Lit': '- ', 'Hol': '- ', 'Sta': '90 '}","{'Str': 'D ', 'Dex': '- ', 'Int': '- ', 'Fai': '- ', 'Arc': '- '}",{'Any': '- '},"{'Phy': '61 ', 'Mag': '29 ', 'Fir': '24 ', 'Lit': '34 ', 'Hol': '34 ', 'Bst': '45.88 ', 'Rst': '20 '}"
1708,Rickety Shield,Standard +18 ,"{'Phy': '143 ', 'Mag': '- ', 'Fir': '- ', 'Lit': '- ', 'Hol': '- ', 'Sta': '92 '}","{'Str': 'D ', 'Dex': '- ', 'Int': '- ', 'Fai': '- ', 'Arc': '- '}",{'Any': '- '},"{'Phy': '61 ', 'Mag': '29 ', 'Fir': '24 ', 'Lit': '34 ', 'Hol': '34 ', 'Bst': '46.25 ', 'Rst': '20 '}"
1709,Rickety Shield,Standard +19 ,"{'Phy': '147 ', 'Mag': '- ', 'Fir': '- ', 'Lit': '- ', 'Hol': '- ', 'Sta': '95 '}","{'Str': 'D ', 'Dex': '- ', 'Int': '- ', 'Fai': '- ', 'Arc': '- '}",{'Any': '- '},"{'Phy': '61 ', 'Mag': '29 ', 'Fir': '24 ', 'Lit': '34 ', 'Hol': '34 ', 'Bst': '46.62 ', 'Rst': '20 '}"
1710,Rickety Shield,Standard +20 ,"{'Phy': '151 ', 'Mag': '- ', 'Fir': '- ', 'Lit': '- ', 'Hol': '- ', 'Sta': '97 '}","{'Str': 'D ', 'Dex': '- ', 'Int': '- ', 'Fai': '- ', 'Arc': '- '}",{'Any': '- '},"{'Phy': '61 ', 'Mag': '29 ', 'Fir': '24 ', 'Lit': '34 ', 'Hol': '34 ', 'Bst': '46.99 ', 'Rst': '20 '}"
1711,Rickety Shield,Standard +21 ,"{'Phy': '155 ', 'Mag': '- ', 'Fir': '- ', 'Lit': '- ', 'Hol': '- ', 'Sta': '99 '}","{'Str': 'D ', 'Dex': '- ', 'Int': '- ', 'Fai': '- ', 'Arc': '- '}",{'Any': '- '},"{'Phy': '61 ', 'Mag': '29 ', 'Fir': '24 ', 'Lit': '34 ', 'Hol': '34 ', 'Bst': '47.36 ', 'Rst': '20 '}"
1712,Rickety Shield,Standard +22 ,"{'Phy': '159 ', 'Mag': '- ', 'Fir': '- ', 'Lit': '- ', 'Hol': '- ', 'Sta': '101 '}","{'Str': 'D ', 'Dex': '- ', 'Int': '- ', 'Fai': '- ', 'Arc': '- '}",{'Any': '- '},"{'Phy': '61 ', 'Mag': '29 ', 'Fir': '24 ', 'Lit': '34 ', 'Hol': '34 ', 'Bst': '47.73 ', 'Rst': '20 '}"
1713,Rickety Shield,Standard +23 ,"{'Phy': '163 ', 'Mag': '- ', 'Fir': '- ', 'Lit': '- ', 'Hol': '- ', 'Sta': '103 '}","{'Str': 'D ', 'Dex': '- ', 'Int': '- ', 'Fai': '- ', 'Arc': '- '}",{'Any': '- '},"{'Phy': '61 ', 'Mag': '29 ', 'Fir': '24 ', 'Lit': '34 ', 'Hol': '34 ', 'Bst': '48.1 ', 'Rst': '20 '}"
1714,Rickety Shield,Standard +24 ,"{'Phy': '167 ', 'Mag': '- ', 'Fir': '- ', 'Lit': '- ', 'Hol': '- ', 'Sta': '105 '}","{'Str': 'D ', 'Dex': '- ', 'Int': '- ', 'Fai': '- ', 'Arc': '- '}",{'Any': '- '},"{'Phy': '61 ', 'Mag': '29 ', 'Fir': '24 ', 'Lit': '34 ', 'Hol': '34 ', 'Bst': '48.47 ', 'Rst': '20 '}"
1715,Rickety Shield,Standard +25 ,"{'Phy': '171 ', 'Mag': '- ', 'Fir': '- ', 'Lit': '- ', 'Hol': '- ', 'Sta': '108 '}","{'Str': 'D ', 'Dex': '- ', 'Int': '- ', 'Fai': '- ', 'Arc': '- '}",{'Any': '- '},"{'Phy': '61 ', 'Mag': '29 ', 'Fir': '24 ', 'Lit': '34 ', 'Hol': '34 ', 'Bst': '48.84 ', 'Rst': '20 '}"
2028,Red Thorn Roundshield,Standard ,"{'Phy': '70 ', 'Mag': '- ', 'Fir': '- ', 'Lit': '- ', 'Hol': '- ', 'Sta': '54 '}","{'Str': 'E ', 'Dex': '- ', 'Int': '- ', 'Fai': '- ', 'Arc': '- '}",{'Any': '- '},"{'Phy': '68 ', 'Mag': '32 ', 'Fir': '42 ', 'Lit': '37 ', 'Hol': '37 ', 'Bst': '38 ', 'Rst': '20 '}"
2029,Red Thorn Roundshield,Standard +1 ,"{'Phy': '74 ', 'Mag': '- ', 'Fir': '- ', 'Lit': '- ', 'Hol': '- ', 'Sta': '56 '}","{'Str': 'E ', 'Dex': '- ', 'Int': '- ', 'Fai': '- ', 'Arc': '- '}",{'Any': '- '},"{'Phy': '68 ', 'Mag': '32 ', 'Fir': '42 ', 'Lit': '37 ', 'Hol': '37 ', 'Bst': '38.76 ', 'Rst': '20 '}"
2030,Red Thorn Roundshield,Standard +2 ,"{'Phy': '78 ', 'Mag': '- ', 'Fir': '- ', 'Lit': '- ', 'Hol': '- ', 'Sta': '58 '}","{'Str': 'D ', 'Dex': '- ', 'Int': '- ', 'Fai': '- ', 'Arc': '- '}",{'Any': '- '},"{'Phy': '68 ', 'Mag': '32 ', 'Fir': '42 ', 'Lit': '37 ', 'Hol': '37 ', 'Bst': '39.52 ', 'Rst': '20 '}"
2031,Red Thorn Roundshield,Standard +3 ,"{'Phy': '82 ', 'Mag': '- ', 'Fir': '- ', 'Lit': '- ', 'Hol': '- ', 'Sta': '60 '}","{'Str': 'D ', 'Dex': '- ', 'Int': '- ', 'Fai': '- ', 'Arc': '- '}",{'Any': '- '},"{'Phy': '68 ', 'Mag': '32 ', 'Fir': '42 ', 'Lit': '37 ', 'Hol': '37 ', 'Bst': '40.28 ', 'Rst': '20 '}"
2032,Red Thorn Roundshield,Standard +4 ,"{'Phy': '86 ', 'Mag': '- ', 'Fir': '- ', 'Lit': '- ', 'Hol': '- ', 'Sta': '62 '}","{'Str': 'D ', 'Dex': '- ', 'Int': '- ', 'Fai': '- ', 'Arc': '- '}",{'Any': '- '},"{'Phy': '68 ', 'Mag': '32 ', 'Fir': '42 ', 'Lit': '37 ', 'Hol': '37 ', 'Bst': '41.04 ', 'Rst': '20 '}"
2033,Red Thorn Roundshield,Standard +5 ,"{'Phy': '90 ', 'Mag': '- ', 'Fir': '- ', 'Lit': '- ', 'Hol': '- ', 'Sta': '64 '}","{'Str': 'D ', 'Dex': '- ', 'Int': '- ', 'Fai': '- ', 'Arc': '- '}",{'Any': '- '},"{'Phy': '68 ', 'Mag': '32 ', 'Fir': '42 ', 'Lit': '37 ', 'Hol': '37 ', 'Bst': '41.8 ', 'Rst': '20 '}"
2034,Red Thorn Roundshield,Standard +6 ,"{'Phy': '94 ', 'Mag': '- ', 'Fir': '- ', 'Lit': '- ', 'Hol': '- ', 'Sta': '66 '}","{'Str': 'D ', 'Dex': '- ', 'Int': '- ', 'Fai': '- ', 'Arc': '- '}",{'Any': '- '},"{'Phy': '68 ', 'Mag': '32 ', 'Fir': '42 ', 'Lit': '37 ', 'Hol': '37 ', 'Bst': '42.56 ', 'Rst': '20 '}"
2035,Red Thorn Roundshield,Standard +7 ,"{'Phy': '98 ', 'Mag': '- ', 'Fir': '- ', 'Lit': '- ', 'Hol': '- ', 'Sta': '69 '}","{'Str': 'D ', 'Dex': '- ', 'Int': '- ', 'Fai': '- ', 'Arc': '- '}",{'Any': '- '},"{'Phy': '68 ', 'Mag': '32 ', 'Fir': '42 ', 'Lit': '37 ', 'Hol': '37 ', 'Bst': '43.32 ', 'Rst': '20 '}"
2036,Red Thorn Roundshield,Standard +8 ,"{'Phy': '102 ', 'Mag': '- ', 'Fir': '- ', 'Lit': '- ', 'Hol': '- ', 'Sta': '71 '}","{'Str': 'D ', 'Dex': '- ', 'Int': '- ', 'Fai': '- ', 'Arc': '- '}",{'Any': '- '},"{'Phy': '68 ', 'Mag': '32 ', 'Fir': '42 ', 'Lit': '37 ', 'Hol': '37 ', 'Bst': '43.7 ', 'Rst': '20 '}"
2037,Red Thorn Roundshield,Standard +9 ,"{'Phy': '106 ', 'Mag': '- ', 'Fir': '- ', 'Lit': '- ', 'Hol': '- ', 'Sta': '73 '}","{'Str': 'D ', 'Dex': '- ', 'Int': '- ', 'Fai': '- ', 'Arc': '- '}",{'Any': '- '},"{'Phy': '68 ', 'Mag': '32 ', 'Fir': '42 ', 'Lit': '37 ', 'Hol': '37 ', 'Bst': '44.08 ', 'Rst': '20 '}"
2038,Red Thorn Roundshield,Standard +10 ,"{'Phy': '110 ', 'Mag': '- ', 'Fir': '- ', 'Lit': '- ', 'Hol': '- ', 'Sta': '75 '}","{'Str': 'D ', 'Dex': '- ', 'Int': '- ', 'Fai': '- ', 'Arc': '- '}",{'Any': '- '},"{'Phy': '68 ', 'Mag': '32 ', 'Fir': '42 ', 'Lit': '37 ', 'Hol': '37 ', 'Bst': '44.46 ', 'Rst': '20 '}"
2039,Red Thorn Roundshield,Standard +11 ,"{'Phy': '114 ', 'Mag': '- ', 'Fir': '- ', 'Lit': '- ', 'Hol': '- ', 'Sta': '77 '}","{'Str': 'D ', 'Dex': '- ', 'Int': '- ', 'Fai': '- ', 'Arc': '- '}",{'Any': '- '},"{'Phy': '68 ', 'Mag': '32 ', 'Fir': '42 ', 'Lit': '37 ', 'Hol': '37 ', 'Bst': '44.84 ', 'Rst': '20 '}"
2040,Red Thorn Roundshield,Standard +12 ,"{'Phy': '118 ', 'Mag': '- ', 'Fir': '- ', 'Lit': '- ', 'Hol': '- ', 'Sta': '79 '}","{'Str': 'D ', 'Dex': '- ', 'Int': '- ', 'Fai': '- ', 'Arc': '- '}",{'Any': '- '},"{'Phy': '68 ', 'Mag': '32 ', 'Fir': '42 ', 'Lit': '37 ', 'Hol': '37 ', 'Bst': '45.22 ', 'Rst': '20 '}"
2041,Red Thorn Roundshield,Standard +13 ,"{'Phy': '122 ', 'Mag': '- ', 'Fir': '- ', 'Lit': '- ', 'Hol': '- ', 'Sta': '82 '}","{'Str': 'D ', 'Dex': '- ', 'Int': '- ', 'Fai': '- ', 'Arc': '- '}",{'Any': '- '},"{'Phy': '68 ', 'Mag': '32 ', 'Fir': '42 ', 'Lit': '37 ', 'Hol': '37 ', 'Bst': '45.6 ', 'Rst': '20 '}"
2042,Red Thorn Roundshield,Standard +14 ,"{'Phy': '126 ', 'Mag': '- ', 'Fir': '- ', 'Lit': '- ', 'Hol': '- ', 'Sta': '84 '}","{'Str': 'D ', 'Dex': '- ', 'Int': '- ', 'Fai': '- ', 'Arc': '- '}",{'Any': '- '},"{'Phy': '68 ', 'Mag': '32 ', 'Fir': '42 ', 'Lit': '37 ', 'Hol': '37 ', 'Bst': '45.98 ', 'Rst': '20 '}"
2043,Red Thorn Roundshield,Standard +15 ,"{'Phy': '130 ', 'Mag': '- ', 'Fir': '- ', 'Lit': '- ', 'Hol': '- ', 'Sta': '86 '}","{'Str': 'D ', 'Dex': '- ', 'Int': '- ', 'Fai': '- ', 'Arc': '- '}",{'Any': '- '},"{'Phy': '68 ', 'Mag': '32 ', 'Fir': '42 ', 'Lit': '37 ', 'Hol': '37 ', 'Bst': '46.36 ', 'Rst': '20 '}"
2044,Red Thorn Roundshield,Standard +16 ,"{'Phy': '134 ', 'Mag': '- ', 'Fir': '- ', 'Lit': '- ', 'Hol': '- ', 'Sta': '88 '}","{'Str': 'D ', 'Dex': '- ', 'Int': '- ', 'Fai': '- ', 'Arc': '- '}",{'Any': '- '},"{'Phy': '68 ', 'Mag': '32 ', 'Fir': '42 ', 'Lit': '37 ', 'Hol': '37 ', 'Bst': '46.74 ', 'Rst': '20 '}"
2045,Red Thorn Roundshield,Standard +17 ,"{'Phy': '139 ', 'Mag': '- ', 'Fir': '- ', 'Lit': '- ', 'Hol': '- ', 'Sta': '90 '}","{'Str': 'D ', 'Dex': '- ', 'Int': '- ', 'Fai': '- ', 'Arc': '- '}",{'Any': '- '},"{'Phy': '68 ', 'Mag': '32 ', 'Fir': '42 ', 'Lit': '37 ', 'Hol': '37 ', 'Bst': '47.12 ', 'Rst': '20 '}"
2046,Red Thorn Roundshield,Standard +18 ,"{'Phy': '143 ', 'Mag': '- ', 'Fir': '- ', 'Lit': '- ', 'Hol': '- ', 'Sta': '92 '}","{'Str': 'D ', 'Dex': '- ', 'Int': '- ', 'Fai': '- ', 'Arc': '- '}",{'Any': '- '},"{'Phy': '68 ', 'Mag': '32 ', 'Fir': '42 ', 'Lit': '37 ', 'Hol': '37 ', 'Bst': '47.5 ', 'Rst': '20 '}"
2047,Red Thorn Roundshield,Standard +19 ,"{'Phy': '147 ', 'Mag': '- ', 'Fir': '- ', 'Lit': '- ', 'Hol': '- ', 'Sta': '95 '}","{'Str': 'D ', 'Dex': '- ', 'Int': '- ', 'Fai': '- ', 'Arc': '- '}",{'Any': '- '},"{'Phy': '68 ', 'Mag': '32 ', 'Fir': '42 ', 'Lit': '37 ', 'Hol': '37 ', 'Bst': '47.88 ', 'Rst': '20 '}"
2048,Red Thorn Roundshield,Standard +20 ,"{'Phy': '151 ', 'Mag': '- ', 'Fir': '- ', 'Lit': '- ', 'Hol': '- ', 'Sta': '97 '}","{'Str': 'D ', 'Dex': '- ', 'Int': '- ', 'Fai': '- ', 'Arc': '- '}",{'Any': '- '},"{'Phy': '68 ', 'Mag': '32 ', 'Fir': '42 ', 'Lit': '37 ', 'Hol': '37 ', 'Bst': '48.26 ', 'Rst': '20 '}"
2049,Red Thorn Roundshield,Standard +21 ,"{'Phy': '155 ', 'Mag': '- ', 'Fir': '- ', 'Lit': '- ', 'Hol': '- ', 'Sta': '99 '}","{'Str': 'D ', 'Dex': '- ', 'Int': '- ', 'Fai': '- ', 'Arc': '- '}",{'Any': '- '},"{'Phy': '68 ', 'Mag': '32 ', 'Fir': '42 ', 'Lit': '37 ', 'Hol': '37 ', 'Bst': '48.64 ', 'Rst': '20 '}"
2050,Red Thorn Roundshield,Standard +22 ,"{'Phy': '159 ', 'Mag': '- ', 'Fir': '- ', 'Lit': '- ', 'Hol': '- ', 'Sta': '101 '}","{'Str': 'D ', 'Dex': '- ', 'Int': '- ', 'Fai': '- ', 'Arc': '- '}",{'Any': '- '},"{'Phy': '68 ', 'Mag': '32 ', 'Fir': '42 ', 'Lit': '37 ', 'Hol': '37 ', 'Bst': '49.02 ', 'Rst': '20 '}"
2051,Red Thorn Roundshield,Standard +23 ,"{'Phy': '163 ', 'Mag': '- ', 'Fir': '- ', 'Lit': '- ', 'Hol': '- ', 'Sta': '103 '}","{'Str': 'D ', 'Dex': '- ', 'Int': '- ', 'Fai': '- ', 'Arc': '- '}",{'Any': '- '},"{'Phy': '68 ', 'Mag': '32 ', 'Fir': '42 ', 'Lit': '37 ', 'Hol': '37 ', 'Bst': '49.4 ', 'Rst': '20 '}"
2052,Red Thorn Roundshield,Standard +24 ,"{'Phy': '167 ', 'Mag': '- ', 'Fir': '- ', 'Lit': '- ', 'Hol': '- ', 'Sta': '105 '}","{'Str': 'D ', 'Dex': '- ', 'Int': '- ', 'Fai': '- ', 'Arc': '- '}",{'Any': '- '},"{'Phy': '68 ', 'Mag': '32 ', 'Fir': '42 ', 'Lit': '37 ', 'Hol': '37 ', 'Bst': '49.78 ', 'Rst': '20 '}"
2053,Red Thorn Roundshield,Standard +25 ,"{'Phy': '171 ', 'Mag': '- ', 'Fir': '- ', 'Lit': '- ', 'Hol': '- ', 'Sta': '108 '}","{'Str': 'D ', 'Dex': '- ', 'Int': '- ', 'Fai': '- ', 'Arc': '- '}",{'Any': '- '},"{'Phy': '68 ', 'Mag': '32 ', 'Fir': '42 ', 'Lit': '37 ', 'Hol': '37 ', 'Bst': '50.16 ', 'Rst': '20 '}"
2366,Pillory Shield,Standard ,"{'Phy': '71 ', 'Mag': '- ', 'Fir': '- ', 'Lit': '- ', 'Hol': '- ', 'Sta': '54 '}","{'Str': 'E ', 'Dex': '- ', 'Int': '- ', 'Fai': '- ', 'Arc': '- '}",{'Any': '- '},"{'Phy': '68 ', 'Mag': '46 ', 'Fir': '23 ', 'Lit': '38 ', 'Hol': '46 ', 'Bst': '40 ', 'Rst': '21 '}"
2367,Pillory Shield,Standard +1 ,"{'Phy': '75 ', 'Mag': '- ', 'Fir': '- ', 'Lit': '- ', 'Hol': '- ', 'Sta': '56 '}","{'Str': 'E ', 'Dex': '- ', 'Int': '- ', 'Fai': '- ', 'Arc': '- '}",{'Any': '- '},"{'Phy': '68 ', 'Mag': '46 ', 'Fir': '23 ', 'Lit': '38 ', 'Hol': '46 ', 'Bst': '40.8 ', 'Rst': '21 '}"
2368,Pillory Shield,Standard +2 ,"{'Phy': '79 ', 'Mag': '- ', 'Fir': '- ', 'Lit': '- ', 'Hol': '- ', 'Sta': '58 '}","{'Str': 'D ', 'Dex': '- ', 'Int': '- ', 'Fai': '- ', 'Arc': '- '}",{'Any': '- '},"{'Phy': '68 ', 'Mag': '46 ', 'Fir': '23 ', 'Lit': '38 ', 'Hol': '46 ', 'Bst': '41.6 ', 'Rst': '21 '}"
2369,Pillory Shield,Standard +3 ,"{'Phy': '83 ', 'Mag': '- ', 'Fir': '- ', 'Lit': '- ', 'Hol': '- ', 'Sta': '60 '}","{'Str': 'D ', 'Dex': '- ', 'Int': '- ', 'Fai': '- ', 'Arc': '- '}",{'Any': '- '},"{'Phy': '68 ', 'Mag': '46 ', 'Fir': '23 ', 'Lit': '38 ', 'Hol': '46 ', 'Bst': '42.4 ', 'Rst': '21 '}"
2370,Pillory Shield,Standard +4 ,"{'Phy': '87 ', 'Mag': '- ', 'Fir': '- ', 'Lit': '- ', 'Hol': '- ', 'Sta': '62 '}","{'Str': 'D ', 'Dex': '- ', 'Int': '- ', 'Fai': '- ', 'Arc': '- '}",{'Any': '- '},"{'Phy': '68 ', 'Mag': '46 ', 'Fir': '23 ', 'Lit': '38 ', 'Hol': '46 ', 'Bst': '43.2 ', 'Rst': '21 '}"
2371,Pillory Shield,Standard +5 ,"{'Phy': '91 ', 'Mag': '- ', 'Fir': '- ', 'Lit': '- ', 'Hol': '- ', 'Sta': '64 '}","{'Str': 'D ', 'Dex': '- ', 'Int': '- ', 'Fai': '- ', 'Arc': '- '}",{'Any': '- '},"{'Phy': '68 ', 'Mag': '46 ', 'Fir': '23 ', 'Lit': '38 ', 'Hol': '46 ', 'Bst': '44 ', 'Rst': '21 '}"
2372,Pillory Shield,Standard +6 ,"{'Phy': '95 ', 'Mag': '- ', 'Fir': '- ', 'Lit': '- ', 'Hol': '- ', 'Sta': '66 '}","{'Str': 'D ', 'Dex': '- ', 'Int': '- ', 'Fai': '- ', 'Arc': '- '}",{'Any': '- '},"{'Phy': '68 ', 'Mag': '46 ', 'Fir': '23 ', 'Lit': '38 ', 'Hol': '46 ', 'Bst': '44.8 ', 'Rst': '21 '}"
2373,Pillory Shield,Standard +7 ,"{'Phy': '99 ', 'Mag': '- ', 'Fir': '- ', 'Lit': '- ', 'Hol': '- ', 'Sta': '69 '}","{'Str': 'D ', 'Dex': '- ', 'Int': '- ', 'Fai': '- ', 'Arc': '- '}",{'Any': '- '},"{'Phy': '68 ', 'Mag': '46 ', 'Fir': '23 ', 'Lit': '38 ', 'Hol': '46 ', 'Bst': '45.6 ', 'Rst': '21 '}"
2374,Pillory Shield,Standard +8 ,"{'Phy': '103 ', 'Mag': '- ', 'Fir': '- ', 'Lit': '- ', 'Hol': '- ', 'Sta': '71 '}","{'Str': 'D ', 'Dex': '- ', 'Int': '- ', 'Fai': '- ', 'Arc': '- '}",{'Any': '- '},"{'Phy': '68 ', 'Mag': '46 ', 'Fir': '23 ', 'Lit': '38 ', 'Hol': '46 ', 'Bst': '46 ', 'Rst': '21 '}"
2375,Pillory Shield,Standard +9 ,"{'Phy': '108 ', 'Mag': '- ', 'Fir': '- ', 'Lit': '- ', 'Hol': '- ', 'Sta': '73 '}","{'Str': 'D ', 'Dex': '- ', 'Int': '- ', 'Fai': '- ', 'Arc': '- '}",{'Any': '- '},"{'Phy': '68 ', 'Mag': '46 ', 'Fir': '23 ', 'Lit': '38 ', 'Hol': '46 ', 'Bst': '46.4 ', 'Rst': '21 '}"
2376,Pillory Shield,Standard +10 ,"{'Phy': '112 ', 'Mag': '- ', 'Fir': '- ', 'Lit': '- ', 'Hol': '- ', 'Sta': '75 '}","{'Str': 'D ', 'Dex': '- ', 'Int': '- ', 'Fai': '- ', 'Arc': '- '}",{'Any': '- '},"{'Phy': '68 ', 'Mag': '46 ', 'Fir': '23 ', 'Lit': '38 ', 'Hol': '46 ', 'Bst': '46.8 ', 'Rst': '21 '}"
2377,Pillory Shield,Standard +11 ,"{'Phy': '116 ', 'Mag': '- ', 'Fir': '- ', 'Lit': '- ', 'Hol': '- ', 'Sta': '77 '}","{'Str': 'D ', 'Dex': '- ', 'Int': '- ', 'Fai': '- ', 'Arc': '- '}",{'Any': '- '},"{'Phy': '68 ', 'Mag': '46 ', 'Fir': '23 ', 'Lit': '38 ', 'Hol': '46 ', 'Bst': '47.2 ', 'Rst': '21 '}"
2378,Pillory Shield,Standard +12 ,"{'Phy': '120 ', 'Mag': '- ', 'Fir': '- ', 'Lit': '- ', 'Hol': '- ', 'Sta': '79 '}","{'Str': 'D ', 'Dex': '- ', 'Int': '- ', 'Fai': '- ', 'Arc': '- '}",{'Any': '- '},"{'Phy': '68 ', 'Mag': '46 ', 'Fir': '23 ', 'Lit': '38 ', 'Hol': '46 ', 'Bst': '47.6 ', 'Rst': '21 '}"
2379,Pillory Shield,Standard +13 ,"{'Phy': '124 ', 'Mag': '- ', 'Fir': '- ', 'Lit': '- ', 'Hol': '- ', 'Sta': '82 '}","{'Str': 'D ', 'Dex': '- ', 'Int': '- ', 'Fai': '- ', 'Arc': '- '}",{'Any': '- '},"{'Phy': '68 ', 'Mag': '46 ', 'Fir': '23 ', 'Lit': '38 ', 'Hol': '46 ', 'Bst': '48 ', 'Rst': '21 '}"
2380,Pillory Shield,Standard +14 ,"{'Phy': '128 ', 'Mag': '- ', 'Fir': '- ', 'Lit': '- ', 'Hol': '- ', 'Sta': '84 '}","{'Str': 'D ', 'Dex': '- ', 'Int': '- ', 'Fai': '- ', 'Arc': '- '}",{'Any': '- '},"{'Phy': '68 ', 'Mag': '46 ', 'Fir': '23 ', 'Lit': '38 ', 'Hol': '46 ', 'Bst': '48.4 ', 'Rst': '21 '}"
2381,Pillory Shield,Standard +15 ,"{'Phy': '132 ', 'Mag': '- ', 'Fir': '- ', 'Lit': '- ', 'Hol': '- ', 'Sta': '86 '}","{'Str': 'D ', 'Dex': '- ', 'Int': '- ', 'Fai': '- ', 'Arc': '- '}",{'Any': '- '},"{'Phy': '68 ', 'Mag': '46 ', 'Fir': '23 ', 'Lit': '38 ', 'Hol': '46 ', 'Bst': '48.8 ', 'Rst': '21 '}"
2382,Pillory Shield,Standard +16 ,"{'Phy': '136 ', 'Mag': '- ', 'Fir': '- ', 'Lit': '- ', 'Hol': '- ', 'Sta': '88 '}","{'Str': 'D ', 'Dex': '- ', 'Int': '- ', 'Fai': '- ', 'Arc': '- '}",{'Any': '- '},"{'Phy': '68 ', 'Mag': '46 ', 'Fir': '23 ', 'Lit': '38 ', 'Hol': '46 ', 'Bst': '49.2 ', 'Rst': '21 '}"
2383,Pillory Shield,Standard +17 ,"{'Phy': '141 ', 'Mag': '- ', 'Fir': '- ', 'Lit': '- ', 'Hol': '- ', 'Sta': '90 '}","{'Str': 'D ', 'Dex': '- ', 'Int': '- ', 'Fai': '- ', 'Arc': '- '}",{'Any': '- '},"{'Phy': '68 ', 'Mag': '46 ', 'Fir': '23 ', 'Lit': '38 ', 'Hol': '46 ', 'Bst': '49.6 ', 'Rst': '21 '}"
2384,Pillory Shield,Standard +18 ,"{'Phy': '145 ', 'Mag': '- ', 'Fir': '- ', 'Lit': '- ', 'Hol': '- ', 'Sta': '92 '}","{'Str': 'D ', 'Dex': '- ', 'Int': '- ', 'Fai': '- ', 'Arc': '- '}",{'Any': '- '},"{'Phy': '68 ', 'Mag': '46 ', 'Fir': '23 ', 'Lit': '38 ', 'Hol': '46 ', 'Bst': '50 ', 'Rst': '21 '}"
2385,Pillory Shield,Standard +19 ,"{'Phy': '149 ', 'Mag': '- ', 'Fir': '- ', 'Lit': '- ', 'Hol': '- ', 'Sta': '95 '}","{'Str': 'D ', 'Dex': '- ', 'Int': '- ', 'Fai': '- ', 'Arc': '- '}",{'Any': '- '},"{'Phy': '68 ', 'Mag': '46 ', 'Fir': '23 ', 'Lit': '38 ', 'Hol': '46 ', 'Bst': '50.4 ', 'Rst': '21 '}"
2386,Pillory Shield,Standard +20 ,"{'Phy': '153 ', 'Mag': '- ', 'Fir': '- ', 'Lit': '- ', 'Hol': '- ', 'Sta': '97 '}","{'Str': 'D ', 'Dex': '- ', 'Int': '- ', 'Fai': '- ', 'Arc': '- '}",{'Any': '- '},"{'Phy': '68 ', 'Mag': '46 ', 'Fir': '23 ', 'Lit': '38 ', 'Hol': '46 ', 'Bst': '50.8 ', 'Rst': '21 '}"
2387,Pillory Shield,Standard +21 ,"{'Phy': '157 ', 'Mag': '- ', 'Fir': '- ', 'Lit': '- ', 'Hol': '- ', 'Sta': '99 '}","{'Str': 'D ', 'Dex': '- ', 'Int': '- ', 'Fai': '- ', 'Arc': '- '}",{'Any': '- '},"{'Phy': '68 ', 'Mag': '46 ', 'Fir': '23 ', 'Lit': '38 ', 'Hol': '46 ', 'Bst': '51.2 ', 'Rst': '21 '}"
2388,Pillory Shield,Standard +22 ,"{'Phy': '161 ', 'Mag': '- ', 'Fir': '- ', 'Lit': '- ', 'Hol': '- ', 'Sta': '101 '}","{'Str': 'D ', 'Dex': '- ', 'Int': '- ', 'Fai': '- ', 'Arc': '- '}",{'Any': '- '},"{'Phy': '68 ', 'Mag': '46 ', 'Fir': '23 ', 'Lit': '38 ', 'Hol': '46 ', 'Bst': '51.6 ', 'Rst': '21 '}"
2389,Pillory Shield,Standard +23 ,"{'Phy': '165 ', 'Mag': '- ', 'Fir': '- ', 'Lit': '- ', 'Hol': '- ', 'Sta': '103 '}","{'Str': 'D ', 'Dex': '- ', 'Int': '- ', 'Fai': '- ', 'Arc': '- '}",{'Any': '- '},"{'Phy': '68 ', 'Mag': '46 ', 'Fir': '23 ', 'Lit': '38 ', 'Hol': '46 ', 'Bst': '52 ', 'Rst': '21 '}"
2390,Pillory Shield,Standard +24 ,"{'Phy': '169 ', 'Mag': '- ', 'Fir': '- ', 'Lit': '- ', 'Hol': '- ', 'Sta': '105 '}","{'Str': 'D ', 'Dex': '- ', 'Int': '- ', 'Fai': '- ', 'Arc': '- '}",{'Any': '- '},"{'Phy': '68 ', 'Mag': '46 ', 'Fir': '23 ', 'Lit': '38 ', 'Hol': '46 ', 'Bst': '52.4 ', 'Rst': '21 '}"
2391,Pillory Shield,Standard +25 ,"{'Phy': '173 ', 'Mag': '- ', 'Fir': '- ', 'Lit': '- ', 'Hol': '- ', 'Sta': '108 '}","{'Str': 'D ', 'Dex': '- ', 'Int': '- ', 'Fai': '- ', 'Arc': '- '}",{'Any': '- '},"{'Phy': '68 ', 'Mag': '46 ', 'Fir': '23 ', 'Lit': '38 ', 'Hol': '46 ', 'Bst': '52.8 ', 'Rst': '21 '}"
2704,Buckler,Standard ,"{'Phy': '68 ', 'Mag': '- ', 'Fir': '- ', 'Lit': '- ', 'Hol': '- ', 'Sta': '54 '}","{'Str': 'E ', 'Dex': 'D ', 'Int': '- ', 'Fai': '- ', 'Arc': '- '}",{'Any': '- '},"{'Phy': '61 ', 'Mag': '30 ', 'Fir': '30 ', 'Lit': '16 ', 'Hol': '30 ', 'Bst': '37 ', 'Rst': '19 '}"
2705,Buckler,Standard +1 ,"{'Phy': '71 ', 'Mag': '- ', 'Fir': '- ', 'Lit': '- ', 'Hol': '- ', 'Sta': '56 '}","{'Str': 'E ', 'Dex': 'D ', 'Int': '- ', 'Fai': '- ', 'Arc': '- '}",{'Any': '- '},"{'Phy': '61 ', 'Mag': '30 ', 'Fir': '30 ', 'Lit': '16 ', 'Hol': '30 ', 'Bst': '37.74 ', 'Rst': '19 '}"
2706,Buckler,Standard +2 ,"{'Phy': '75 ', 'Mag': '- ', 'Fir': '- ', 'Lit': '- ', 'Hol': '- ', 'Sta': '58 '}","{'Str': 'E ', 'Dex': 'D ', 'Int': '- ', 'Fai': '- ', 'Arc': '- '}",{'Any': '- '},"{'Phy': '61 ', 'Mag': '30 ', 'Fir': '30 ', 'Lit': '16 ', 'Hol': '30 ', 'Bst': '38.48 ', 'Rst': '19 '}"
2707,Buckler,Standard +3 ,"{'Phy': '79 ', 'Mag': '- ', 'Fir': '- ', 'Lit': '- ', 'Hol': '- ', 'Sta': '60 '}","{'Str': 'E ', 'Dex': 'D ', 'Int': '- ', 'Fai': '- ', 'Arc': '- '}",{'Any': '- '},"{'Phy': '61 ', 'Mag': '30 ', 'Fir': '30 ', 'Lit': '16 ', 'Hol': '30 ', 'Bst': '39.22 ', 'Rst': '19 '}"
2708,Buckler,Standard +4 ,"{'Phy': '83 ', 'Mag': '- ', 'Fir': '- ', 'Lit': '- ', 'Hol': '- ', 'Sta': '62 '}","{'Str': 'E ', 'Dex': 'D ', 'Int': '- ', 'Fai': '- ', 'Arc': '- '}",{'Any': '- '},"{'Phy': '61 ', 'Mag': '30 ', 'Fir': '30 ', 'Lit': '16 ', 'Hol': '30 ', 'Bst': '39.96 ', 'Rst': '19 '}"
2709,Buckler,Standard +5 ,"{'Phy': '87 ', 'Mag': '- ', 'Fir': '- ', 'Lit': '- ', 'Hol': '- ', 'Sta': '64 '}","{'Str': 'E ', 'Dex': 'D ', 'Int': '- ', 'Fai': '- ', 'Arc': '- '}",{'Any': '- '},"{'Phy': '61 ', 'Mag': '30 ', 'Fir': '30 ', 'Lit': '16 ', 'Hol': '30 ', 'Bst': '40.7 ', 'Rst': '19 '}"
2710,Buckler,Standard +6 ,"{'Phy': '91 ', 'Mag': '- ', 'Fir': '- ', 'Lit': '- ', 'Hol': '- ', 'Sta': '66 '}","{'Str': 'E ', 'Dex': 'D ', 'Int': '- ', 'Fai': '- ', 'Arc': '- '}",{'Any': '- '},"{'Phy': '61 ', 'Mag': '30 ', 'Fir': '30 ', 'Lit': '16 ', 'Hol': '30 ', 'Bst': '41.44 ', 'Rst': '19 '}"
2711,Buckler,Standard +7 ,"{'Phy': '95 ', 'Mag': '- ', 'Fir': '- ', 'Lit': '- ', 'Hol': '- ', 'Sta': '69 '}","{'Str': 'E ', 'Dex': 'D ', 'Int': '- ', 'Fai': '- ', 'Arc': '- '}",{'Any': '- '},"{'Phy': '61 ', 'Mag': '30 ', 'Fir': '30 ', 'Lit': '16 ', 'Hol': '30 ', 'Bst': '42.18 ', 'Rst': '19 '}"
2712,Buckler,Standard +8 ,"{'Phy': '99 ', 'Mag': '- ', 'Fir': '- ', 'Lit': '- ', 'Hol': '- ', 'Sta': '71 '}","{'Str': 'E ', 'Dex': 'D ', 'Int': '- ', 'Fai': '- ', 'Arc': '- '}",{'Any': '- '},"{'Phy': '61 ', 'Mag': '30 ', 'Fir': '30 ', 'Lit': '16 ', 'Hol': '30 ', 'Bst': '42.55 ', 'Rst': '19 '}"
2713,Buckler,Standard +9 ,"{'Phy': '103 ', 'Mag': '- ', 'Fir': '- ', 'Lit': '- ', 'Hol': '- ', 'Sta': '73 '}","{'Str': 'E ', 'Dex': 'D ', 'Int': '- ', 'Fai': '- ', 'Arc': '- '}",{'Any': '- '},"{'Phy': '61 ', 'Mag': '30 ', 'Fir': '30 ', 'Lit': '16 ', 'Hol': '30 ', 'Bst': '42.92 ', 'Rst': '19 '}"
2714,Buckler,Standard +10 ,"{'Phy': '107 ', 'Mag': '- ', 'Fir': '- ', 'Lit': '- ', 'Hol': '- ', 'Sta': '75 '}","{'Str': 'E ', 'Dex': 'D ', 'Int': '- ', 'Fai': '- ', 'Arc': '- '}",{'Any': '- '},"{'Phy': '61 ', 'Mag': '30 ', 'Fir': '30 ', 'Lit': '16 ', 'Hol': '30 ', 'Bst': '43.29 ', 'Rst': '19 '}"
2715,Buckler,Standard +11 ,"{'Phy': '111 ', 'Mag': '- ', 'Fir': '- ', 'Lit': '- ', 'Hol': '- ', 'Sta': '77 '}","{'Str': 'E ', 'Dex': 'D ', 'Int': '- ', 'Fai': '- ', 'Arc': '- '}",{'Any': '- '},"{'Phy': '61 ', 'Mag': '30 ', 'Fir': '30 ', 'Lit': '16 ', 'Hol': '30 ', 'Bst': '43.66 ', 'Rst': '19 '}"
2716,Buckler,Standard +12 ,"{'Phy': '115 ', 'Mag': '- ', 'Fir': '- ', 'Lit': '- ', 'Hol': '- ', 'Sta': '79 '}","{'Str': 'E ', 'Dex': 'D ', 'Int': '- ', 'Fai': '- ', 'Arc': '- '}",{'Any': '- '},"{'Phy': '61 ', 'Mag': '30 ', 'Fir': '30 ', 'Lit': '16 ', 'Hol': '30 ', 'Bst': '44.03 ', 'Rst': '19 '}"
2717,Buckler,Standard +13 ,"{'Phy': '119 ', 'Mag': '- ', 'Fir': '- ', 'Lit': '- ', 'Hol': '- ', 'Sta': '82 '}","{'Str': 'E ', 'Dex': 'D ', 'Int': '- ', 'Fai': '- ', 'Arc': '- '}",{'Any': '- '},"{'Phy': '61 ', 'Mag': '30 ', 'Fir': '30 ', 'Lit': '16 ', 'Hol': '30 ', 'Bst': '44.4 ', 'Rst': '19 '}"
2718,Buckler,Standard +14 ,"{'Phy': '123 ', 'Mag': '- ', 'Fir': '- ', 'Lit': '- ', 'Hol': '- ', 'Sta': '84 '}","{'Str': 'E ', 'Dex': 'D ', 'Int': '- ', 'Fai': '- ', 'Arc': '- '}",{'Any': '- '},"{'Phy': '61 ', 'Mag': '30 ', 'Fir': '30 ', 'Lit': '16 ', 'Hol': '30 ', 'Bst': '44.77 ', 'Rst': '19 '}"
2719,Buckler,Standard +15 ,"{'Phy': '127 ', 'Mag': '- ', 'Fir': '- ', 'Lit': '- ', 'Hol': '- ', 'Sta': '86 '}","{'Str': 'E ', 'Dex': 'D ', 'Int': '- ', 'Fai': '- ', 'Arc': '- '}",{'Any': '- '},"{'Phy': '61 ', 'Mag': '30 ', 'Fir': '30 ', 'Lit': '16 ', 'Hol': '30 ', 'Bst': '45.14 ', 'Rst': '19 '}"
2720,Buckler,Standard +16 ,"{'Phy': '131 ', 'Mag': '- ', 'Fir': '- ', 'Lit': '- ', 'Hol': '- ', 'Sta': '88 '}","{'Str': 'E ', 'Dex': 'D ', 'Int': '- ', 'Fai': '- ', 'Arc': '- '}",{'Any': '- '},"{'Phy': '61 ', 'Mag': '30 ', 'Fir': '30 ', 'Lit': '16 ', 'Hol': '30 ', 'Bst': '45.51 ', 'Rst': '19 '}"
2721,Buckler,Standard +17 ,"{'Phy': '135 ', 'Mag': '- ', 'Fir': '- ', 'Lit': '- ', 'Hol': '- ', 'Sta': '90 '}","{'Str': 'E ', 'Dex': 'D ', 'Int': '- ', 'Fai': '- ', 'Arc': '- '}",{'Any': '- '},"{'Phy': '61 ', 'Mag': '30 ', 'Fir': '30 ', 'Lit': '16 ', 'Hol': '30 ', 'Bst': '45.88 ', 'Rst': '19 '}"
2722,Buckler,Standard +18 ,"{'Phy': '138 ', 'Mag': '- ', 'Fir': '- ', 'Lit': '- ', 'Hol': '- ', 'Sta': '92 '}","{'Str': 'E ', 'Dex': 'D ', 'Int': '- ', 'Fai': '- ', 'Arc': '- '}",{'Any': '- '},"{'Phy': '61 ', 'Mag': '30 ', 'Fir': '30 ', 'Lit': '16 ', 'Hol': '30 ', 'Bst': '46.25 ', 'Rst': '19 '}"
2723,Buckler,Standard +19 ,"{'Phy': '142 ', 'Mag': '- ', 'Fir': '- ', 'Lit': '- ', 'Hol': '- ', 'Sta': '95 '}","{'Str': 'E ', 'Dex': 'D ', 'Int': '- ', 'Fai': '- ', 'Arc': '- '}",{'Any': '- '},"{'Phy': '61 ', 'Mag': '30 ', 'Fir': '30 ', 'Lit': '16 ', 'Hol': '30 ', 'Bst': '46.62 ', 'Rst': '19 '}"
2724,Buckler,Standard +20 ,"{'Phy': '146 ', 'Mag': '- ', 'Fir': '- ', 'Lit': '- ', 'Hol': '- ', 'Sta': '97 '}","{'Str': 'E ', 'Dex': 'D ', 'Int': '- ', 'Fai': '- ', 'Arc': '- '}",{'Any': '- '},"{'Phy': '61 ', 'Mag': '30 ', 'Fir': '30 ', 'Lit': '16 ', 'Hol': '30 ', 'Bst': '46.99 ', 'Rst': '19 '}"
2725,Buckler,Standard +21 ,"{'Phy': '150 ', 'Mag': '- ', 'Fir': '- ', 'Lit': '- ', 'Hol': '- ', 'Sta': '99 '}","{'Str': 'E ', 'Dex': 'D ', 'Int': '- ', 'Fai': '- ', 'Arc': '- '}",{'Any': '- '},"{'Phy': '61 ', 'Mag': '30 ', 'Fir': '30 ', 'Lit': '16 ', 'Hol': '30 ', 'Bst': '47.36 ', 'Rst': '19 '}"
2726,Buckler,Standard +22 ,"{'Phy': '154 ', 'Mag': '- ', 'Fir': '- ', 'Lit': '- ', 'Hol': '- ', 'Sta': '101 '}","{'Str': 'E ', 'Dex': 'D ', 'Int': '- ', 'Fai': '- ', 'Arc': '- '}",{'Any': '- '},"{'Phy': '61 ', 'Mag': '30 ', 'Fir': '30 ', 'Lit': '16 ', 'Hol': '30 ', 'Bst': '47.73 ', 'Rst': '19 '}"
2727,Buckler,Standard +23 ,"{'Phy': '158 ', 'Mag': '- ', 'Fir': '- ', 'Lit': '- ', 'Hol': '- ', 'Sta': '103 '}","{'Str': 'E ', 'Dex': 'D ', 'Int': '- ', 'Fai': '- ', 'Arc': '- '}",{'Any': '- '},"{'Phy': '61 ', 'Mag': '30 ', 'Fir': '30 ', 'Lit': '16 ', 'Hol': '30 ', 'Bst': '48.1 ', 'Rst': '19 '}"
2728,Buckler,Standard +24 ,"{'Phy': '162 ', 'Mag': '- ', 'Fir': '- ', 'Lit': '- ', 'Hol': '- ', 'Sta': '105 '}","{'Str': 'E ', 'Dex': 'D ', 'Int': '- ', 'Fai': '- ', 'Arc': '- '}",{'Any': '- '},"{'Phy': '61 ', 'Mag': '30 ', 'Fir': '30 ', 'Lit': '16 ', 'Hol': '30 ', 'Bst': '48.47 ', 'Rst': '19 '}"
2729,Buckler,Standard +25 ,"{'Phy': '166 ', 'Mag': '- ', 'Fir': '- ', 'Lit': '- ', 'Hol': '- ', 'Sta': '108 '}","{'Str': 'E ', 'Dex': 'D ', 'Int': '- ', 'Fai': '- ', 'Arc': '- '}",{'Any': '- '},"{'Phy': '61 ', 'Mag': '30 ', 'Fir': '30 ', 'Lit': '16 ', 'Hol': '30 ', 'Bst': '48.84 ', 'Rst': '19 '}"
3042,Buckler,Standard ,"{'Phy': '68 ', 'Mag': '- ', 'Fir': '- ', 'Lit': '- ', 'Hol': '- ', 'Sta': '54 '}","{'Str': 'E ', 'Dex': 'D ', 'Int': '- ', 'Fai': '- ', 'Arc': '- '}",{'Any': '- '},"{'Phy': '61 ', 'Mag': '30 ', 'Fir': '30 ', 'Lit': '16 ', 'Hol': '30 ', 'Bst': '37 ', 'Rst': '19 '}"
3043,Buckler,Standard +1 ,"{'Phy': '71 ', 'Mag': '- ', 'Fir': '- ', 'Lit': '- ', 'Hol': '- ', 'Sta': '56 '}","{'Str': 'E ', 'Dex': 'D ', 'Int': '- ', 'Fai': '- ', 'Arc': '- '}",{'Any': '- '},"{'Phy': '61 ', 'Mag': '30 ', 'Fir': '30 ', 'Lit': '16 ', 'Hol': '30 ', 'Bst': '37.74 ', 'Rst': '19 '}"
3044,Buckler,Standard +2 ,"{'Phy': '75 ', 'Mag': '- ', 'Fir': '- ', 'Lit': '- ', 'Hol': '- ', 'Sta': '58 '}","{'Str': 'E ', 'Dex': 'D ', 'Int': '- ', 'Fai': '- ', 'Arc': '- '}",{'Any': '- '},"{'Phy': '61 ', 'Mag': '30 ', 'Fir': '30 ', 'Lit': '16 ', 'Hol': '30 ', 'Bst': '38.48 ', 'Rst': '19 '}"
3045,Buckler,Standard +3 ,"{'Phy': '79 ', 'Mag': '- ', 'Fir': '- ', 'Lit': '- ', 'Hol': '- ', 'Sta': '60 '}","{'Str': 'E ', 'Dex': 'D ', 'Int': '- ', 'Fai': '- ', 'Arc': '- '}",{'Any': '- '},"{'Phy': '61 ', 'Mag': '30 ', 'Fir': '30 ', 'Lit': '16 ', 'Hol': '30 ', 'Bst': '39.22 ', 'Rst': '19 '}"
3046,Buckler,Standard +4 ,"{'Phy': '83 ', 'Mag': '- ', 'Fir': '- ', 'Lit': '- ', 'Hol': '- ', 'Sta': '62 '}","{'Str': 'E ', 'Dex': 'D ', 'Int': '- ', 'Fai': '- ', 'Arc': '- '}",{'Any': '- '},"{'Phy': '61 ', 'Mag': '30 ', 'Fir': '30 ', 'Lit': '16 ', 'Hol': '30 ', 'Bst': '39.96 ', 'Rst': '19 '}"
3047,Buckler,Standard +5 ,"{'Phy': '87 ', 'Mag': '- ', 'Fir': '- ', 'Lit': '- ', 'Hol': '- ', 'Sta': '64 '}","{'Str': 'E ', 'Dex': 'D ', 'Int': '- ', 'Fai': '- ', 'Arc': '- '}",{'Any': '- '},"{'Phy': '61 ', 'Mag': '30 ', 'Fir': '30 ', 'Lit': '16 ', 'Hol': '30 ', 'Bst': '40.7 ', 'Rst': '19 '}"
3048,Buckler,Standard +6 ,"{'Phy': '91 ', 'Mag': '- ', 'Fir': '- ', 'Lit': '- ', 'Hol': '- ', 'Sta': '66 '}","{'Str': 'E ', 'Dex': 'D ', 'Int': '- ', 'Fai': '- ', 'Arc': '- '}",{'Any': '- '},"{'Phy': '61 ', 'Mag': '30 ', 'Fir': '30 ', 'Lit': '16 ', 'Hol': '30 ', 'Bst': '41.44 ', 'Rst': '19 '}"
3049,Buckler,Standard +7 ,"{'Phy': '95 ', 'Mag': '- ', 'Fir': '- ', 'Lit': '- ', 'Hol': '- ', 'Sta': '69 '}","{'Str': 'E ', 'Dex': 'D ', 'Int': '- ', 'Fai': '- ', 'Arc': '- '}",{'Any': '- '},"{'Phy': '61 ', 'Mag': '30 ', 'Fir': '30 ', 'Lit': '16 ', 'Hol': '30 ', 'Bst': '42.18 ', 'Rst': '19 '}"
3050,Buckler,Standard +8 ,"{'Phy': '99 ', 'Mag': '- ', 'Fir': '- ', 'Lit': '- ', 'Hol': '- ', 'Sta': '71 '}","{'Str': 'E ', 'Dex': 'D ', 'Int': '- ', 'Fai': '- ', 'Arc': '- '}",{'Any': '- '},"{'Phy': '61 ', 'Mag': '30 ', 'Fir': '30 ', 'Lit': '16 ', 'Hol': '30 ', 'Bst': '42.55 ', 'Rst': '19 '}"
3051,Buckler,Standard +9 ,"{'Phy': '103 ', 'Mag': '- ', 'Fir': '- ', 'Lit': '- ', 'Hol': '- ', 'Sta': '73 '}","{'Str': 'E ', 'Dex': 'D ', 'Int': '- ', 'Fai': '- ', 'Arc': '- '}",{'Any': '- '},"{'Phy': '61 ', 'Mag': '30 ', 'Fir': '30 ', 'Lit': '16 ', 'Hol': '30 ', 'Bst': '42.92 ', 'Rst': '19 '}"
3052,Buckler,Standard +10 ,"{'Phy': '107 ', 'Mag': '- ', 'Fir': '- ', 'Lit': '- ', 'Hol': '- ', 'Sta': '75 '}","{'Str': 'E ', 'Dex': 'D ', 'Int': '- ', 'Fai': '- ', 'Arc': '- '}",{'Any': '- '},"{'Phy': '61 ', 'Mag': '30 ', 'Fir': '30 ', 'Lit': '16 ', 'Hol': '30 ', 'Bst': '43.29 ', 'Rst': '19 '}"
3053,Buckler,Standard +11 ,"{'Phy': '111 ', 'Mag': '- ', 'Fir': '- ', 'Lit': '- ', 'Hol': '- ', 'Sta': '77 '}","{'Str': 'E ', 'Dex': 'D ', 'Int': '- ', 'Fai': '- ', 'Arc': '- '}",{'Any': '- '},"{'Phy': '61 ', 'Mag': '30 ', 'Fir': '30 ', 'Lit': '16 ', 'Hol': '30 ', 'Bst': '43.66 ', 'Rst': '19 '}"
3054,Buckler,Standard +12 ,"{'Phy': '115 ', 'Mag': '- ', 'Fir': '- ', 'Lit': '- ', 'Hol': '- ', 'Sta': '79 '}","{'Str': 'E ', 'Dex': 'D ', 'Int': '- ', 'Fai': '- ', 'Arc': '- '}",{'Any': '- '},"{'Phy': '61 ', 'Mag': '30 ', 'Fir': '30 ', 'Lit': '16 ', 'Hol': '30 ', 'Bst': '44.03 ', 'Rst': '19 '}"
3055,Buckler,Standard +13 ,"{'Phy': '119 ', 'Mag': '- ', 'Fir': '- ', 'Lit': '- ', 'Hol': '- ', 'Sta': '82 '}","{'Str': 'E ', 'Dex': 'D ', 'Int': '- ', 'Fai': '- ', 'Arc': '- '}",{'Any': '- '},"{'Phy': '61 ', 'Mag': '30 ', 'Fir': '30 ', 'Lit': '16 ', 'Hol': '30 ', 'Bst': '44.4 ', 'Rst': '19 '}"
3056,Buckler,Standard +14 ,"{'Phy': '123 ', 'Mag': '- ', 'Fir': '- ', 'Lit': '- ', 'Hol': '- ', 'Sta': '84 '}","{'Str': 'E ', 'Dex': 'D ', 'Int': '- ', 'Fai': '- ', 'Arc': '- '}",{'Any': '- '},"{'Phy': '61 ', 'Mag': '30 ', 'Fir': '30 ', 'Lit': '16 ', 'Hol': '30 ', 'Bst': '44.77 ', 'Rst': '19 '}"
3057,Buckler,Standard +15 ,"{'Phy': '127 ', 'Mag': '- ', 'Fir': '- ', 'Lit': '- ', 'Hol': '- ', 'Sta': '86 '}","{'Str': 'E ', 'Dex': 'D ', 'Int': '- ', 'Fai': '- ', 'Arc': '- '}",{'Any': '- '},"{'Phy': '61 ', 'Mag': '30 ', 'Fir': '30 ', 'Lit': '16 ', 'Hol': '30 ', 'Bst': '45.14 ', 'Rst': '19 '}"
3058,Buckler,Standard +16 ,"{'Phy': '131 ', 'Mag': '- ', 'Fir': '- ', 'Lit': '- ', 'Hol': '- ', 'Sta': '88 '}","{'Str': 'E ', 'Dex': 'D ', 'Int': '- ', 'Fai': '- ', 'Arc': '- '}",{'Any': '- '},"{'Phy': '61 ', 'Mag': '30 ', 'Fir': '30 ', 'Lit': '16 ', 'Hol': '30 ', 'Bst': '45.51 ', 'Rst': '19 '}"
3059,Buckler,Standard +17 ,"{'Phy': '135 ', 'Mag': '- ', 'Fir': '- ', 'Lit': '- ', 'Hol': '- ', 'Sta': '90 '}","{'Str': 'E ', 'Dex': 'D ', 'Int': '- ', 'Fai': '- ', 'Arc': '- '}",{'Any': '- '},"{'Phy': '61 ', 'Mag': '30 ', 'Fir': '30 ', 'Lit': '16 ', 'Hol': '30 ', 'Bst': '45.88 ', 'Rst': '19 '}"
3060,Buckler,Standard +18 ,"{'Phy': '138 ', 'Mag': '- ', 'Fir': '- ', 'Lit': '- ', 'Hol': '- ', 'Sta': '92 '}","{'Str': 'E ', 'Dex': 'D ', 'Int': '- ', 'Fai': '- ', 'Arc': '- '}",{'Any': '- '},"{'Phy': '61 ', 'Mag': '30 ', 'Fir': '30 ', 'Lit': '16 ', 'Hol': '30 ', 'Bst': '46.25 ', 'Rst': '19 '}"
3061,Buckler,Standard +19 ,"{'Phy': '142 ', 'Mag': '- ', 'Fir': '- ', 'Lit': '- ', 'Hol': '- ', 'Sta': '95 '}","{'Str': 'E ', 'Dex': 'D ', 'Int': '- ', 'Fai': '- ', 'Arc': '- '}",{'Any': '- '},"{'Phy': '61 ', 'Mag': '30 ', 'Fir': '30 ', 'Lit': '16 ', 'Hol': '30 ', 'Bst': '46.62 ', 'Rst': '19 '}"
3062,Buckler,Standard +20 ,"{'Phy': '146 ', 'Mag': '- ', 'Fir': '- ', 'Lit': '- ', 'Hol': '- ', 'Sta': '97 '}","{'Str': 'E ', 'Dex': 'D ', 'Int': '- ', 'Fai': '- ', 'Arc': '- '}",{'Any': '- '},"{'Phy': '61 ', 'Mag': '30 ', 'Fir': '30 ', 'Lit': '16 ', 'Hol': '30 ', 'Bst': '46.99 ', 'Rst': '19 '}"
3063,Buckler,Standard +21 ,"{'Phy': '150 ', 'Mag': '- ', 'Fir': '- ', 'Lit': '- ', 'Hol': '- ', 'Sta': '99 '}","{'Str': 'E ', 'Dex': 'D ', 'Int': '- ', 'Fai': '- ', 'Arc': '- '}",{'Any': '- '},"{'Phy': '61 ', 'Mag': '30 ', 'Fir': '30 ', 'Lit': '16 ', 'Hol': '30 ', 'Bst': '47.36 ', 'Rst': '19 '}"
3064,Buckler,Standard +22 ,"{'Phy': '154 ', 'Mag': '- ', 'Fir': '- ', 'Lit': '- ', 'Hol': '- ', 'Sta': '101 '}","{'Str': 'E ', 'Dex': 'D ', 'Int': '- ', 'Fai': '- ', 'Arc': '- '}",{'Any': '- '},"{'Phy': '61 ', 'Mag': '30 ', 'Fir': '30 ', 'Lit': '16 ', 'Hol': '30 ', 'Bst': '47.73 ', 'Rst': '19 '}"
3065,Buckler,Standard +23 ,"{'Phy': '158 ', 'Mag': '- ', 'Fir': '- ', 'Lit': '- ', 'Hol': '- ', 'Sta': '103 '}","{'Str': 'E ', 'Dex': 'D ', 'Int': '- ', 'Fai': '- ', 'Arc': '- '}",{'Any': '- '},"{'Phy': '61 ', 'Mag': '30 ', 'Fir': '30 ', 'Lit': '16 ', 'Hol': '30 ', 'Bst': '48.1 ', 'Rst': '19 '}"
3066,Buckler,Standard +24 ,"{'Phy': '162 ', 'Mag': '- ', 'Fir': '- ', 'Lit': '- ', 'Hol': '- ', 'Sta': '105 '}","{'Str': 'E ', 'Dex': 'D ', 'Int': '- ', 'Fai': '- ', 'Arc': '- '}",{'Any': '- '},"{'Phy': '61 ', 'Mag': '30 ', 'Fir': '30 ', 'Lit': '16 ', 'Hol': '30 ', 'Bst': '48.47 ', 'Rst': '19 '}"
3067,Buckler,Standard +25 ,"{'Phy': '166 ', 'Mag': '- ', 'Fir': '- ', 'Lit': '- ', 'Hol': '- ', 'Sta': '108 '}","{'Str': 'E ', 'Dex': 'D ', 'Int': '- ', 'Fai': '- ', 'Arc': '- '}",{'Any': '- '},"{'Phy': '61 ', 'Mag': '30 ', 'Fir': '30 ', 'Lit': '16 ', 'Hol': '30 ', 'Bst': '48.84 ', 'Rst': '19 '}"
3380,Iron Roundshield,Standard ,"{'Phy': '74 ', 'Mag': '- ', 'Fir': '- ', 'Lit': '- ', 'Hol': '- ', 'Sta': '59 '}","{'Str': 'E ', 'Dex': '- ', 'Int': '- ', 'Fai': '- ', 'Arc': '- '}",{'Any': '- '},"{'Phy': '80 ', 'Mag': '42 ', 'Fir': '42 ', 'Lit': '18 ', 'Hol': '42 ', 'Bst': '41 ', 'Rst': '22 '}"
3381,Iron Roundshield,Standard +1 ,"{'Phy': '78 ', 'Mag': '- ', 'Fir': '- ', 'Lit': '- ', 'Hol': '- ', 'Sta': '61 '}","{'Str': 'E ', 'Dex': '- ', 'Int': '- ', 'Fai': '- ', 'Arc': '- '}",{'Any': '- '},"{'Phy': '80 ', 'Mag': '42 ', 'Fir': '42 ', 'Lit': '18 ', 'Hol': '42 ', 'Bst': '41.82 ', 'Rst': '22 '}"
3382,Iron Roundshield,Standard +2 ,"{'Phy': '82 ', 'Mag': '- ', 'Fir': '- ', 'Lit': '- ', 'Hol': '- ', 'Sta': '63 '}","{'Str': 'D ', 'Dex': '- ', 'Int': '- ', 'Fai': '- ', 'Arc': '- '}",{'Any': '- '},"{'Phy': '80 ', 'Mag': '42 ', 'Fir': '42 ', 'Lit': '18 ', 'Hol': '42 ', 'Bst': '42.64 ', 'Rst': '22 '}"
3383,Iron Roundshield,Standard +3 ,"{'Phy': '86 ', 'Mag': '- ', 'Fir': '- ', 'Lit': '- ', 'Hol': '- ', 'Sta': '66 '}","{'Str': 'D ', 'Dex': '- ', 'Int': '- ', 'Fai': '- ', 'Arc': '- '}",{'Any': '- '},"{'Phy': '80 ', 'Mag': '42 ', 'Fir': '42 ', 'Lit': '18 ', 'Hol': '42 ', 'Bst': '43.46 ', 'Rst': '22 '}"
3384,Iron Roundshield,Standard +4 ,"{'Phy': '91 ', 'Mag': '- ', 'Fir': '- ', 'Lit': '- ', 'Hol': '- ', 'Sta': '68 '}","{'Str': 'D ', 'Dex': '- ', 'Int': '- ', 'Fai': '- ', 'Arc': '- '}",{'Any': '- '},"{'Phy': '80 ', 'Mag': '42 ', 'Fir': '42 ', 'Lit': '18 ', 'Hol': '42 ', 'Bst': '44.28 ', 'Rst': '22 '}"
3385,Iron Roundshield,Standard +5 ,"{'Phy': '95 ', 'Mag': '- ', 'Fir': '- ', 'Lit': '- ', 'Hol': '- ', 'Sta': '70 '}","{'Str': 'D ', 'Dex': '- ', 'Int': '- ', 'Fai': '- ', 'Arc': '- '}",{'Any': '- '},"{'Phy': '80 ', 'Mag': '42 ', 'Fir': '42 ', 'Lit': '18 ', 'Hol': '42 ', 'Bst': '45.1 ', 'Rst': '22 '}"
3386,Iron Roundshield,Standard +6 ,"{'Phy': '99 ', 'Mag': '- ', 'Fir': '- ', 'Lit': '- ', 'Hol': '- ', 'Sta': '73 '}","{'Str': 'D ', 'Dex': '- ', 'Int': '- ', 'Fai': '- ', 'Arc': '- '}",{'Any': '- '},"{'Phy': '80 ', 'Mag': '42 ', 'Fir': '42 ', 'Lit': '18 ', 'Hol': '42 ', 'Bst': '45.92 ', 'Rst': '22 '}"
3387,Iron Roundshield,Standard +7 ,"{'Phy': '104 ', 'Mag': '- ', 'Fir': '- ', 'Lit': '- ', 'Hol': '- ', 'Sta': '75 '}","{'Str': 'D ', 'Dex': '- ', 'Int': '- ', 'Fai': '- ', 'Arc': '- '}",{'Any': '- '},"{'Phy': '80 ', 'Mag': '42 ', 'Fir': '42 ', 'Lit': '18 ', 'Hol': '42 ', 'Bst': '46.74 ', 'Rst': '22 '}"
3388,Iron Roundshield,Standard +8 ,"{'Phy': '108 ', 'Mag': '- ', 'Fir': '- ', 'Lit': '- ', 'Hol': '- ', 'Sta': '77 '}","{'Str': 'D ', 'Dex': '- ', 'Int': '- ', 'Fai': '- ', 'Arc': '- '}",{'Any': '- '},"{'Phy': '80 ', 'Mag': '42 ', 'Fir': '42 ', 'Lit': '18 ', 'Hol': '42 ', 'Bst': '47.15 ', 'Rst': '22 '}"
3389,Iron Roundshield,Standard +9 ,"{'Phy': '112 ', 'Mag': '- ', 'Fir': '- ', 'Lit': '- ', 'Hol': '- ', 'Sta': '80 '}","{'Str': 'D ', 'Dex': '- ', 'Int': '- ', 'Fai': '- ', 'Arc': '- '}",{'Any': '- '},"{'Phy': '80 ', 'Mag': '42 ', 'Fir': '42 ', 'Lit': '18 ', 'Hol': '42 ', 'Bst': '47.56 ', 'Rst': '22 '}"
3390,Iron Roundshield,Standard +10 ,"{'Phy': '116 ', 'Mag': '- ', 'Fir': '- ', 'Lit': '- ', 'Hol': '- ', 'Sta': '82 '}","{'Str': 'D ', 'Dex': '- ', 'Int': '- ', 'Fai': '- ', 'Arc': '- '}",{'Any': '- '},"{'Phy': '80 ', 'Mag': '42 ', 'Fir': '42 ', 'Lit': '18 ', 'Hol': '42 ', 'Bst': '47.97 ', 'Rst': '22 '}"
3391,Iron Roundshield,Standard +11 ,"{'Phy': '121 ', 'Mag': '- ', 'Fir': '- ', 'Lit': '- ', 'Hol': '- ', 'Sta': '84 '}","{'Str': 'D ', 'Dex': '- ', 'Int': '- ', 'Fai': '- ', 'Arc': '- '}",{'Any': '- '},"{'Phy': '80 ', 'Mag': '42 ', 'Fir': '42 ', 'Lit': '18 ', 'Hol': '42 ', 'Bst': '48.38 ', 'Rst': '22 '}"
3392,Iron Roundshield,Standard +12 ,"{'Phy': '125 ', 'Mag': '- ', 'Fir': '- ', 'Lit': '- ', 'Hol': '- ', 'Sta': '87 '}","{'Str': 'D ', 'Dex': '- ', 'Int': '- ', 'Fai': '- ', 'Arc': '- '}",{'Any': '- '},"{'Phy': '80 ', 'Mag': '42 ', 'Fir': '42 ', 'Lit': '18 ', 'Hol': '42 ', 'Bst': '48.79 ', 'Rst': '22 '}"
3393,Iron Roundshield,Standard +13 ,"{'Phy': '129 ', 'Mag': '- ', 'Fir': '- ', 'Lit': '- ', 'Hol': '- ', 'Sta': '89 '}","{'Str': 'D ', 'Dex': '- ', 'Int': '- ', 'Fai': '- ', 'Arc': '- '}",{'Any': '- '},"{'Phy': '80 ', 'Mag': '42 ', 'Fir': '42 ', 'Lit': '18 ', 'Hol': '42 ', 'Bst': '49.2 ', 'Rst': '22 '}"
3394,Iron Roundshield,Standard +14 ,"{'Phy': '134 ', 'Mag': '- ', 'Fir': '- ', 'Lit': '- ', 'Hol': '- ', 'Sta': '92 '}","{'Str': 'D ', 'Dex': '- ', 'Int': '- ', 'Fai': '- ', 'Arc': '- '}",{'Any': '- '},"{'Phy': '80 ', 'Mag': '42 ', 'Fir': '42 ', 'Lit': '18 ', 'Hol': '42 ', 'Bst': '49.61 ', 'Rst': '22 '}"
3395,Iron Roundshield,Standard +15 ,"{'Phy': '138 ', 'Mag': '- ', 'Fir': '- ', 'Lit': '- ', 'Hol': '- ', 'Sta': '94 '}","{'Str': 'D ', 'Dex': '- ', 'Int': '- ', 'Fai': '- ', 'Arc': '- '}",{'Any': '- '},"{'Phy': '80 ', 'Mag': '42 ', 'Fir': '42 ', 'Lit': '18 ', 'Hol': '42 ', 'Bst': '50.02 ', 'Rst': '22 '}"
3396,Iron Roundshield,Standard +16 ,"{'Phy': '142 ', 'Mag': '- ', 'Fir': '- ', 'Lit': '- ', 'Hol': '- ', 'Sta': '96 '}","{'Str': 'D ', 'Dex': '- ', 'Int': '- ', 'Fai': '- ', 'Arc': '- '}",{'Any': '- '},"{'Phy': '80 ', 'Mag': '42 ', 'Fir': '42 ', 'Lit': '18 ', 'Hol': '42 ', 'Bst': '50.43 ', 'Rst': '22 '}"
3397,Iron Roundshield,Standard +17 ,"{'Phy': '146 ', 'Mag': '- ', 'Fir': '- ', 'Lit': '- ', 'Hol': '- ', 'Sta': '99 '}","{'Str': 'D ', 'Dex': '- ', 'Int': '- ', 'Fai': '- ', 'Arc': '- '}",{'Any': '- '},"{'Phy': '80 ', 'Mag': '42 ', 'Fir': '42 ', 'Lit': '18 ', 'Hol': '42 ', 'Bst': '50.84 ', 'Rst': '22 '}"
3398,Iron Roundshield,Standard +18 ,"{'Phy': '151 ', 'Mag': '- ', 'Fir': '- ', 'Lit': '- ', 'Hol': '- ', 'Sta': '101 '}","{'Str': 'D ', 'Dex': '- ', 'Int': '- ', 'Fai': '- ', 'Arc': '- '}",{'Any': '- '},"{'Phy': '80 ', 'Mag': '42 ', 'Fir': '42 ', 'Lit': '18 ', 'Hol': '42 ', 'Bst': '51.25 ', 'Rst': '22 '}"
3399,Iron Roundshield,Standard +19 ,"{'Phy': '155 ', 'Mag': '- ', 'Fir': '- ', 'Lit': '- ', 'Hol': '- ', 'Sta': '103 '}","{'Str': 'D ', 'Dex': '- ', 'Int': '- ', 'Fai': '- ', 'Arc': '- '}",{'Any': '- '},"{'Phy': '80 ', 'Mag': '42 ', 'Fir': '42 ', 'Lit': '18 ', 'Hol': '42 ', 'Bst': '51.66 ', 'Rst': '22 '}"
3400,Iron Roundshield,Standard +20 ,"{'Phy': '159 ', 'Mag': '- ', 'Fir': '- ', 'Lit': '- ', 'Hol': '- ', 'Sta': '106 '}","{'Str': 'D ', 'Dex': '- ', 'Int': '- ', 'Fai': '- ', 'Arc': '- '}",{'Any': '- '},"{'Phy': '80 ', 'Mag': '42 ', 'Fir': '42 ', 'Lit': '18 ', 'Hol': '42 ', 'Bst': '52.07 ', 'Rst': '22 '}"
3401,Iron Roundshield,Standard +21 ,"{'Phy': '164 ', 'Mag': '- ', 'Fir': '- ', 'Lit': '- ', 'Hol': '- ', 'Sta': '108 '}","{'Str': 'D ', 'Dex': '- ', 'Int': '- ', 'Fai': '- ', 'Arc': '- '}",{'Any': '- '},"{'Phy': '80 ', 'Mag': '42 ', 'Fir': '42 ', 'Lit': '18 ', 'Hol': '42 ', 'Bst': '52.48 ', 'Rst': '22 '}"
3402,Iron Roundshield,Standard +22 ,"{'Phy': '168 ', 'Mag': '- ', 'Fir': '- ', 'Lit': '- ', 'Hol': '- ', 'Sta': '110 '}","{'Str': 'D ', 'Dex': '- ', 'Int': '- ', 'Fai': '- ', 'Arc': '- '}",{'Any': '- '},"{'Phy': '80 ', 'Mag': '42 ', 'Fir': '42 ', 'Lit': '18 ', 'Hol': '42 ', 'Bst': '52.89 ', 'Rst': '22 '}"
3403,Iron Roundshield,Standard +23 ,"{'Phy': '172 ', 'Mag': '- ', 'Fir': '- ', 'Lit': '- ', 'Hol': '- ', 'Sta': '113 '}","{'Str': 'D ', 'Dex': '- ', 'Int': '- ', 'Fai': '- ', 'Arc': '- '}",{'Any': '- '},"{'Phy': '80 ', 'Mag': '42 ', 'Fir': '42 ', 'Lit': '18 ', 'Hol': '42 ', 'Bst': '53.3 ', 'Rst': '22 '}"
3404,Iron Roundshield,Standard +24 ,"{'Phy': '177 ', 'Mag': '- ', 'Fir': '- ', 'Lit': '- ', 'Hol': '- ', 'Sta': '115 '}","{'Str': 'D ', 'Dex': '- ', 'Int': '- ', 'Fai': '- ', 'Arc': '- '}",{'Any': '- '},"{'Phy': '80 ', 'Mag': '42 ', 'Fir': '42 ', 'Lit': '18 ', 'Hol': '42 ', 'Bst': '53.71 ', 'Rst': '22 '}"
3405,Iron Roundshield,Standard +25 ,"{'Phy': '181 ', 'Mag': '- ', 'Fir': '- ', 'Lit': '- ', 'Hol': '- ', 'Sta': '118 '}","{'Str': 'D ', 'Dex': '- ', 'Int': '- ', 'Fai': '- ', 'Arc': '- '}",{'Any': '- '},"{'Phy': '80 ', 'Mag': '42 ', 'Fir': '42 ', 'Lit': '18 ', 'Hol': '42 ', 'Bst': '54.12 ', 'Rst': '22 '}"
3718,Gilded Iron Shield,Standard ,"{'Phy': '74 ', 'Mag': '- ', 'Fir': '- ', 'Lit': '- ', 'Hol': '- ', 'Sta': '59 '}","{'Str': 'E ', 'Dex': '- ', 'Int': '- ', 'Fai': '- ', 'Arc': '- '}",{'Any': '- '},"{'Phy': '78 ', 'Mag': '40 ', 'Fir': '38 ', 'Lit': '17 ', 'Hol': '51 ', 'Bst': '41 ', 'Rst': '22 '}"
3719,Gilded Iron Shield,Standard +1 ,"{'Phy': '78 ', 'Mag': '- ', 'Fir': '- ', 'Lit': '- ', 'Hol': '- ', 'Sta': '61 '}","{'Str': 'E ', 'Dex': '- ', 'Int': '- ', 'Fai': '- ', 'Arc': '- '}",{'Any': '- '},"{'Phy': '78 ', 'Mag': '40 ', 'Fir': '38 ', 'Lit': '17 ', 'Hol': '51 ', 'Bst': '41.82 ', 'Rst': '22 '}"
3720,Gilded Iron Shield,Standard +2 ,"{'Phy': '82 ', 'Mag': '- ', 'Fir': '- ', 'Lit': '- ', 'Hol': '- ', 'Sta': '63 '}","{'Str': 'D ', 'Dex': '- ', 'Int': '- ', 'Fai': '- ', 'Arc': '- '}",{'Any': '- '},"{'Phy': '78 ', 'Mag': '40 ', 'Fir': '38 ', 'Lit': '17 ', 'Hol': '51 ', 'Bst': '42.64 ', 'Rst': '22 '}"
3721,Gilded Iron Shield,Standard +3 ,"{'Phy': '86 ', 'Mag': '- ', 'Fir': '- ', 'Lit': '- ', 'Hol': '- ', 'Sta': '66 '}","{'Str': 'D ', 'Dex': '- ', 'Int': '- ', 'Fai': '- ', 'Arc': '- '}",{'Any': '- '},"{'Phy': '78 ', 'Mag': '40 ', 'Fir': '38 ', 'Lit': '17 ', 'Hol': '51 ', 'Bst': '43.46 ', 'Rst': '22 '}"
3722,Gilded Iron Shield,Standard +4 ,"{'Phy': '91 ', 'Mag': '- ', 'Fir': '- ', 'Lit': '- ', 'Hol': '- ', 'Sta': '68 '}","{'Str': 'D ', 'Dex': '- ', 'Int': '- ', 'Fai': '- ', 'Arc': '- '}",{'Any': '- '},"{'Phy': '78 ', 'Mag': '40 ', 'Fir': '38 ', 'Lit': '17 ', 'Hol': '51 ', 'Bst': '44.28 ', 'Rst': '22 '}"
3723,Gilded Iron Shield,Standard +5 ,"{'Phy': '95 ', 'Mag': '- ', 'Fir': '- ', 'Lit': '- ', 'Hol': '- ', 'Sta': '70 '}","{'Str': 'D ', 'Dex': '- ', 'Int': '- ', 'Fai': '- ', 'Arc': '- '}",{'Any': '- '},"{'Phy': '78 ', 'Mag': '40 ', 'Fir': '38 ', 'Lit': '17 ', 'Hol': '51 ', 'Bst': '45.1 ', 'Rst': '22 '}"
3724,Gilded Iron Shield,Standard +6 ,"{'Phy': '99 ', 'Mag': '- ', 'Fir': '- ', 'Lit': '- ', 'Hol': '- ', 'Sta': '73 '}","{'Str': 'D ', 'Dex': '- ', 'Int': '- ', 'Fai': '- ', 'Arc': '- '}",{'Any': '- '},"{'Phy': '78 ', 'Mag': '40 ', 'Fir': '38 ', 'Lit': '17 ', 'Hol': '51 ', 'Bst': '45.92 ', 'Rst': '22 '}"
3725,Gilded Iron Shield,Standard +7 ,"{'Phy': '104 ', 'Mag': '- ', 'Fir': '- ', 'Lit': '- ', 'Hol': '- ', 'Sta': '75 '}","{'Str': 'D ', 'Dex': '- ', 'Int': '- ', 'Fai': '- ', 'Arc': '- '}",{'Any': '- '},"{'Phy': '78 ', 'Mag': '40 ', 'Fir': '38 ', 'Lit': '17 ', 'Hol': '51 ', 'Bst': '46.74 ', 'Rst': '22 '}"
3726,Gilded Iron Shield,Standard +8 ,"{'Phy': '108 ', 'Mag': '- ', 'Fir': '- ', 'Lit': '- ', 'Hol': '- ', 'Sta': '77 '}","{'Str': 'D ', 'Dex': '- ', 'Int': '- ', 'Fai': '- ', 'Arc': '- '}",{'Any': '- '},"{'Phy': '78 ', 'Mag': '40 ', 'Fir': '38 ', 'Lit': '17 ', 'Hol': '51 ', 'Bst': '47.15 ', 'Rst': '22 '}"
3727,Gilded Iron Shield,Standard +9 ,"{'Phy': '112 ', 'Mag': '- ', 'Fir': '- ', 'Lit': '- ', 'Hol': '- ', 'Sta': '80 '}","{'Str': 'D ', 'Dex': '- ', 'Int': '- ', 'Fai': '- ', 'Arc': '- '}",{'Any': '- '},"{'Phy': '78 ', 'Mag': '40 ', 'Fir': '38 ', 'Lit': '17 ', 'Hol': '51 ', 'Bst': '47.56 ', 'Rst': '22 '}"
3728,Gilded Iron Shield,Standard +10 ,"{'Phy': '116 ', 'Mag': '- ', 'Fir': '- ', 'Lit': '- ', 'Hol': '- ', 'Sta': '82 '}","{'Str': 'D ', 'Dex': '- ', 'Int': '- ', 'Fai': '- ', 'Arc': '- '}",{'Any': '- '},"{'Phy': '78 ', 'Mag': '40 ', 'Fir': '38 ', 'Lit': '17 ', 'Hol': '51 ', 'Bst': '47.97 ', 'Rst': '22 '}"
3729,Gilded Iron Shield,Standard +11 ,"{'Phy': '121 ', 'Mag': '- ', 'Fir': '- ', 'Lit': '- ', 'Hol': '- ', 'Sta': '84 '}","{'Str': 'D ', 'Dex': '- ', 'Int': '- ', 'Fai': '- ', 'Arc': '- '}",{'Any': '- '},"{'Phy': '78 ', 'Mag': '40 ', 'Fir': '38 ', 'Lit': '17 ', 'Hol': '51 ', 'Bst': '48.38 ', 'Rst': '22 '}"
3730,Gilded Iron Shield,Standard +12 ,"{'Phy': '125 ', 'Mag': '- ', 'Fir': '- ', 'Lit': '- ', 'Hol': '- ', 'Sta': '87 '}","{'Str': 'D ', 'Dex': '- ', 'Int': '- ', 'Fai': '- ', 'Arc': '- '}",{'Any': '- '},"{'Phy': '78 ', 'Mag': '40 ', 'Fir': '38 ', 'Lit': '17 ', 'Hol': '51 ', 'Bst': '48.79 ', 'Rst': '22 '}"
3731,Gilded Iron Shield,Standard +13 ,"{'Phy': '129 ', 'Mag': '- ', 'Fir': '- ', 'Lit': '- ', 'Hol': '- ', 'Sta': '89 '}","{'Str': 'D ', 'Dex': '- ', 'Int': '- ', 'Fai': '- ', 'Arc': '- '}",{'Any': '- '},"{'Phy': '78 ', 'Mag': '40 ', 'Fir': '38 ', 'Lit': '17 ', 'Hol': '51 ', 'Bst': '49.2 ', 'Rst': '22 '}"
3732,Gilded Iron Shield,Standard +14 ,"{'Phy': '134 ', 'Mag': '- ', 'Fir': '- ', 'Lit': '- ', 'Hol': '- ', 'Sta': '92 '}","{'Str': 'D ', 'Dex': '- ', 'Int': '- ', 'Fai': '- ', 'Arc': '- '}",{'Any': '- '},"{'Phy': '78 ', 'Mag': '40 ', 'Fir': '38 ', 'Lit': '17 ', 'Hol': '51 ', 'Bst': '49.61 ', 'Rst': '22 '}"
3733,Gilded Iron Shield,Standard +15 ,"{'Phy': '138 ', 'Mag': '- ', 'Fir': '- ', 'Lit': '- ', 'Hol': '- ', 'Sta': '94 '}","{'Str': 'D ', 'Dex': '- ', 'Int': '- ', 'Fai': '- ', 'Arc': '- '}",{'Any': '- '},"{'Phy': '78 ', 'Mag': '40 ', 'Fir': '38 ', 'Lit': '17 ', 'Hol': '51 ', 'Bst': '50.02 ', 'Rst': '22 '}"
3734,Gilded Iron Shield,Standard +16 ,"{'Phy': '142 ', 'Mag': '- ', 'Fir': '- ', 'Lit': '- ', 'Hol': '- ', 'Sta': '96 '}","{'Str': 'D ', 'Dex': '- ', 'Int': '- ', 'Fai': '- ', 'Arc': '- '}",{'Any': '- '},"{'Phy': '78 ', 'Mag': '40 ', 'Fir': '38 ', 'Lit': '17 ', 'Hol': '51 ', 'Bst': '50.43 ', 'Rst': '22 '}"
3735,Gilded Iron Shield,Standard +17 ,"{'Phy': '146 ', 'Mag': '- ', 'Fir': '- ', 'Lit': '- ', 'Hol': '- ', 'Sta': '99 '}","{'Str': 'D ', 'Dex': '- ', 'Int': '- ', 'Fai': '- ', 'Arc': '- '}",{'Any': '- '},"{'Phy': '78 ', 'Mag': '40 ', 'Fir': '38 ', 'Lit': '17 ', 'Hol': '51 ', 'Bst': '50.84 ', 'Rst': '22 '}"
3736,Gilded Iron Shield,Standard +18 ,"{'Phy': '151 ', 'Mag': '- ', 'Fir': '- ', 'Lit': '- ', 'Hol': '- ', 'Sta': '101 '}","{'Str': 'D ', 'Dex': '- ', 'Int': '- ', 'Fai': '- ', 'Arc': '- '}",{'Any': '- '},"{'Phy': '78 ', 'Mag': '40 ', 'Fir': '38 ', 'Lit': '17 ', 'Hol': '51 ', 'Bst': '51.25 ', 'Rst': '22 '}"
3737,Gilded Iron Shield,Standard +19 ,"{'Phy': '155 ', 'Mag': '- ', 'Fir': '- ', 'Lit': '- ', 'Hol': '- ', 'Sta': '103 '}","{'Str': 'D ', 'Dex': '- ', 'Int': '- ', 'Fai': '- ', 'Arc': '- '}",{'Any': '- '},"{'Phy': '78 ', 'Mag': '40 ', 'Fir': '38 ', 'Lit': '17 ', 'Hol': '51 ', 'Bst': '51.66 ', 'Rst': '22 '}"
3738,Gilded Iron Shield,Standard +20 ,"{'Phy': '159 ', 'Mag': '- ', 'Fir': '- ', 'Lit': '- ', 'Hol': '- ', 'Sta': '106 '}","{'Str': 'D ', 'Dex': '- ', 'Int': '- ', 'Fai': '- ', 'Arc': '- '}",{'Any': '- '},"{'Phy': '78 ', 'Mag': '40 ', 'Fir': '38 ', 'Lit': '17 ', 'Hol': '51 ', 'Bst': '52.07 ', 'Rst': '22 '}"
3739,Gilded Iron Shield,Standard +21 ,"{'Phy': '164 ', 'Mag': '- ', 'Fir': '- ', 'Lit': '- ', 'Hol': '- ', 'Sta': '108 '}","{'Str': 'D ', 'Dex': '- ', 'Int': '- ', 'Fai': '- ', 'Arc': '- '}",{'Any': '- '},"{'Phy': '78 ', 'Mag': '40 ', 'Fir': '38 ', 'Lit': '17 ', 'Hol': '51 ', 'Bst': '52.48 ', 'Rst': '22 '}"
3740,Gilded Iron Shield,Standard +22 ,"{'Phy': '168 ', 'Mag': '- ', 'Fir': '- ', 'Lit': '- ', 'Hol': '- ', 'Sta': '110 '}","{'Str': 'D ', 'Dex': '- ', 'Int': '- ', 'Fai': '- ', 'Arc': '- '}",{'Any': '- '},"{'Phy': '78 ', 'Mag': '40 ', 'Fir': '38 ', 'Lit': '17 ', 'Hol': '51 ', 'Bst': '52.89 ', 'Rst': '22 '}"
3741,Gilded Iron Shield,Standard +23 ,"{'Phy': '172 ', 'Mag': '- ', 'Fir': '- ', 'Lit': '- ', 'Hol': '- ', 'Sta': '113 '}","{'Str': 'D ', 'Dex': '- ', 'Int': '- ', 'Fai': '- ', 'Arc': '- '}",{'Any': '- '},"{'Phy': '78 ', 'Mag': '40 ', 'Fir': '38 ', 'Lit': '17 ', 'Hol': '51 ', 'Bst': '53.3 ', 'Rst': '22 '}"
3742,Gilded Iron Shield,Standard +24 ,"{'Phy': '177 ', 'Mag': '- ', 'Fir': '- ', 'Lit': '- ', 'Hol': '- ', 'Sta': '115 '}","{'Str': 'D ', 'Dex': '- ', 'Int': '- ', 'Fai': '- ', 'Arc': '- '}",{'Any': '- '},"{'Phy': '78 ', 'Mag': '40 ', 'Fir': '38 ', 'Lit': '17 ', 'Hol': '51 ', 'Bst': '53.71 ', 'Rst': '22 '}"
3743,Gilded Iron Shield,Standard +25 ,"{'Phy': '181 ', 'Mag': '- ', 'Fir': '- ', 'Lit': '- ', 'Hol': '- ', 'Sta': '118 '}","{'Str': 'D ', 'Dex': '- ', 'Int': '- ', 'Fai': '- ', 'Arc': '- '}",{'Any': '- '},"{'Phy': '78 ', 'Mag': '40 ', 'Fir': '38 ', 'Lit': '17 ', 'Hol': '51 ', 'Bst': '54.12 ', 'Rst': '22 '}"
4056,Gilded Iron Shield,Standard ,"{'Phy': '74 ', 'Mag': '- ', 'Fir': '- ', 'Lit': '- ', 'Hol': '- ', 'Sta': '59 '}","{'Str': 'E ', 'Dex': '- ', 'Int': '- ', 'Fai': '- ', 'Arc': '- '}",{'Any': '- '},"{'Phy': '78 ', 'Mag': '40 ', 'Fir': '38 ', 'Lit': '17 ', 'Hol': '51 ', 'Bst': '41 ', 'Rst': '22 '}"
4057,Gilded Iron Shield,Standard +1 ,"{'Phy': '78 ', 'Mag': '- ', 'Fir': '- ', 'Lit': '- ', 'Hol': '- ', 'Sta': '61 '}","{'Str': 'E ', 'Dex': '- ', 'Int': '- ', 'Fai': '- ', 'Arc': '- '}",{'Any': '- '},"{'Phy': '78 ', 'Mag': '40 ', 'Fir': '38 ', 'Lit': '17 ', 'Hol': '51 ', 'Bst': '41.82 ', 'Rst': '22 '}"
4058,Gilded Iron Shield,Standard +2 ,"{'Phy': '82 ', 'Mag': '- ', 'Fir': '- ', 'Lit': '- ', 'Hol': '- ', 'Sta': '63 '}","{'Str': 'D ', 'Dex': '- ', 'Int': '- ', 'Fai': '- ', 'Arc': '- '}",{'Any': '- '},"{'Phy': '78 ', 'Mag': '40 ', 'Fir': '38 ', 'Lit': '17 ', 'Hol': '51 ', 'Bst': '42.64 ', 'Rst': '22 '}"
4059,Gilded Iron Shield,Standard +3 ,"{'Phy': '86 ', 'Mag': '- ', 'Fir': '- ', 'Lit': '- ', 'Hol': '- ', 'Sta': '66 '}","{'Str': 'D ', 'Dex': '- ', 'Int': '- ', 'Fai': '- ', 'Arc': '- '}",{'Any': '- '},"{'Phy': '78 ', 'Mag': '40 ', 'Fir': '38 ', 'Lit': '17 ', 'Hol': '51 ', 'Bst': '43.46 ', 'Rst': '22 '}"
4060,Gilded Iron Shield,Standard +4 ,"{'Phy': '91 ', 'Mag': '- ', 'Fir': '- ', 'Lit': '- ', 'Hol': '- ', 'Sta': '68 '}","{'Str': 'D ', 'Dex': '- ', 'Int': '- ', 'Fai': '- ', 'Arc': '- '}",{'Any': '- '},"{'Phy': '78 ', 'Mag': '40 ', 'Fir': '38 ', 'Lit': '17 ', 'Hol': '51 ', 'Bst': '44.28 ', 'Rst': '22 '}"
4061,Gilded Iron Shield,Standard +5 ,"{'Phy': '95 ', 'Mag': '- ', 'Fir': '- ', 'Lit': '- ', 'Hol': '- ', 'Sta': '70 '}","{'Str': 'D ', 'Dex': '- ', 'Int': '- ', 'Fai': '- ', 'Arc': '- '}",{'Any': '- '},"{'Phy': '78 ', 'Mag': '40 ', 'Fir': '38 ', 'Lit': '17 ', 'Hol': '51 ', 'Bst': '45.1 ', 'Rst': '22 '}"
4062,Gilded Iron Shield,Standard +6 ,"{'Phy': '99 ', 'Mag': '- ', 'Fir': '- ', 'Lit': '- ', 'Hol': '- ', 'Sta': '73 '}","{'Str': 'D ', 'Dex': '- ', 'Int': '- ', 'Fai': '- ', 'Arc': '- '}",{'Any': '- '},"{'Phy': '78 ', 'Mag': '40 ', 'Fir': '38 ', 'Lit': '17 ', 'Hol': '51 ', 'Bst': '45.92 ', 'Rst': '22 '}"
4063,Gilded Iron Shield,Standard +7 ,"{'Phy': '104 ', 'Mag': '- ', 'Fir': '- ', 'Lit': '- ', 'Hol': '- ', 'Sta': '75 '}","{'Str': 'D ', 'Dex': '- ', 'Int': '- ', 'Fai': '- ', 'Arc': '- '}",{'Any': '- '},"{'Phy': '78 ', 'Mag': '40 ', 'Fir': '38 ', 'Lit': '17 ', 'Hol': '51 ', 'Bst': '46.74 ', 'Rst': '22 '}"
4064,Gilded Iron Shield,Standard +8 ,"{'Phy': '108 ', 'Mag': '- ', 'Fir': '- ', 'Lit': '- ', 'Hol': '- ', 'Sta': '77 '}","{'Str': 'D ', 'Dex': '- ', 'Int': '- ', 'Fai': '- ', 'Arc': '- '}",{'Any': '- '},"{'Phy': '78 ', 'Mag': '40 ', 'Fir': '38 ', 'Lit': '17 ', 'Hol': '51 ', 'Bst': '47.15 ', 'Rst': '22 '}"
4065,Gilded Iron Shield,Standard +9 ,"{'Phy': '112 ', 'Mag': '- ', 'Fir': '- ', 'Lit': '- ', 'Hol': '- ', 'Sta': '80 '}","{'Str': 'D ', 'Dex': '- ', 'Int': '- ', 'Fai': '- ', 'Arc': '- '}",{'Any': '- '},"{'Phy': '78 ', 'Mag': '40 ', 'Fir': '38 ', 'Lit': '17 ', 'Hol': '51 ', 'Bst': '47.56 ', 'Rst': '22 '}"
4066,Gilded Iron Shield,Standard +10 ,"{'Phy': '116 ', 'Mag': '- ', 'Fir': '- ', 'Lit': '- ', 'Hol': '- ', 'Sta': '82 '}","{'Str': 'D ', 'Dex': '- ', 'Int': '- ', 'Fai': '- ', 'Arc': '- '}",{'Any': '- '},"{'Phy': '78 ', 'Mag': '40 ', 'Fir': '38 ', 'Lit': '17 ', 'Hol': '51 ', 'Bst': '47.97 ', 'Rst': '22 '}"
4067,Gilded Iron Shield,Standard +11 ,"{'Phy': '121 ', 'Mag': '- ', 'Fir': '- ', 'Lit': '- ', 'Hol': '- ', 'Sta': '84 '}","{'Str': 'D ', 'Dex': '- ', 'Int': '- ', 'Fai': '- ', 'Arc': '- '}",{'Any': '- '},"{'Phy': '78 ', 'Mag': '40 ', 'Fir': '38 ', 'Lit': '17 ', 'Hol': '51 ', 'Bst': '48.38 ', 'Rst': '22 '}"
4068,Gilded Iron Shield,Standard +12 ,"{'Phy': '125 ', 'Mag': '- ', 'Fir': '- ', 'Lit': '- ', 'Hol': '- ', 'Sta': '87 '}","{'Str': 'D ', 'Dex': '- ', 'Int': '- ', 'Fai': '- ', 'Arc': '- '}",{'Any': '- '},"{'Phy': '78 ', 'Mag': '40 ', 'Fir': '38 ', 'Lit': '17 ', 'Hol': '51 ', 'Bst': '48.79 ', 'Rst': '22 '}"
4069,Gilded Iron Shield,Standard +13 ,"{'Phy': '129 ', 'Mag': '- ', 'Fir': '- ', 'Lit': '- ', 'Hol': '- ', 'Sta': '89 '}","{'Str': 'D ', 'Dex': '- ', 'Int': '- ', 'Fai': '- ', 'Arc': '- '}",{'Any': '- '},"{'Phy': '78 ', 'Mag': '40 ', 'Fir': '38 ', 'Lit': '17 ', 'Hol': '51 ', 'Bst': '49.2 ', 'Rst': '22 '}"
4070,Gilded Iron Shield,Standard +14 ,"{'Phy': '134 ', 'Mag': '- ', 'Fir': '- ', 'Lit': '- ', 'Hol': '- ', 'Sta': '92 '}","{'Str': 'D ', 'Dex': '- ', 'Int': '- ', 'Fai': '- ', 'Arc': '- '}",{'Any': '- '},"{'Phy': '78 ', 'Mag': '40 ', 'Fir': '38 ', 'Lit': '17 ', 'Hol': '51 ', 'Bst': '49.61 ', 'Rst': '22 '}"
4071,Gilded Iron Shield,Standard +15 ,"{'Phy': '138 ', 'Mag': '- ', 'Fir': '- ', 'Lit': '- ', 'Hol': '- ', 'Sta': '94 '}","{'Str': 'D ', 'Dex': '- ', 'Int': '- ', 'Fai': '- ', 'Arc': '- '}",{'Any': '- '},"{'Phy': '78 ', 'Mag': '40 ', 'Fir': '38 ', 'Lit': '17 ', 'Hol': '51 ', 'Bst': '50.02 ', 'Rst': '22 '}"
4072,Gilded Iron Shield,Standard +16 ,"{'Phy': '142 ', 'Mag': '- ', 'Fir': '- ', 'Lit': '- ', 'Hol': '- ', 'Sta': '96 '}","{'Str': 'D ', 'Dex': '- ', 'Int': '- ', 'Fai': '- ', 'Arc': '- '}",{'Any': '- '},"{'Phy': '78 ', 'Mag': '40 ', 'Fir': '38 ', 'Lit': '17 ', 'Hol': '51 ', 'Bst': '50.43 ', 'Rst': '22 '}"
4073,Gilded Iron Shield,Standard +17 ,"{'Phy': '146 ', 'Mag': '- ', 'Fir': '- ', 'Lit': '- ', 'Hol': '- ', 'Sta': '99 '}","{'Str': 'D ', 'Dex': '- ', 'Int': '- ', 'Fai': '- ', 'Arc': '- '}",{'Any': '- '},"{'Phy': '78 ', 'Mag': '40 ', 'Fir': '38 ', 'Lit': '17 ', 'Hol': '51 ', 'Bst': '50.84 ', 'Rst': '22 '}"
4074,Gilded Iron Shield,Standard +18 ,"{'Phy': '151 ', 'Mag': '- ', 'Fir': '- ', 'Lit': '- ', 'Hol': '- ', 'Sta': '101 '}","{'Str': 'D ', 'Dex': '- ', 'Int': '- ', 'Fai': '- ', 'Arc': '- '}",{'Any': '- '},"{'Phy': '78 ', 'Mag': '40 ', 'Fir': '38 ', 'Lit': '17 ', 'Hol': '51 ', 'Bst': '51.25 ', 'Rst': '22 '}"
4075,Gilded Iron Shield,Standard +19 ,"{'Phy': '155 ', 'Mag': '- ', 'Fir': '- ', 'Lit': '- ', 'Hol': '- ', 'Sta': '103 '}","{'Str': 'D ', 'Dex': '- ', 'Int': '- ', 'Fai': '- ', 'Arc': '- '}",{'Any': '- '},"{'Phy': '78 ', 'Mag': '40 ', 'Fir': '38 ', 'Lit': '17 ', 'Hol': '51 ', 'Bst': '51.66 ', 'Rst': '22 '}"
4076,Gilded Iron Shield,Standard +20 ,"{'Phy': '159 ', 'Mag': '- ', 'Fir': '- ', 'Lit': '- ', 'Hol': '- ', 'Sta': '106 '}","{'Str': 'D ', 'Dex': '- ', 'Int': '- ', 'Fai': '- ', 'Arc': '- '}",{'Any': '- '},"{'Phy': '78 ', 'Mag': '40 ', 'Fir': '38 ', 'Lit': '17 ', 'Hol': '51 ', 'Bst': '52.07 ', 'Rst': '22 '}"
4077,Gilded Iron Shield,Standard +21 ,"{'Phy': '164 ', 'Mag': '- ', 'Fir': '- ', 'Lit': '- ', 'Hol': '- ', 'Sta': '108 '}","{'Str': 'D ', 'Dex': '- ', 'Int': '- ', 'Fai': '- ', 'Arc': '- '}",{'Any': '- '},"{'Phy': '78 ', 'Mag': '40 ', 'Fir': '38 ', 'Lit': '17 ', 'Hol': '51 ', 'Bst': '52.48 ', 'Rst': '22 '}"
4078,Gilded Iron Shield,Standard +22 ,"{'Phy': '168 ', 'Mag': '- ', 'Fir': '- ', 'Lit': '- ', 'Hol': '- ', 'Sta': '110 '}","{'Str': 'D ', 'Dex': '- ', 'Int': '- ', 'Fai': '- ', 'Arc': '- '}",{'Any': '- '},"{'Phy': '78 ', 'Mag': '40 ', 'Fir': '38 ', 'Lit': '17 ', 'Hol': '51 ', 'Bst': '52.89 ', 'Rst': '22 '}"
4079,Gilded Iron Shield,Standard +23 ,"{'Phy': '172 ', 'Mag': '- ', 'Fir': '- ', 'Lit': '- ', 'Hol': '- ', 'Sta': '113 '}","{'Str': 'D ', 'Dex': '- ', 'Int': '- ', 'Fai': '- ', 'Arc': '- '}",{'Any': '- '},"{'Phy': '78 ', 'Mag': '40 ', 'Fir': '38 ', 'Lit': '17 ', 'Hol': '51 ', 'Bst': '53.3 ', 'Rst': '22 '}"
4080,Gilded Iron Shield,Standard +24 ,"{'Phy': '177 ', 'Mag': '- ', 'Fir': '- ', 'Lit': '- ', 'Hol': '- ', 'Sta': '115 '}","{'Str': 'D ', 'Dex': '- ', 'Int': '- ', 'Fai': '- ', 'Arc': '- '}",{'Any': '- '},"{'Phy': '78 ', 'Mag': '40 ', 'Fir': '38 ', 'Lit': '17 ', 'Hol': '51 ', 'Bst': '53.71 ', 'Rst': '22 '}"
4081,Gilded Iron Shield,Standard +25 ,"{'Phy': '181 ', 'Mag': '- ', 'Fir': '- ', 'Lit': '- ', 'Hol': '- ', 'Sta': '118 '}","{'Str': 'D ', 'Dex': '- ', 'Int': '- ', 'Fai': '- ', 'Arc': '- '}",{'Any': '- '},"{'Phy': '78 ', 'Mag': '40 ', 'Fir': '38 ', 'Lit': '17 ', 'Hol': '51 ', 'Bst': '54.12 ', 'Rst': '22 '}"
4394,Man-Serpent's Shield,Standard ,"{'Phy': '70 ', 'Mag': '- ', 'Fir': '- ', 'Lit': '- ', 'Hol': '- ', 'Sta': '54 '}","{'Str': 'E ', 'Dex': '- ', 'Int': '- ', 'Fai': '- ', 'Arc': '- '}",{'Any': '- '},"{'Phy': '75 ', 'Mag': '35 ', 'Fir': '48 ', 'Lit': '18 ', 'Hol': '33 ', 'Bst': '39 ', 'Rst': '20 '}"
4395,Man-Serpent's Shield,Standard +1 ,"{'Phy': '74 ', 'Mag': '- ', 'Fir': '- ', 'Lit': '- ', 'Hol': '- ', 'Sta': '56 '}","{'Str': 'E ', 'Dex': '- ', 'Int': '- ', 'Fai': '- ', 'Arc': '- '}",{'Any': '- '},"{'Phy': '75 ', 'Mag': '35 ', 'Fir': '48 ', 'Lit': '18 ', 'Hol': '33 ', 'Bst': '39.78 ', 'Rst': '20 '}"
4396,Man-Serpent's Shield,Standard +2 ,"{'Phy': '78 ', 'Mag': '- ', 'Fir': '- ', 'Lit': '- ', 'Hol': '- ', 'Sta': '58 '}","{'Str': 'D ', 'Dex': '- ', 'Int': '- ', 'Fai': '- ', 'Arc': '- '}",{'Any': '- '},"{'Phy': '75 ', 'Mag': '35 ', 'Fir': '48 ', 'Lit': '18 ', 'Hol': '33 ', 'Bst': '40.56 ', 'Rst': '20 '}"
4397,Man-Serpent's Shield,Standard +3 ,"{'Phy': '82 ', 'Mag': '- ', 'Fir': '- ', 'Lit': '- ', 'Hol': '- ', 'Sta': '60 '}","{'Str': 'D ', 'Dex': '- ', 'Int': '- ', 'Fai': '- ', 'Arc': '- '}",{'Any': '- '},"{'Phy': '75 ', 'Mag': '35 ', 'Fir': '48 ', 'Lit': '18 ', 'Hol': '33 ', 'Bst': '41.34 ', 'Rst': '20 '}"
4398,Man-Serpent's Shield,Standard +4 ,"{'Phy': '86 ', 'Mag': '- ', 'Fir': '- ', 'Lit': '- ', 'Hol': '- ', 'Sta': '62 '}","{'Str': 'D ', 'Dex': '- ', 'Int': '- ', 'Fai': '- ', 'Arc': '- '}",{'Any': '- '},"{'Phy': '75 ', 'Mag': '35 ', 'Fir': '48 ', 'Lit': '18 ', 'Hol': '33 ', 'Bst': '42.12 ', 'Rst': '20 '}"
4399,Man-Serpent's Shield,Standard +5 ,"{'Phy': '90 ', 'Mag': '- ', 'Fir': '- ', 'Lit': '- ', 'Hol': '- ', 'Sta': '64 '}","{'Str': 'D ', 'Dex': '- ', 'Int': '- ', 'Fai': '- ', 'Arc': '- '}",{'Any': '- '},"{'Phy': '75 ', 'Mag': '35 ', 'Fir': '48 ', 'Lit': '18 ', 'Hol': '33 ', 'Bst': '42.9 ', 'Rst': '20 '}"
4400,Man-Serpent's Shield,Standard +6 ,"{'Phy': '94 ', 'Mag': '- ', 'Fir': '- ', 'Lit': '- ', 'Hol': '- ', 'Sta': '66 '}","{'Str': 'D ', 'Dex': '- ', 'Int': '- ', 'Fai': '- ', 'Arc': '- '}",{'Any': '- '},"{'Phy': '75 ', 'Mag': '35 ', 'Fir': '48 ', 'Lit': '18 ', 'Hol': '33 ', 'Bst': '43.68 ', 'Rst': '20 '}"
4401,Man-Serpent's Shield,Standard +7 ,"{'Phy': '98 ', 'Mag': '- ', 'Fir': '- ', 'Lit': '- ', 'Hol': '- ', 'Sta': '69 '}","{'Str': 'D ', 'Dex': '- ', 'Int': '- ', 'Fai': '- ', 'Arc': '- '}",{'Any': '- '},"{'Phy': '75 ', 'Mag': '35 ', 'Fir': '48 ', 'Lit': '18 ', 'Hol': '33 ', 'Bst': '44.46 ', 'Rst': '20 '}"
4402,Man-Serpent's Shield,Standard +8 ,"{'Phy': '102 ', 'Mag': '- ', 'Fir': '- ', 'Lit': '- ', 'Hol': '- ', 'Sta': '71 '}","{'Str': 'D ', 'Dex': '- ', 'Int': '- ', 'Fai': '- ', 'Arc': '- '}",{'Any': '- '},"{'Phy': '75 ', 'Mag': '35 ', 'Fir': '48 ', 'Lit': '18 ', 'Hol': '33 ', 'Bst': '44.85 ', 'Rst': '20 '}"
4403,Man-Serpent's Shield,Standard +9 ,"{'Phy': '106 ', 'Mag': '- ', 'Fir': '- ', 'Lit': '- ', 'Hol': '- ', 'Sta': '73 '}","{'Str': 'D ', 'Dex': '- ', 'Int': '- ', 'Fai': '- ', 'Arc': '- '}",{'Any': '- '},"{'Phy': '75 ', 'Mag': '35 ', 'Fir': '48 ', 'Lit': '18 ', 'Hol': '33 ', 'Bst': '45.24 ', 'Rst': '20 '}"
4404,Man-Serpent's Shield,Standard +10 ,"{'Phy': '110 ', 'Mag': '- ', 'Fir': '- ', 'Lit': '- ', 'Hol': '- ', 'Sta': '75 '}","{'Str': 'D ', 'Dex': '- ', 'Int': '- ', 'Fai': '- ', 'Arc': '- '}",{'Any': '- '},"{'Phy': '75 ', 'Mag': '35 ', 'Fir': '48 ', 'Lit': '18 ', 'Hol': '33 ', 'Bst': '45.63 ', 'Rst': '20 '}"
4405,Man-Serpent's Shield,Standard +11 ,"{'Phy': '114 ', 'Mag': '- ', 'Fir': '- ', 'Lit': '- ', 'Hol': '- ', 'Sta': '77 '}","{'Str': 'D ', 'Dex': '- ', 'Int': '- ', 'Fai': '- ', 'Arc': '- '}",{'Any': '- '},"{'Phy': '75 ', 'Mag': '35 ', 'Fir': '48 ', 'Lit': '18 ', 'Hol': '33 ', 'Bst': '46.02 ', 'Rst': '20 '}"
4406,Man-Serpent's Shield,Standard +12 ,"{'Phy': '118 ', 'Mag': '- ', 'Fir': '- ', 'Lit': '- ', 'Hol': '- ', 'Sta': '79 '}","{'Str': 'D ', 'Dex': '- ', 'Int': '- ', 'Fai': '- ', 'Arc': '- '}",{'Any': '- '},"{'Phy': '75 ', 'Mag': '35 ', 'Fir': '48 ', 'Lit': '18 ', 'Hol': '33 ', 'Bst': '46.41 ', 'Rst': '20 '}"
4407,Man-Serpent's Shield,Standard +13 ,"{'Phy': '122 ', 'Mag': '- ', 'Fir': '- ', 'Lit': '- ', 'Hol': '- ', 'Sta': '82 '}","{'Str': 'D ', 'Dex': '- ', 'Int': '- ', 'Fai': '- ', 'Arc': '- '}",{'Any': '- '},"{'Phy': '75 ', 'Mag': '35 ', 'Fir': '48 ', 'Lit': '18 ', 'Hol': '33 ', 'Bst': '46.8 ', 'Rst': '20 '}"
4408,Man-Serpent's Shield,Standard +14 ,"{'Phy': '126 ', 'Mag': '- ', 'Fir': '- ', 'Lit': '- ', 'Hol': '- ', 'Sta': '84 '}","{'Str': 'D ', 'Dex': '- ', 'Int': '- ', 'Fai': '- ', 'Arc': '- '}",{'Any': '- '},"{'Phy': '75 ', 'Mag': '35 ', 'Fir': '48 ', 'Lit': '18 ', 'Hol': '33 ', 'Bst': '47.19 ', 'Rst': '20 '}"
4409,Man-Serpent's Shield,Standard +15 ,"{'Phy': '130 ', 'Mag': '- ', 'Fir': '- ', 'Lit': '- ', 'Hol': '- ', 'Sta': '86 '}","{'Str': 'D ', 'Dex': '- ', 'Int': '- ', 'Fai': '- ', 'Arc': '- '}",{'Any': '- '},"{'Phy': '75 ', 'Mag': '35 ', 'Fir': '48 ', 'Lit': '18 ', 'Hol': '33 ', 'Bst': '47.58 ', 'Rst': '20 '}"
4410,Man-Serpent's Shield,Standard +16 ,"{'Phy': '134 ', 'Mag': '- ', 'Fir': '- ', 'Lit': '- ', 'Hol': '- ', 'Sta': '88 '}","{'Str': 'D ', 'Dex': '- ', 'Int': '- ', 'Fai': '- ', 'Arc': '- '}",{'Any': '- '},"{'Phy': '75 ', 'Mag': '35 ', 'Fir': '48 ', 'Lit': '18 ', 'Hol': '33 ', 'Bst': '47.97 ', 'Rst': '20 '}"
4411,Man-Serpent's Shield,Standard +17 ,"{'Phy': '139 ', 'Mag': '- ', 'Fir': '- ', 'Lit': '- ', 'Hol': '- ', 'Sta': '90 '}","{'Str': 'D ', 'Dex': '- ', 'Int': '- ', 'Fai': '- ', 'Arc': '- '}",{'Any': '- '},"{'Phy': '75 ', 'Mag': '35 ', 'Fir': '48 ', 'Lit': '18 ', 'Hol': '33 ', 'Bst': '48.36 ', 'Rst': '20 '}"
4412,Man-Serpent's Shield,Standard +18 ,"{'Phy': '143 ', 'Mag': '- ', 'Fir': '- ', 'Lit': '- ', 'Hol': '- ', 'Sta': '92 '}","{'Str': 'D ', 'Dex': '- ', 'Int': '- ', 'Fai': '- ', 'Arc': '- '}",{'Any': '- '},"{'Phy': '75 ', 'Mag': '35 ', 'Fir': '48 ', 'Lit': '18 ', 'Hol': '33 ', 'Bst': '48.75 ', 'Rst': '20 '}"
4413,Man-Serpent's Shield,Standard +19 ,"{'Phy': '147 ', 'Mag': '- ', 'Fir': '- ', 'Lit': '- ', 'Hol': '- ', 'Sta': '95 '}","{'Str': 'D ', 'Dex': '- ', 'Int': '- ', 'Fai': '- ', 'Arc': '- '}",{'Any': '- '},"{'Phy': '75 ', 'Mag': '35 ', 'Fir': '48 ', 'Lit': '18 ', 'Hol': '33 ', 'Bst': '49.14 ', 'Rst': '20 '}"
4414,Man-Serpent's Shield,Standard +20 ,"{'Phy': '151 ', 'Mag': '- ', 'Fir': '- ', 'Lit': '- ', 'Hol': '- ', 'Sta': '97 '}","{'Str': 'D ', 'Dex': '- ', 'Int': '- ', 'Fai': '- ', 'Arc': '- '}",{'Any': '- '},"{'Phy': '75 ', 'Mag': '35 ', 'Fir': '48 ', 'Lit': '18 ', 'Hol': '33 ', 'Bst': '49.53 ', 'Rst': '20 '}"
4415,Man-Serpent's Shield,Standard +21 ,"{'Phy': '155 ', 'Mag': '- ', 'Fir': '- ', 'Lit': '- ', 'Hol': '- ', 'Sta': '99 '}","{'Str': 'D ', 'Dex': '- ', 'Int': '- ', 'Fai': '- ', 'Arc': '- '}",{'Any': '- '},"{'Phy': '75 ', 'Mag': '35 ', 'Fir': '48 ', 'Lit': '18 ', 'Hol': '33 ', 'Bst': '49.92 ', 'Rst': '20 '}"
4416,Man-Serpent's Shield,Standard +22 ,"{'Phy': '159 ', 'Mag': '- ', 'Fir': '- ', 'Lit': '- ', 'Hol': '- ', 'Sta': '101 '}","{'Str': 'D ', 'Dex': '- ', 'Int': '- ', 'Fai': '- ', 'Arc': '- '}",{'Any': '- '},"{'Phy': '75 ', 'Mag': '35 ', 'Fir': '48 ', 'Lit': '18 ', 'Hol': '33 ', 'Bst': '50.31 ', 'Rst': '20 '}"
4417,Man-Serpent's Shield,Standard +23 ,"{'Phy': '163 ', 'Mag': '- ', 'Fir': '- ', 'Lit': '- ', 'Hol': '- ', 'Sta': '103 '}","{'Str': 'D ', 'Dex': '- ', 'Int': '- ', 'Fai': '- ', 'Arc': '- '}",{'Any': '- '},"{'Phy': '75 ', 'Mag': '35 ', 'Fir': '48 ', 'Lit': '18 ', 'Hol': '33 ', 'Bst': '50.7 ', 'Rst': '20 '}"
4418,Man-Serpent's Shield,Standard +24 ,"{'Phy': '167 ', 'Mag': '- ', 'Fir': '- ', 'Lit': '- ', 'Hol': '- ', 'Sta': '105 '}","{'Str': 'D ', 'Dex': '- ', 'Int': '- ', 'Fai': '- ', 'Arc': '- '}",{'Any': '- '},"{'Phy': '75 ', 'Mag': '35 ', 'Fir': '48 ', 'Lit': '18 ', 'Hol': '33 ', 'Bst': '51.09 ', 'Rst': '20 '}"
4419,Man-Serpent's Shield,Standard +25 ,"{'Phy': '171 ', 'Mag': '- ', 'Fir': '- ', 'Lit': '- ', 'Hol': '- ', 'Sta': '108 '}","{'Str': 'D ', 'Dex': '- ', 'Int': '- ', 'Fai': '- ', 'Arc': '- '}",{'Any': '- '},"{'Phy': '75 ', 'Mag': '35 ', 'Fir': '48 ', 'Lit': '18 ', 'Hol': '33 ', 'Bst': '51.48 ', 'Rst': '20 '}"
4732,Man-Serpent's Shield,Standard ,"{'Phy': '70 ', 'Mag': '- ', 'Fir': '- ', 'Lit': '- ', 'Hol': '- ', 'Sta': '54 '}","{'Str': 'E ', 'Dex': '- ', 'Int': '- ', 'Fai': '- ', 'Arc': '- '}",{'Any': '- '},"{'Phy': '75 ', 'Mag': '35 ', 'Fir': '48 ', 'Lit': '18 ', 'Hol': '33 ', 'Bst': '39 ', 'Rst': '20 '}"
4733,Man-Serpent's Shield,Standard +1 ,"{'Phy': '74 ', 'Mag': '- ', 'Fir': '- ', 'Lit': '- ', 'Hol': '- ', 'Sta': '56 '}","{'Str': 'E ', 'Dex': '- ', 'Int': '- ', 'Fai': '- ', 'Arc': '- '}",{'Any': '- '},"{'Phy': '75 ', 'Mag': '35 ', 'Fir': '48 ', 'Lit': '18 ', 'Hol': '33 ', 'Bst': '39.78 ', 'Rst': '20 '}"
4734,Man-Serpent's Shield,Standard +2 ,"{'Phy': '78 ', 'Mag': '- ', 'Fir': '- ', 'Lit': '- ', 'Hol': '- ', 'Sta': '58 '}","{'Str': 'D ', 'Dex': '- ', 'Int': '- ', 'Fai': '- ', 'Arc': '- '}",{'Any': '- '},"{'Phy': '75 ', 'Mag': '35 ', 'Fir': '48 ', 'Lit': '18 ', 'Hol': '33 ', 'Bst': '40.56 ', 'Rst': '20 '}"
4735,Man-Serpent's Shield,Standard +3 ,"{'Phy': '82 ', 'Mag': '- ', 'Fir': '- ', 'Lit': '- ', 'Hol': '- ', 'Sta': '60 '}","{'Str': 'D ', 'Dex': '- ', 'Int': '- ', 'Fai': '- ', 'Arc': '- '}",{'Any': '- '},"{'Phy': '75 ', 'Mag': '35 ', 'Fir': '48 ', 'Lit': '18 ', 'Hol': '33 ', 'Bst': '41.34 ', 'Rst': '20 '}"
4736,Man-Serpent's Shield,Standard +4 ,"{'Phy': '86 ', 'Mag': '- ', 'Fir': '- ', 'Lit': '- ', 'Hol': '- ', 'Sta': '62 '}","{'Str': 'D ', 'Dex': '- ', 'Int': '- ', 'Fai': '- ', 'Arc': '- '}",{'Any': '- '},"{'Phy': '75 ', 'Mag': '35 ', 'Fir': '48 ', 'Lit': '18 ', 'Hol': '33 ', 'Bst': '42.12 ', 'Rst': '20 '}"
4737,Man-Serpent's Shield,Standard +5 ,"{'Phy': '90 ', 'Mag': '- ', 'Fir': '- ', 'Lit': '- ', 'Hol': '- ', 'Sta': '64 '}","{'Str': 'D ', 'Dex': '- ', 'Int': '- ', 'Fai': '- ', 'Arc': '- '}",{'Any': '- '},"{'Phy': '75 ', 'Mag': '35 ', 'Fir': '48 ', 'Lit': '18 ', 'Hol': '33 ', 'Bst': '42.9 ', 'Rst': '20 '}"
4738,Man-Serpent's Shield,Standard +6 ,"{'Phy': '94 ', 'Mag': '- ', 'Fir': '- ', 'Lit': '- ', 'Hol': '- ', 'Sta': '66 '}","{'Str': 'D ', 'Dex': '- ', 'Int': '- ', 'Fai': '- ', 'Arc': '- '}",{'Any': '- '},"{'Phy': '75 ', 'Mag': '35 ', 'Fir': '48 ', 'Lit': '18 ', 'Hol': '33 ', 'Bst': '43.68 ', 'Rst': '20 '}"
4739,Man-Serpent's Shield,Standard +7 ,"{'Phy': '98 ', 'Mag': '- ', 'Fir': '- ', 'Lit': '- ', 'Hol': '- ', 'Sta': '69 '}","{'Str': 'D ', 'Dex': '- ', 'Int': '- ', 'Fai': '- ', 'Arc': '- '}",{'Any': '- '},"{'Phy': '75 ', 'Mag': '35 ', 'Fir': '48 ', 'Lit': '18 ', 'Hol': '33 ', 'Bst': '44.46 ', 'Rst': '20 '}"
4740,Man-Serpent's Shield,Standard +8 ,"{'Phy': '102 ', 'Mag': '- ', 'Fir': '- ', 'Lit': '- ', 'Hol': '- ', 'Sta': '71 '}","{'Str': 'D ', 'Dex': '- ', 'Int': '- ', 'Fai': '- ', 'Arc': '- '}",{'Any': '- '},"{'Phy': '75 ', 'Mag': '35 ', 'Fir': '48 ', 'Lit': '18 ', 'Hol': '33 ', 'Bst': '44.85 ', 'Rst': '20 '}"
4741,Man-Serpent's Shield,Standard +9 ,"{'Phy': '106 ', 'Mag': '- ', 'Fir': '- ', 'Lit': '- ', 'Hol': '- ', 'Sta': '73 '}","{'Str': 'D ', 'Dex': '- ', 'Int': '- ', 'Fai': '- ', 'Arc': '- '}",{'Any': '- '},"{'Phy': '75 ', 'Mag': '35 ', 'Fir': '48 ', 'Lit': '18 ', 'Hol': '33 ', 'Bst': '45.24 ', 'Rst': '20 '}"
4742,Man-Serpent's Shield,Standard +10 ,"{'Phy': '110 ', 'Mag': '- ', 'Fir': '- ', 'Lit': '- ', 'Hol': '- ', 'Sta': '75 '}","{'Str': 'D ', 'Dex': '- ', 'Int': '- ', 'Fai': '- ', 'Arc': '- '}",{'Any': '- '},"{'Phy': '75 ', 'Mag': '35 ', 'Fir': '48 ', 'Lit': '18 ', 'Hol': '33 ', 'Bst': '45.63 ', 'Rst': '20 '}"
4743,Man-Serpent's Shield,Standard +11 ,"{'Phy': '114 ', 'Mag': '- ', 'Fir': '- ', 'Lit': '- ', 'Hol': '- ', 'Sta': '77 '}","{'Str': 'D ', 'Dex': '- ', 'Int': '- ', 'Fai': '- ', 'Arc': '- '}",{'Any': '- '},"{'Phy': '75 ', 'Mag': '35 ', 'Fir': '48 ', 'Lit': '18 ', 'Hol': '33 ', 'Bst': '46.02 ', 'Rst': '20 '}"
4744,Man-Serpent's Shield,Standard +12 ,"{'Phy': '118 ', 'Mag': '- ', 'Fir': '- ', 'Lit': '- ', 'Hol': '- ', 'Sta': '79 '}","{'Str': 'D ', 'Dex': '- ', 'Int': '- ', 'Fai': '- ', 'Arc': '- '}",{'Any': '- '},"{'Phy': '75 ', 'Mag': '35 ', 'Fir': '48 ', 'Lit': '18 ', 'Hol': '33 ', 'Bst': '46.41 ', 'Rst': '20 '}"
4745,Man-Serpent's Shield,Standard +13 ,"{'Phy': '122 ', 'Mag': '- ', 'Fir': '- ', 'Lit': '- ', 'Hol': '- ', 'Sta': '82 '}","{'Str': 'D ', 'Dex': '- ', 'Int': '- ', 'Fai': '- ', 'Arc': '- '}",{'Any': '- '},"{'Phy': '75 ', 'Mag': '35 ', 'Fir': '48 ', 'Lit': '18 ', 'Hol': '33 ', 'Bst': '46.8 ', 'Rst': '20 '}"
4746,Man-Serpent's Shield,Standard +14 ,"{'Phy': '126 ', 'Mag': '- ', 'Fir': '- ', 'Lit': '- ', 'Hol': '- ', 'Sta': '84 '}","{'Str': 'D ', 'Dex': '- ', 'Int': '- ', 'Fai': '- ', 'Arc': '- '}",{'Any': '- '},"{'Phy': '75 ', 'Mag': '35 ', 'Fir': '48 ', 'Lit': '18 ', 'Hol': '33 ', 'Bst': '47.19 ', 'Rst': '20 '}"
4747,Man-Serpent's Shield,Standard +15 ,"{'Phy': '130 ', 'Mag': '- ', 'Fir': '- ', 'Lit': '- ', 'Hol': '- ', 'Sta': '86 '}","{'Str': 'D ', 'Dex': '- ', 'Int': '- ', 'Fai': '- ', 'Arc': '- '}",{'Any': '- '},"{'Phy': '75 ', 'Mag': '35 ', 'Fir': '48 ', 'Lit': '18 ', 'Hol': '33 ', 'Bst': '47.58 ', 'Rst': '20 '}"
4748,Man-Serpent's Shield,Standard +16 ,"{'Phy': '134 ', 'Mag': '- ', 'Fir': '- ', 'Lit': '- ', 'Hol': '- ', 'Sta': '88 '}","{'Str': 'D ', 'Dex': '- ', 'Int': '- ', 'Fai': '- ', 'Arc': '- '}",{'Any': '- '},"{'Phy': '75 ', 'Mag': '35 ', 'Fir': '48 ', 'Lit': '18 ', 'Hol': '33 ', 'Bst': '47.97 ', 'Rst': '20 '}"
4749,Man-Serpent's Shield,Standard +17 ,"{'Phy': '139 ', 'Mag': '- ', 'Fir': '- ', 'Lit': '- ', 'Hol': '- ', 'Sta': '90 '}","{'Str': 'D ', 'Dex': '- ', 'Int': '- ', 'Fai': '- ', 'Arc': '- '}",{'Any': '- '},"{'Phy': '75 ', 'Mag': '35 ', 'Fir': '48 ', 'Lit': '18 ', 'Hol': '33 ', 'Bst': '48.36 ', 'Rst': '20 '}"
4750,Man-Serpent's Shield,Standard +18 ,"{'Phy': '143 ', 'Mag': '- ', 'Fir': '- ', 'Lit': '- ', 'Hol': '- ', 'Sta': '92 '}","{'Str': 'D ', 'Dex': '- ', 'Int': '- ', 'Fai': '- ', 'Arc': '- '}",{'Any': '- '},"{'Phy': '75 ', 'Mag': '35 ', 'Fir': '48 ', 'Lit': '18 ', 'Hol': '33 ', 'Bst': '48.75 ', 'Rst': '20 '}"
4751,Man-Serpent's Shield,Standard +19 ,"{'Phy': '147 ', 'Mag': '- ', 'Fir': '- ', 'Lit': '- ', 'Hol': '- ', 'Sta': '95 '}","{'Str': 'D ', 'Dex': '- ', 'Int': '- ', 'Fai': '- ', 'Arc': '- '}",{'Any': '- '},"{'Phy': '75 ', 'Mag': '35 ', 'Fir': '48 ', 'Lit': '18 ', 'Hol': '33 ', 'Bst': '49.14 ', 'Rst': '20 '}"
4752,Man-Serpent's Shield,Standard +20 ,"{'Phy': '151 ', 'Mag': '- ', 'Fir': '- ', 'Lit': '- ', 'Hol': '- ', 'Sta': '97 '}","{'Str': 'D ', 'Dex': '- ', 'Int': '- ', 'Fai': '- ', 'Arc': '- '}",{'Any': '- '},"{'Phy': '75 ', 'Mag': '35 ', 'Fir': '48 ', 'Lit': '18 ', 'Hol': '33 ', 'Bst': '49.53 ', 'Rst': '20 '}"
4753,Man-Serpent's Shield,Standard +21 ,"{'Phy': '155 ', 'Mag': '- ', 'Fir': '- ', 'Lit': '- ', 'Hol': '- ', 'Sta': '99 '}","{'Str': 'D ', 'Dex': '- ', 'Int': '- ', 'Fai': '- ', 'Arc': '- '}",{'Any': '- '},"{'Phy': '75 ', 'Mag': '35 ', 'Fir': '48 ', 'Lit': '18 ', 'Hol': '33 ', 'Bst': '49.92 ', 'Rst': '20 '}"
4754,Man-Serpent's Shield,Standard +22 ,"{'Phy': '159 ', 'Mag': '- ', 'Fir': '- ', 'Lit': '- ', 'Hol': '- ', 'Sta': '101 '}","{'Str': 'D ', 'Dex': '- ', 'Int': '- ', 'Fai': '- ', 'Arc': '- '}",{'Any': '- '},"{'Phy': '75 ', 'Mag': '35 ', 'Fir': '48 ', 'Lit': '18 ', 'Hol': '33 ', 'Bst': '50.31 ', 'Rst': '20 '}"
4755,Man-Serpent's Shield,Standard +23 ,"{'Phy': '163 ', 'Mag': '- ', 'Fir': '- ', 'Lit': '- ', 'Hol': '- ', 'Sta': '103 '}","{'Str': 'D ', 'Dex': '- ', 'Int': '- ', 'Fai': '- ', 'Arc': '- '}",{'Any': '- '},"{'Phy': '75 ', 'Mag': '35 ', 'Fir': '48 ', 'Lit': '18 ', 'Hol': '33 ', 'Bst': '50.7 ', 'Rst': '20 '}"
4756,Man-Serpent's Shield,Standard +24 ,"{'Phy': '167 ', 'Mag': '- ', 'Fir': '- ', 'Lit': '- ', 'Hol': '- ', 'Sta': '105 '}","{'Str': 'D ', 'Dex': '- ', 'Int': '- ', 'Fai': '- ', 'Arc': '- '}",{'Any': '- '},"{'Phy': '75 ', 'Mag': '35 ', 'Fir': '48 ', 'Lit': '18 ', 'Hol': '33 ', 'Bst': '51.09 ', 'Rst': '20 '}"
4757,Man-Serpent's Shield,Standard +25 ,"{'Phy': '171 ', 'Mag': '- ', 'Fir': '- ', 'Lit': '- ', 'Hol': '- ', 'Sta': '108 '}","{'Str': 'D ', 'Dex': '- ', 'Int': '- ', 'Fai': '- ', 'Arc': '- '}",{'Any': '- '},"{'Phy': '75 ', 'Mag': '35 ', 'Fir': '48 ', 'Lit': '18 ', 'Hol': '33 ', 'Bst': '51.48 ', 'Rst': '20 '}"
5070,Ice Crest Shield,Standard ,"{'Phy': '74 ', 'Mag': '- ', 'Fir': '- ', 'Lit': '- ', 'Hol': '- ', 'Sta': '59 '}","{'Str': 'E ', 'Dex': '- ', 'Int': '- ', 'Fai': '- ', 'Arc': '- '}",{'Any': '- '},"{'Phy': '77 ', 'Mag': '57 ', 'Fir': '41 ', 'Lit': '18 ', 'Hol': '35 ', 'Bst': '41 ', 'Rst': '22 '}"
5071,Ice Crest Shield,Standard +1 ,"{'Phy': '78 ', 'Mag': '- ', 'Fir': '- ', 'Lit': '- ', 'Hol': '- ', 'Sta': '61 '}","{'Str': 'E ', 'Dex': '- ', 'Int': '- ', 'Fai': '- ', 'Arc': '- '}",{'Any': '- '},"{'Phy': '77 ', 'Mag': '57 ', 'Fir': '41 ', 'Lit': '18 ', 'Hol': '35 ', 'Bst': '41.82 ', 'Rst': '22 '}"
5072,Ice Crest Shield,Standard +2 ,"{'Phy': '82 ', 'Mag': '- ', 'Fir': '- ', 'Lit': '- ', 'Hol': '- ', 'Sta': '63 '}","{'Str': 'D ', 'Dex': '- ', 'Int': '- ', 'Fai': '- ', 'Arc': '- '}",{'Any': '- '},"{'Phy': '77 ', 'Mag': '57 ', 'Fir': '41 ', 'Lit': '18 ', 'Hol': '35 ', 'Bst': '42.64 ', 'Rst': '22 '}"
5073,Ice Crest Shield,Standard +3 ,"{'Phy': '86 ', 'Mag': '- ', 'Fir': '- ', 'Lit': '- ', 'Hol': '- ', 'Sta': '66 '}","{'Str': 'D ', 'Dex': '- ', 'Int': '- ', 'Fai': '- ', 'Arc': '- '}",{'Any': '- '},"{'Phy': '77 ', 'Mag': '57 ', 'Fir': '41 ', 'Lit': '18 ', 'Hol': '35 ', 'Bst': '43.46 ', 'Rst': '22 '}"
5074,Ice Crest Shield,Standard +4 ,"{'Phy': '91 ', 'Mag': '- ', 'Fir': '- ', 'Lit': '- ', 'Hol': '- ', 'Sta': '68 '}","{'Str': 'D ', 'Dex': '- ', 'Int': '- ', 'Fai': '- ', 'Arc': '- '}",{'Any': '- '},"{'Phy': '77 ', 'Mag': '57 ', 'Fir': '41 ', 'Lit': '18 ', 'Hol': '35 ', 'Bst': '44.28 ', 'Rst': '22 '}"
5075,Ice Crest Shield,Standard +5 ,"{'Phy': '95 ', 'Mag': '- ', 'Fir': '- ', 'Lit': '- ', 'Hol': '- ', 'Sta': '70 '}","{'Str': 'D ', 'Dex': '- ', 'Int': '- ', 'Fai': '- ', 'Arc': '- '}",{'Any': '- '},"{'Phy': '77 ', 'Mag': '57 ', 'Fir': '41 ', 'Lit': '18 ', 'Hol': '35 ', 'Bst': '45.1 ', 'Rst': '22 '}"
5076,Ice Crest Shield,Standard +6 ,"{'Phy': '99 ', 'Mag': '- ', 'Fir': '- ', 'Lit': '- ', 'Hol': '- ', 'Sta': '73 '}","{'Str': 'D ', 'Dex': '- ', 'Int': '- ', 'Fai': '- ', 'Arc': '- '}",{'Any': '- '},"{'Phy': '77 ', 'Mag': '57 ', 'Fir': '41 ', 'Lit': '18 ', 'Hol': '35 ', 'Bst': '45.92 ', 'Rst': '22 '}"
5077,Ice Crest Shield,Standard +7 ,"{'Phy': '104 ', 'Mag': '- ', 'Fir': '- ', 'Lit': '- ', 'Hol': '- ', 'Sta': '75 '}","{'Str': 'D ', 'Dex': '- ', 'Int': '- ', 'Fai': '- ', 'Arc': '- '}",{'Any': '- '},"{'Phy': '77 ', 'Mag': '57 ', 'Fir': '41 ', 'Lit': '18 ', 'Hol': '35 ', 'Bst': '46.74 ', 'Rst': '22 '}"
5078,Ice Crest Shield,Standard +8 ,"{'Phy': '108 ', 'Mag': '- ', 'Fir': '- ', 'Lit': '- ', 'Hol': '- ', 'Sta': '77 '}","{'Str': 'D ', 'Dex': '- ', 'Int': '- ', 'Fai': '- ', 'Arc': '- '}",{'Any': '- '},"{'Phy': '77 ', 'Mag': '57 ', 'Fir': '41 ', 'Lit': '18 ', 'Hol': '35 ', 'Bst': '47.15 ', 'Rst': '22 '}"
5079,Ice Crest Shield,Standard +9 ,"{'Phy': '112 ', 'Mag': '- ', 'Fir': '- ', 'Lit': '- ', 'Hol': '- ', 'Sta': '80 '}","{'Str': 'D ', 'Dex': '- ', 'Int': '- ', 'Fai': '- ', 'Arc': '- '}",{'Any': '- '},"{'Phy': '77 ', 'Mag': '57 ', 'Fir': '41 ', 'Lit': '18 ', 'Hol': '35 ', 'Bst': '47.56 ', 'Rst': '22 '}"
5080,Ice Crest Shield,Standard +10 ,"{'Phy': '116 ', 'Mag': '- ', 'Fir': '- ', 'Lit': '- ', 'Hol': '- ', 'Sta': '82 '}","{'Str': 'D ', 'Dex': '- ', 'Int': '- ', 'Fai': '- ', 'Arc': '- '}",{'Any': '- '},"{'Phy': '77 ', 'Mag': '57 ', 'Fir': '41 ', 'Lit': '18 ', 'Hol': '35 ', 'Bst': '47.97 ', 'Rst': '22 '}"
5081,Ice Crest Shield,Standard +11 ,"{'Phy': '121 ', 'Mag': '- ', 'Fir': '- ', 'Lit': '- ', 'Hol': '- ', 'Sta': '84 '}","{'Str': 'D ', 'Dex': '- ', 'Int': '- ', 'Fai': '- ', 'Arc': '- '}",{'Any': '- '},"{'Phy': '77 ', 'Mag': '57 ', 'Fir': '41 ', 'Lit': '18 ', 'Hol': '35 ', 'Bst': '48.38 ', 'Rst': '22 '}"
5082,Ice Crest Shield,Standard +12 ,"{'Phy': '125 ', 'Mag': '- ', 'Fir': '- ', 'Lit': '- ', 'Hol': '- ', 'Sta': '87 '}","{'Str': 'D ', 'Dex': '- ', 'Int': '- ', 'Fai': '- ', 'Arc': '- '}",{'Any': '- '},"{'Phy': '77 ', 'Mag': '57 ', 'Fir': '41 ', 'Lit': '18 ', 'Hol': '35 ', 'Bst': '48.79 ', 'Rst': '22 '}"
5083,Ice Crest Shield,Standard +13 ,"{'Phy': '129 ', 'Mag': '- ', 'Fir': '- ', 'Lit': '- ', 'Hol': '- ', 'Sta': '89 '}","{'Str': 'D ', 'Dex': '- ', 'Int': '- ', 'Fai': '- ', 'Arc': '- '}",{'Any': '- '},"{'Phy': '77 ', 'Mag': '57 ', 'Fir': '41 ', 'Lit': '18 ', 'Hol': '35 ', 'Bst': '49.2 ', 'Rst': '22 '}"
5084,Ice Crest Shield,Standard +14 ,"{'Phy': '134 ', 'Mag': '- ', 'Fir': '- ', 'Lit': '- ', 'Hol': '- ', 'Sta': '92 '}","{'Str': 'D ', 'Dex': '- ', 'Int': '- ', 'Fai': '- ', 'Arc': '- '}",{'Any': '- '},"{'Phy': '77 ', 'Mag': '57 ', 'Fir': '41 ', 'Lit': '18 ', 'Hol': '35 ', 'Bst': '49.61 ', 'Rst': '22 '}"
5085,Ice Crest Shield,Standard +15 ,"{'Phy': '138 ', 'Mag': '- ', 'Fir': '- ', 'Lit': '- ', 'Hol': '- ', 'Sta': '94 '}","{'Str': 'D ', 'Dex': '- ', 'Int': '- ', 'Fai': '- ', 'Arc': '- '}",{'Any': '- '},"{'Phy': '77 ', 'Mag': '57 ', 'Fir': '41 ', 'Lit': '18 ', 'Hol': '35 ', 'Bst': '50.02 ', 'Rst': '22 '}"
5086,Ice Crest Shield,Standard +16 ,"{'Phy': '142 ', 'Mag': '- ', 'Fir': '- ', 'Lit': '- ', 'Hol': '- ', 'Sta': '96 '}","{'Str': 'D ', 'Dex': '- ', 'Int': '- ', 'Fai': '- ', 'Arc': '- '}",{'Any': '- '},"{'Phy': '77 ', 'Mag': '57 ', 'Fir': '41 ', 'Lit': '18 ', 'Hol': '35 ', 'Bst': '50.43 ', 'Rst': '22 '}"
5087,Ice Crest Shield,Standard +17 ,"{'Phy': '146 ', 'Mag': '- ', 'Fir': '- ', 'Lit': '- ', 'Hol': '- ', 'Sta': '99 '}","{'Str': 'D ', 'Dex': '- ', 'Int': '- ', 'Fai': '- ', 'Arc': '- '}",{'Any': '- '},"{'Phy': '77 ', 'Mag': '57 ', 'Fir': '41 ', 'Lit': '18 ', 'Hol': '35 ', 'Bst': '50.84 ', 'Rst': '22 '}"
5088,Ice Crest Shield,Standard +18 ,"{'Phy': '151 ', 'Mag': '- ', 'Fir': '- ', 'Lit': '- ', 'Hol': '- ', 'Sta': '101 '}","{'Str': 'D ', 'Dex': '- ', 'Int': '- ', 'Fai': '- ', 'Arc': '- '}",{'Any': '- '},"{'Phy': '77 ', 'Mag': '57 ', 'Fir': '41 ', 'Lit': '18 ', 'Hol': '35 ', 'Bst': '51.25 ', 'Rst': '22 '}"
5089,Ice Crest Shield,Standard +19 ,"{'Phy': '155 ', 'Mag': '- ', 'Fir': '- ', 'Lit': '- ', 'Hol': '- ', 'Sta': '103 '}","{'Str': 'D ', 'Dex': '- ', 'Int': '- ', 'Fai': '- ', 'Arc': '- '}",{'Any': '- '},"{'Phy': '77 ', 'Mag': '57 ', 'Fir': '41 ', 'Lit': '18 ', 'Hol': '35 ', 'Bst': '51.66 ', 'Rst': '22 '}"
5090,Ice Crest Shield,Standard +20 ,"{'Phy': '159 ', 'Mag': '- ', 'Fir': '- ', 'Lit': '- ', 'Hol': '- ', 'Sta': '106 '}","{'Str': 'D ', 'Dex': '- ', 'Int': '- ', 'Fai': '- ', 'Arc': '- '}",{'Any': '- '},"{'Phy': '77 ', 'Mag': '57 ', 'Fir': '41 ', 'Lit': '18 ', 'Hol': '35 ', 'Bst': '52.07 ', 'Rst': '22 '}"
5091,Ice Crest Shield,Standard +21 ,"{'Phy': '164 ', 'Mag': '- ', 'Fir': '- ', 'Lit': '- ', 'Hol': '- ', 'Sta': '108 '}","{'Str': 'D ', 'Dex': '- ', 'Int': '- ', 'Fai': '- ', 'Arc': '- '}",{'Any': '- '},"{'Phy': '77 ', 'Mag': '57 ', 'Fir': '41 ', 'Lit': '18 ', 'Hol': '35 ', 'Bst': '52.48 ', 'Rst': '22 '}"
5092,Ice Crest Shield,Standard +22 ,"{'Phy': '168 ', 'Mag': '- ', 'Fir': '- ', 'Lit': '- ', 'Hol': '- ', 'Sta': '110 '}","{'Str': 'D ', 'Dex': '- ', 'Int': '- ', 'Fai': '- ', 'Arc': '- '}",{'Any': '- '},"{'Phy': '77 ', 'Mag': '57 ', 'Fir': '41 ', 'Lit': '18 ', 'Hol': '35 ', 'Bst': '52.89 ', 'Rst': '22 '}"
5093,Ice Crest Shield,Standard +23 ,"{'Phy': '172 ', 'Mag': '- ', 'Fir': '- ', 'Lit': '- ', 'Hol': '- ', 'Sta': '113 '}","{'Str': 'D ', 'Dex': '- ', 'Int': '- ', 'Fai': '- ', 'Arc': '- '}",{'Any': '- '},"{'Phy': '77 ', 'Mag': '57 ', 'Fir': '41 ', 'Lit': '18 ', 'Hol': '35 ', 'Bst': '53.3 ', 'Rst': '22 '}"
5094,Ice Crest Shield,Standard +24 ,"{'Phy': '177 ', 'Mag': '- ', 'Fir': '- ', 'Lit': '- ', 'Hol': '- ', 'Sta': '115 '}","{'Str': 'D ', 'Dex': '- ', 'Int': '- ', 'Fai': '- ', 'Arc': '- '}",{'Any': '- '},"{'Phy': '77 ', 'Mag': '57 ', 'Fir': '41 ', 'Lit': '18 ', 'Hol': '35 ', 'Bst': '53.71 ', 'Rst': '22 '}"
5095,Ice Crest Shield,Standard +25 ,"{'Phy': '181 ', 'Mag': '- ', 'Fir': '- ', 'Lit': '- ', 'Hol': '- ', 'Sta': '118 '}","{'Str': 'D ', 'Dex': '- ', 'Int': '- ', 'Fai': '- ', 'Arc': '- '}",{'Any': '- '},"{'Phy': '77 ', 'Mag': '57 ', 'Fir': '41 ', 'Lit': '18 ', 'Hol': '35 ', 'Bst': '54.12 ', 'Rst': '22 '}"
5408,Rift Shield,Standard ,"{'Phy': '70 ', 'Mag': '- ', 'Fir': '- ', 'Lit': '- ', 'Hol': '- ', 'Sta': '54 '}","{'Str': 'E ', 'Dex': '- ', 'Int': '- ', 'Fai': '- ', 'Arc': '- '}",{'Any': '- '},"{'Phy': '76 ', 'Mag': '33 ', 'Fir': '37 ', 'Lit': '18 ', 'Hol': '37 ', 'Bst': '38 ', 'Rst': '20 '}"
5409,Rift Shield,Standard +1 ,"{'Phy': '74 ', 'Mag': '- ', 'Fir': '- ', 'Lit': '- ', 'Hol': '- ', 'Sta': '56 '}","{'Str': 'E ', 'Dex': '- ', 'Int': '- ', 'Fai': '- ', 'Arc': '- '}",{'Any': '- '},"{'Phy': '76 ', 'Mag': '33 ', 'Fir': '37 ', 'Lit': '18 ', 'Hol': '37 ', 'Bst': '38.76 ', 'Rst': '20 '}"
5410,Rift Shield,Standard +2 ,"{'Phy': '78 ', 'Mag': '- ', 'Fir': '- ', 'Lit': '- ', 'Hol': '- ', 'Sta': '58 '}","{'Str': 'D ', 'Dex': '- ', 'Int': '- ', 'Fai': '- ', 'Arc': '- '}",{'Any': '- '},"{'Phy': '76 ', 'Mag': '33 ', 'Fir': '37 ', 'Lit': '18 ', 'Hol': '37 ', 'Bst': '39.52 ', 'Rst': '20 '}"
5411,Rift Shield,Standard +3 ,"{'Phy': '82 ', 'Mag': '- ', 'Fir': '- ', 'Lit': '- ', 'Hol': '- ', 'Sta': '60 '}","{'Str': 'D ', 'Dex': '- ', 'Int': '- ', 'Fai': '- ', 'Arc': '- '}",{'Any': '- '},"{'Phy': '76 ', 'Mag': '33 ', 'Fir': '37 ', 'Lit': '18 ', 'Hol': '37 ', 'Bst': '40.28 ', 'Rst': '20 '}"
5412,Rift Shield,Standard +4 ,"{'Phy': '86 ', 'Mag': '- ', 'Fir': '- ', 'Lit': '- ', 'Hol': '- ', 'Sta': '62 '}","{'Str': 'D ', 'Dex': '- ', 'Int': '- ', 'Fai': '- ', 'Arc': '- '}",{'Any': '- '},"{'Phy': '76 ', 'Mag': '33 ', 'Fir': '37 ', 'Lit': '18 ', 'Hol': '37 ', 'Bst': '41.04 ', 'Rst': '20 '}"
5413,Rift Shield,Standard +5 ,"{'Phy': '90 ', 'Mag': '- ', 'Fir': '- ', 'Lit': '- ', 'Hol': '- ', 'Sta': '64 '}","{'Str': 'D ', 'Dex': '- ', 'Int': '- ', 'Fai': '- ', 'Arc': '- '}",{'Any': '- '},"{'Phy': '76 ', 'Mag': '33 ', 'Fir': '37 ', 'Lit': '18 ', 'Hol': '37 ', 'Bst': '41.8 ', 'Rst': '20 '}"
5414,Rift Shield,Standard +6 ,"{'Phy': '94 ', 'Mag': '- ', 'Fir': '- ', 'Lit': '- ', 'Hol': '- ', 'Sta': '66 '}","{'Str': 'D ', 'Dex': '- ', 'Int': '- ', 'Fai': '- ', 'Arc': '- '}",{'Any': '- '},"{'Phy': '76 ', 'Mag': '33 ', 'Fir': '37 ', 'Lit': '18 ', 'Hol': '37 ', 'Bst': '42.56 ', 'Rst': '20 '}"
5415,Rift Shield,Standard +7 ,"{'Phy': '98 ', 'Mag': '- ', 'Fir': '- ', 'Lit': '- ', 'Hol': '- ', 'Sta': '69 '}","{'Str': 'D ', 'Dex': '- ', 'Int': '- ', 'Fai': '- ', 'Arc': '- '}",{'Any': '- '},"{'Phy': '76 ', 'Mag': '33 ', 'Fir': '37 ', 'Lit': '18 ', 'Hol': '37 ', 'Bst': '43.32 ', 'Rst': '20 '}"
5416,Rift Shield,Standard +8 ,"{'Phy': '102 ', 'Mag': '- ', 'Fir': '- ', 'Lit': '- ', 'Hol': '- ', 'Sta': '71 '}","{'Str': 'D ', 'Dex': '- ', 'Int': '- ', 'Fai': '- ', 'Arc': '- '}",{'Any': '- '},"{'Phy': '76 ', 'Mag': '33 ', 'Fir': '37 ', 'Lit': '18 ', 'Hol': '37 ', 'Bst': '43.7 ', 'Rst': '20 '}"
5417,Rift Shield,Standard +9 ,"{'Phy': '106 ', 'Mag': '- ', 'Fir': '- ', 'Lit': '- ', 'Hol': '- ', 'Sta': '73 '}","{'Str': 'D ', 'Dex': '- ', 'Int': '- ', 'Fai': '- ', 'Arc': '- '}",{'Any': '- '},"{'Phy': '76 ', 'Mag': '33 ', 'Fir': '37 ', 'Lit': '18 ', 'Hol': '37 ', 'Bst': '44.08 ', 'Rst': '20 '}"
5418,Rift Shield,Standard +10 ,"{'Phy': '110 ', 'Mag': '- ', 'Fir': '- ', 'Lit': '- ', 'Hol': '- ', 'Sta': '75 '}","{'Str': 'D ', 'Dex': '- ', 'Int': '- ', 'Fai': '- ', 'Arc': '- '}",{'Any': '- '},"{'Phy': '76 ', 'Mag': '33 ', 'Fir': '37 ', 'Lit': '18 ', 'Hol': '37 ', 'Bst': '44.46 ', 'Rst': '20 '}"
5419,Rift Shield,Standard +11 ,"{'Phy': '114 ', 'Mag': '- ', 'Fir': '- ', 'Lit': '- ', 'Hol': '- ', 'Sta': '77 '}","{'Str': 'D ', 'Dex': '- ', 'Int': '- ', 'Fai': '- ', 'Arc': '- '}",{'Any': '- '},"{'Phy': '76 ', 'Mag': '33 ', 'Fir': '37 ', 'Lit': '18 ', 'Hol': '37 ', 'Bst': '44.84 ', 'Rst': '20 '}"
5420,Rift Shield,Standard +12 ,"{'Phy': '118 ', 'Mag': '- ', 'Fir': '- ', 'Lit': '- ', 'Hol': '- ', 'Sta': '79 '}","{'Str': 'D ', 'Dex': '- ', 'Int': '- ', 'Fai': '- ', 'Arc': '- '}",{'Any': '- '},"{'Phy': '76 ', 'Mag': '33 ', 'Fir': '37 ', 'Lit': '18 ', 'Hol': '37 ', 'Bst': '45.22 ', 'Rst': '20 '}"
5421,Rift Shield,Standard +13 ,"{'Phy': '122 ', 'Mag': '- ', 'Fir': '- ', 'Lit': '- ', 'Hol': '- ', 'Sta': '82 '}","{'Str': 'D ', 'Dex': '- ', 'Int': '- ', 'Fai': '- ', 'Arc': '- '}",{'Any': '- '},"{'Phy': '76 ', 'Mag': '33 ', 'Fir': '37 ', 'Lit': '18 ', 'Hol': '37 ', 'Bst': '45.6 ', 'Rst': '20 '}"
5422,Rift Shield,Standard +14 ,"{'Phy': '126 ', 'Mag': '- ', 'Fir': '- ', 'Lit': '- ', 'Hol': '- ', 'Sta': '84 '}","{'Str': 'D ', 'Dex': '- ', 'Int': '- ', 'Fai': '- ', 'Arc': '- '}",{'Any': '- '},"{'Phy': '76 ', 'Mag': '33 ', 'Fir': '37 ', 'Lit': '18 ', 'Hol': '37 ', 'Bst': '45.98 ', 'Rst': '20 '}"
5423,Rift Shield,Standard +15 ,"{'Phy': '130 ', 'Mag': '- ', 'Fir': '- ', 'Lit': '- ', 'Hol': '- ', 'Sta': '86 '}","{'Str': 'D ', 'Dex': '- ', 'Int': '- ', 'Fai': '- ', 'Arc': '- '}",{'Any': '- '},"{'Phy': '76 ', 'Mag': '33 ', 'Fir': '37 ', 'Lit': '18 ', 'Hol': '37 ', 'Bst': '46.36 ', 'Rst': '20 '}"
5424,Rift Shield,Standard +16 ,"{'Phy': '134 ', 'Mag': '- ', 'Fir': '- ', 'Lit': '- ', 'Hol': '- ', 'Sta': '88 '}","{'Str': 'D ', 'Dex': '- ', 'Int': '- ', 'Fai': '- ', 'Arc': '- '}",{'Any': '- '},"{'Phy': '76 ', 'Mag': '33 ', 'Fir': '37 ', 'Lit': '18 ', 'Hol': '37 ', 'Bst': '46.74 ', 'Rst': '20 '}"
5425,Rift Shield,Standard +17 ,"{'Phy': '139 ', 'Mag': '- ', 'Fir': '- ', 'Lit': '- ', 'Hol': '- ', 'Sta': '90 '}","{'Str': 'D ', 'Dex': '- ', 'Int': '- ', 'Fai': '- ', 'Arc': '- '}",{'Any': '- '},"{'Phy': '76 ', 'Mag': '33 ', 'Fir': '37 ', 'Lit': '18 ', 'Hol': '37 ', 'Bst': '47.12 ', 'Rst': '20 '}"
5426,Rift Shield,Standard +18 ,"{'Phy': '143 ', 'Mag': '- ', 'Fir': '- ', 'Lit': '- ', 'Hol': '- ', 'Sta': '92 '}","{'Str': 'D ', 'Dex': '- ', 'Int': '- ', 'Fai': '- ', 'Arc': '- '}",{'Any': '- '},"{'Phy': '76 ', 'Mag': '33 ', 'Fir': '37 ', 'Lit': '18 ', 'Hol': '37 ', 'Bst': '47.5 ', 'Rst': '20 '}"
5427,Rift Shield,Standard +19 ,"{'Phy': '147 ', 'Mag': '- ', 'Fir': '- ', 'Lit': '- ', 'Hol': '- ', 'Sta': '95 '}","{'Str': 'D ', 'Dex': '- ', 'Int': '- ', 'Fai': '- ', 'Arc': '- '}",{'Any': '- '},"{'Phy': '76 ', 'Mag': '33 ', 'Fir': '37 ', 'Lit': '18 ', 'Hol': '37 ', 'Bst': '47.88 ', 'Rst': '20 '}"
5428,Rift Shield,Standard +20 ,"{'Phy': '151 ', 'Mag': '- ', 'Fir': '- ', 'Lit': '- ', 'Hol': '- ', 'Sta': '97 '}","{'Str': 'D ', 'Dex': '- ', 'Int': '- ', 'Fai': '- ', 'Arc': '- '}",{'Any': '- '},"{'Phy': '76 ', 'Mag': '33 ', 'Fir': '37 ', 'Lit': '18 ', 'Hol': '37 ', 'Bst': '48.26 ', 'Rst': '20 '}"
5429,Rift Shield,Standard +21 ,"{'Phy': '155 ', 'Mag': '- ', 'Fir': '- ', 'Lit': '- ', 'Hol': '- ', 'Sta': '99 '}","{'Str': 'D ', 'Dex': '- ', 'Int': '- ', 'Fai': '- ', 'Arc': '- '}",{'Any': '- '},"{'Phy': '76 ', 'Mag': '33 ', 'Fir': '37 ', 'Lit': '18 ', 'Hol': '37 ', 'Bst': '48.64 ', 'Rst': '20 '}"
5430,Rift Shield,Standard +22 ,"{'Phy': '159 ', 'Mag': '- ', 'Fir': '- ', 'Lit': '- ', 'Hol': '- ', 'Sta': '101 '}","{'Str': 'D ', 'Dex': '- ', 'Int': '- ', 'Fai': '- ', 'Arc': '- '}",{'Any': '- '},"{'Phy': '76 ', 'Mag': '33 ', 'Fir': '37 ', 'Lit': '18 ', 'Hol': '37 ', 'Bst': '49.02 ', 'Rst': '20 '}"
5431,Rift Shield,Standard +23 ,"{'Phy': '163 ', 'Mag': '- ', 'Fir': '- ', 'Lit': '- ', 'Hol': '- ', 'Sta': '103 '}","{'Str': 'D ', 'Dex': '- ', 'Int': '- ', 'Fai': '- ', 'Arc': '- '}",{'Any': '- '},"{'Phy': '76 ', 'Mag': '33 ', 'Fir': '37 ', 'Lit': '18 ', 'Hol': '37 ', 'Bst': '49.4 ', 'Rst': '20 '}"
5432,Rift Shield,Standard +24 ,"{'Phy': '167 ', 'Mag': '- ', 'Fir': '- ', 'Lit': '- ', 'Hol': '- ', 'Sta': '105 '}","{'Str': 'D ', 'Dex': '- ', 'Int': '- ', 'Fai': '- ', 'Arc': '- '}",{'Any': '- '},"{'Phy': '76 ', 'Mag': '33 ', 'Fir': '37 ', 'Lit': '18 ', 'Hol': '37 ', 'Bst': '49.78 ', 'Rst': '20 '}"
5433,Rift Shield,Standard +25 ,"{'Phy': '171 ', 'Mag': '- ', 'Fir': '- ', 'Lit': '- ', 'Hol': '- ', 'Sta': '108 '}","{'Str': 'D ', 'Dex': '- ', 'Int': '- ', 'Fai': '- ', 'Arc': '- '}",{'Any': '- '},"{'Phy': '76 ', 'Mag': '33 ', 'Fir': '37 ', 'Lit': '18 ', 'Hol': '37 ', 'Bst': '50.16 ', 'Rst': '20 '}"
5746,Rift Shield,Standard ,"{'Phy': '70 ', 'Mag': '- ', 'Fir': '- ', 'Lit': '- ', 'Hol': '- ', 'Sta': '54 '}","{'Str': 'E ', 'Dex': '- ', 'Int': '- ', 'Fai': '- ', 'Arc': '- '}",{'Any': '- '},"{'Phy': '76 ', 'Mag': '33 ', 'Fir': '37 ', 'Lit': '18 ', 'Hol': '37 ', 'Bst': '38 ', 'Rst': '20 '}"
5747,Rift Shield,Standard +1 ,"{'Phy': '74 ', 'Mag': '- ', 'Fir': '- ', 'Lit': '- ', 'Hol': '- ', 'Sta': '56 '}","{'Str': 'E ', 'Dex': '- ', 'Int': '- ', 'Fai': '- ', 'Arc': '- '}",{'Any': '- '},"{'Phy': '76 ', 'Mag': '33 ', 'Fir': '37 ', 'Lit': '18 ', 'Hol': '37 ', 'Bst': '38.76 ', 'Rst': '20 '}"
5748,Rift Shield,Standard +2 ,"{'Phy': '78 ', 'Mag': '- ', 'Fir': '- ', 'Lit': '- ', 'Hol': '- ', 'Sta': '58 '}","{'Str': 'D ', 'Dex': '- ', 'Int': '- ', 'Fai': '- ', 'Arc': '- '}",{'Any': '- '},"{'Phy': '76 ', 'Mag': '33 ', 'Fir': '37 ', 'Lit': '18 ', 'Hol': '37 ', 'Bst': '39.52 ', 'Rst': '20 '}"
5749,Rift Shield,Standard +3 ,"{'Phy': '82 ', 'Mag': '- ', 'Fir': '- ', 'Lit': '- ', 'Hol': '- ', 'Sta': '60 '}","{'Str': 'D ', 'Dex': '- ', 'Int': '- ', 'Fai': '- ', 'Arc': '- '}",{'Any': '- '},"{'Phy': '76 ', 'Mag': '33 ', 'Fir': '37 ', 'Lit': '18 ', 'Hol': '37 ', 'Bst': '40.28 ', 'Rst': '20 '}"
5750,Rift Shield,Standard +4 ,"{'Phy': '86 ', 'Mag': '- ', 'Fir': '- ', 'Lit': '- ', 'Hol': '- ', 'Sta': '62 '}","{'Str': 'D ', 'Dex': '- ', 'Int': '- ', 'Fai': '- ', 'Arc': '- '}",{'Any': '- '},"{'Phy': '76 ', 'Mag': '33 ', 'Fir': '37 ', 'Lit': '18 ', 'Hol': '37 ', 'Bst': '41.04 ', 'Rst': '20 '}"
5751,Rift Shield,Standard +5 ,"{'Phy': '90 ', 'Mag': '- ', 'Fir': '- ', 'Lit': '- ', 'Hol': '- ', 'Sta': '64 '}","{'Str': 'D ', 'Dex': '- ', 'Int': '- ', 'Fai': '- ', 'Arc': '- '}",{'Any': '- '},"{'Phy': '76 ', 'Mag': '33 ', 'Fir': '37 ', 'Lit': '18 ', 'Hol': '37 ', 'Bst': '41.8 ', 'Rst': '20 '}"
5752,Rift Shield,Standard +6 ,"{'Phy': '94 ', 'Mag': '- ', 'Fir': '- ', 'Lit': '- ', 'Hol': '- ', 'Sta': '66 '}","{'Str': 'D ', 'Dex': '- ', 'Int': '- ', 'Fai': '- ', 'Arc': '- '}",{'Any': '- '},"{'Phy': '76 ', 'Mag': '33 ', 'Fir': '37 ', 'Lit': '18 ', 'Hol': '37 ', 'Bst': '42.56 ', 'Rst': '20 '}"
5753,Rift Shield,Standard +7 ,"{'Phy': '98 ', 'Mag': '- ', 'Fir': '- ', 'Lit': '- ', 'Hol': '- ', 'Sta': '69 '}","{'Str': 'D ', 'Dex': '- ', 'Int': '- ', 'Fai': '- ', 'Arc': '- '}",{'Any': '- '},"{'Phy': '76 ', 'Mag': '33 ', 'Fir': '37 ', 'Lit': '18 ', 'Hol': '37 ', 'Bst': '43.32 ', 'Rst': '20 '}"
5754,Rift Shield,Standard +8 ,"{'Phy': '102 ', 'Mag': '- ', 'Fir': '- ', 'Lit': '- ', 'Hol': '- ', 'Sta': '71 '}","{'Str': 'D ', 'Dex': '- ', 'Int': '- ', 'Fai': '- ', 'Arc': '- '}",{'Any': '- '},"{'Phy': '76 ', 'Mag': '33 ', 'Fir': '37 ', 'Lit': '18 ', 'Hol': '37 ', 'Bst': '43.7 ', 'Rst': '20 '}"
5755,Rift Shield,Standard +9 ,"{'Phy': '106 ', 'Mag': '- ', 'Fir': '- ', 'Lit': '- ', 'Hol': '- ', 'Sta': '73 '}","{'Str': 'D ', 'Dex': '- ', 'Int': '- ', 'Fai': '- ', 'Arc': '- '}",{'Any': '- '},"{'Phy': '76 ', 'Mag': '33 ', 'Fir': '37 ', 'Lit': '18 ', 'Hol': '37 ', 'Bst': '44.08 ', 'Rst': '20 '}"
5756,Rift Shield,Standard +10 ,"{'Phy': '110 ', 'Mag': '- ', 'Fir': '- ', 'Lit': '- ', 'Hol': '- ', 'Sta': '75 '}","{'Str': 'D ', 'Dex': '- ', 'Int': '- ', 'Fai': '- ', 'Arc': '- '}",{'Any': '- '},"{'Phy': '76 ', 'Mag': '33 ', 'Fir': '37 ', 'Lit': '18 ', 'Hol': '37 ', 'Bst': '44.46 ', 'Rst': '20 '}"
5757,Rift Shield,Standard +11 ,"{'Phy': '114 ', 'Mag': '- ', 'Fir': '- ', 'Lit': '- ', 'Hol': '- ', 'Sta': '77 '}","{'Str': 'D ', 'Dex': '- ', 'Int': '- ', 'Fai': '- ', 'Arc': '- '}",{'Any': '- '},"{'Phy': '76 ', 'Mag': '33 ', 'Fir': '37 ', 'Lit': '18 ', 'Hol': '37 ', 'Bst': '44.84 ', 'Rst': '20 '}"
5758,Rift Shield,Standard +12 ,"{'Phy': '118 ', 'Mag': '- ', 'Fir': '- ', 'Lit': '- ', 'Hol': '- ', 'Sta': '79 '}","{'Str': 'D ', 'Dex': '- ', 'Int': '- ', 'Fai': '- ', 'Arc': '- '}",{'Any': '- '},"{'Phy': '76 ', 'Mag': '33 ', 'Fir': '37 ', 'Lit': '18 ', 'Hol': '37 ', 'Bst': '45.22 ', 'Rst': '20 '}"
5759,Rift Shield,Standard +13 ,"{'Phy': '122 ', 'Mag': '- ', 'Fir': '- ', 'Lit': '- ', 'Hol': '- ', 'Sta': '82 '}","{'Str': 'D ', 'Dex': '- ', 'Int': '- ', 'Fai': '- ', 'Arc': '- '}",{'Any': '- '},"{'Phy': '76 ', 'Mag': '33 ', 'Fir': '37 ', 'Lit': '18 ', 'Hol': '37 ', 'Bst': '45.6 ', 'Rst': '20 '}"
5760,Rift Shield,Standard +14 ,"{'Phy': '126 ', 'Mag': '- ', 'Fir': '- ', 'Lit': '- ', 'Hol': '- ', 'Sta': '84 '}","{'Str': 'D ', 'Dex': '- ', 'Int': '- ', 'Fai': '- ', 'Arc': '- '}",{'Any': '- '},"{'Phy': '76 ', 'Mag': '33 ', 'Fir': '37 ', 'Lit': '18 ', 'Hol': '37 ', 'Bst': '45.98 ', 'Rst': '20 '}"
5761,Rift Shield,Standard +15 ,"{'Phy': '130 ', 'Mag': '- ', 'Fir': '- ', 'Lit': '- ', 'Hol': '- ', 'Sta': '86 '}","{'Str': 'D ', 'Dex': '- ', 'Int': '- ', 'Fai': '- ', 'Arc': '- '}",{'Any': '- '},"{'Phy': '76 ', 'Mag': '33 ', 'Fir': '37 ', 'Lit': '18 ', 'Hol': '37 ', 'Bst': '46.36 ', 'Rst': '20 '}"
5762,Rift Shield,Standard +16 ,"{'Phy': '134 ', 'Mag': '- ', 'Fir': '- ', 'Lit': '- ', 'Hol': '- ', 'Sta': '88 '}","{'Str': 'D ', 'Dex': '- ', 'Int': '- ', 'Fai': '- ', 'Arc': '- '}",{'Any': '- '},"{'Phy': '76 ', 'Mag': '33 ', 'Fir': '37 ', 'Lit': '18 ', 'Hol': '37 ', 'Bst': '46.74 ', 'Rst': '20 '}"
5763,Rift Shield,Standard +17 ,"{'Phy': '139 ', 'Mag': '- ', 'Fir': '- ', 'Lit': '- ', 'Hol': '- ', 'Sta': '90 '}","{'Str': 'D ', 'Dex': '- ', 'Int': '- ', 'Fai': '- ', 'Arc': '- '}",{'Any': '- '},"{'Phy': '76 ', 'Mag': '33 ', 'Fir': '37 ', 'Lit': '18 ', 'Hol': '37 ', 'Bst': '47.12 ', 'Rst': '20 '}"
5764,Rift Shield,Standard +18 ,"{'Phy': '143 ', 'Mag': '- ', 'Fir': '- ', 'Lit': '- ', 'Hol': '- ', 'Sta': '92 '}","{'Str': 'D ', 'Dex': '- ', 'Int': '- ', 'Fai': '- ', 'Arc': '- '}",{'Any': '- '},"{'Phy': '76 ', 'Mag': '33 ', 'Fir': '37 ', 'Lit': '18 ', 'Hol': '37 ', 'Bst': '47.5 ', 'Rst': '20 '}"
5765,Rift Shield,Standard +19 ,"{'Phy': '147 ', 'Mag': '- ', 'Fir': '- ', 'Lit': '- ', 'Hol': '- ', 'Sta': '95 '}","{'Str': 'D ', 'Dex': '- ', 'Int': '- ', 'Fai': '- ', 'Arc': '- '}",{'Any': '- '},"{'Phy': '76 ', 'Mag': '33 ', 'Fir': '37 ', 'Lit': '18 ', 'Hol': '37 ', 'Bst': '47.88 ', 'Rst': '20 '}"
5766,Rift Shield,Standard +20 ,"{'Phy': '151 ', 'Mag': '- ', 'Fir': '- ', 'Lit': '- ', 'Hol': '- ', 'Sta': '97 '}","{'Str': 'D ', 'Dex': '- ', 'Int': '- ', 'Fai': '- ', 'Arc': '- '}",{'Any': '- '},"{'Phy': '76 ', 'Mag': '33 ', 'Fir': '37 ', 'Lit': '18 ', 'Hol': '37 ', 'Bst': '48.26 ', 'Rst': '20 '}"
5767,Rift Shield,Standard +21 ,"{'Phy': '155 ', 'Mag': '- ', 'Fir': '- ', 'Lit': '- ', 'Hol': '- ', 'Sta': '99 '}","{'Str': 'D ', 'Dex': '- ', 'Int': '- ', 'Fai': '- ', 'Arc': '- '}",{'Any': '- '},"{'Phy': '76 ', 'Mag': '33 ', 'Fir': '37 ', 'Lit': '18 ', 'Hol': '37 ', 'Bst': '48.64 ', 'Rst': '20 '}"
5768,Rift Shield,Standard +22 ,"{'Phy': '159 ', 'Mag': '- ', 'Fir': '- ', 'Lit': '- ', 'Hol': '- ', 'Sta': '101 '}","{'Str': 'D ', 'Dex': '- ', 'Int': '- ', 'Fai': '- ', 'Arc': '- '}",{'Any': '- '},"{'Phy': '76 ', 'Mag': '33 ', 'Fir': '37 ', 'Lit': '18 ', 'Hol': '37 ', 'Bst': '49.02 ', 'Rst': '20 '}"
5769,Rift Shield,Standard +23 ,"{'Phy': '163 ', 'Mag': '- ', 'Fir': '- ', 'Lit': '- ', 'Hol': '- ', 'Sta': '103 '}","{'Str': 'D ', 'Dex': '- ', 'Int': '- ', 'Fai': '- ', 'Arc': '- '}",{'Any': '- '},"{'Phy': '76 ', 'Mag': '33 ', 'Fir': '37 ', 'Lit': '18 ', 'Hol': '37 ', 'Bst': '49.4 ', 'Rst': '20 '}"
5770,Rift Shield,Standard +24 ,"{'Phy': '167 ', 'Mag': '- ', 'Fir': '- ', 'Lit': '- ', 'Hol': '- ', 'Sta': '105 '}","{'Str': 'D ', 'Dex': '- ', 'Int': '- ', 'Fai': '- ', 'Arc': '- '}",{'Any': '- '},"{'Phy': '76 ', 'Mag': '33 ', 'Fir': '37 ', 'Lit': '18 ', 'Hol': '37 ', 'Bst': '49.78 ', 'Rst': '20 '}"
5771,Rift Shield,Standard +25 ,"{'Phy': '171 ', 'Mag': '- ', 'Fir': '- ', 'Lit': '- ', 'Hol': '- ', 'Sta': '108 '}","{'Str': 'D ', 'Dex': '- ', 'Int': '- ', 'Fai': '- ', 'Arc': '- '}",{'Any': '- '},"{'Phy': '76 ', 'Mag': '33 ', 'Fir': '37 ', 'Lit': '18 ', 'Hol': '37 ', 'Bst': '50.16 ', 'Rst': '20 '}"
6084,Perfumer's Shield,Standard ,"{'Phy': '67 ', 'Mag': '- ', 'Fir': '- ', 'Lit': '- ', 'Hol': '- ', 'Sta': '51 '}","{'Str': 'E ', 'Dex': '- ', 'Int': '- ', 'Fai': '- ', 'Arc': '- '}",{'Any': '- '},"{'Phy': '66 ', 'Mag': '35 ', 'Fir': '35 ', 'Lit': '16 ', 'Hol': '35 ', 'Bst': '37 ', 'Rst': '19 '}"
6085,Perfumer's Shield,Standard +1 ,"{'Phy': '70 ', 'Mag': '- ', 'Fir': '- ', 'Lit': '- ', 'Hol': '- ', 'Sta': '53 '}","{'Str': 'E ', 'Dex': '- ', 'Int': '- ', 'Fai': '- ', 'Arc': '- '}",{'Any': '- '},"{'Phy': '66 ', 'Mag': '35 ', 'Fir': '35 ', 'Lit': '16 ', 'Hol': '35 ', 'Bst': '37.74 ', 'Rst': '19 '}"
6086,Perfumer's Shield,Standard +2 ,"{'Phy': '74 ', 'Mag': '- ', 'Fir': '- ', 'Lit': '- ', 'Hol': '- ', 'Sta': '55 '}","{'Str': 'D ', 'Dex': '- ', 'Int': '- ', 'Fai': '- ', 'Arc': '- '}",{'Any': '- '},"{'Phy': '66 ', 'Mag': '35 ', 'Fir': '35 ', 'Lit': '16 ', 'Hol': '35 ', 'Bst': '38.48 ', 'Rst': '19 '}"
6087,Perfumer's Shield,Standard +3 ,"{'Phy': '78 ', 'Mag': '- ', 'Fir': '- ', 'Lit': '- ', 'Hol': '- ', 'Sta': '57 '}","{'Str': 'D ', 'Dex': '- ', 'Int': '- ', 'Fai': '- ', 'Arc': '- '}",{'Any': '- '},"{'Phy': '66 ', 'Mag': '35 ', 'Fir': '35 ', 'Lit': '16 ', 'Hol': '35 ', 'Bst': '39.22 ', 'Rst': '19 '}"
6088,Perfumer's Shield,Standard +4 ,"{'Phy': '82 ', 'Mag': '- ', 'Fir': '- ', 'Lit': '- ', 'Hol': '- ', 'Sta': '59 '}","{'Str': 'D ', 'Dex': '- ', 'Int': '- ', 'Fai': '- ', 'Arc': '- '}",{'Any': '- '},"{'Phy': '66 ', 'Mag': '35 ', 'Fir': '35 ', 'Lit': '16 ', 'Hol': '35 ', 'Bst': '39.96 ', 'Rst': '19 '}"
6089,Perfumer's Shield,Standard +5 ,"{'Phy': '86 ', 'Mag': '- ', 'Fir': '- ', 'Lit': '- ', 'Hol': '- ', 'Sta': '61 '}","{'Str': 'D ', 'Dex': '- ', 'Int': '- ', 'Fai': '- ', 'Arc': '- '}",{'Any': '- '},"{'Phy': '66 ', 'Mag': '35 ', 'Fir': '35 ', 'Lit': '16 ', 'Hol': '35 ', 'Bst': '40.7 ', 'Rst': '19 '}"
6090,Perfumer's Shield,Standard +6 ,"{'Phy': '90 ', 'Mag': '- ', 'Fir': '- ', 'Lit': '- ', 'Hol': '- ', 'Sta': '63 '}","{'Str': 'D ', 'Dex': '- ', 'Int': '- ', 'Fai': '- ', 'Arc': '- '}",{'Any': '- '},"{'Phy': '66 ', 'Mag': '35 ', 'Fir': '35 ', 'Lit': '16 ', 'Hol': '35 ', 'Bst': '41.44 ', 'Rst': '19 '}"
6091,Perfumer's Shield,Standard +7 ,"{'Phy': '94 ', 'Mag': '- ', 'Fir': '- ', 'Lit': '- ', 'Hol': '- ', 'Sta': '65 '}","{'Str': 'D ', 'Dex': '- ', 'Int': '- ', 'Fai': '- ', 'Arc': '- '}",{'Any': '- '},"{'Phy': '66 ', 'Mag': '35 ', 'Fir': '35 ', 'Lit': '16 ', 'Hol': '35 ', 'Bst': '42.18 ', 'Rst': '19 '}"
6092,Perfumer's Shield,Standard +8 ,"{'Phy': '98 ', 'Mag': '- ', 'Fir': '- ', 'Lit': '- ', 'Hol': '- ', 'Sta': '67 '}","{'Str': 'D ', 'Dex': '- ', 'Int': '- ', 'Fai': '- ', 'Arc': '- '}",{'Any': '- '},"{'Phy': '66 ', 'Mag': '35 ', 'Fir': '35 ', 'Lit': '16 ', 'Hol': '35 ', 'Bst': '42.55 ', 'Rst': '19 '}"
6093,Perfumer's Shield,Standard +9 ,"{'Phy': '101 ', 'Mag': '- ', 'Fir': '- ', 'Lit': '- ', 'Hol': '- ', 'Sta': '69 '}","{'Str': 'D ', 'Dex': '- ', 'Int': '- ', 'Fai': '- ', 'Arc': '- '}",{'Any': '- '},"{'Phy': '66 ', 'Mag': '35 ', 'Fir': '35 ', 'Lit': '16 ', 'Hol': '35 ', 'Bst': '42.92 ', 'Rst': '19 '}"
6094,Perfumer's Shield,Standard +10 ,"{'Phy': '105 ', 'Mag': '- ', 'Fir': '- ', 'Lit': '- ', 'Hol': '- ', 'Sta': '71 '}","{'Str': 'D ', 'Dex': '- ', 'Int': '- ', 'Fai': '- ', 'Arc': '- '}",{'Any': '- '},"{'Phy': '66 ', 'Mag': '35 ', 'Fir': '35 ', 'Lit': '16 ', 'Hol': '35 ', 'Bst': '43.29 ', 'Rst': '19 '}"
6095,Perfumer's Shield,Standard +11 ,"{'Phy': '109 ', 'Mag': '- ', 'Fir': '- ', 'Lit': '- ', 'Hol': '- ', 'Sta': '73 '}","{'Str': 'D ', 'Dex': '- ', 'Int': '- ', 'Fai': '- ', 'Arc': '- '}",{'Any': '- '},"{'Phy': '66 ', 'Mag': '35 ', 'Fir': '35 ', 'Lit': '16 ', 'Hol': '35 ', 'Bst': '43.66 ', 'Rst': '19 '}"
6096,Perfumer's Shield,Standard +12 ,"{'Phy': '113 ', 'Mag': '- ', 'Fir': '- ', 'Lit': '- ', 'Hol': '- ', 'Sta': '75 '}","{'Str': 'D ', 'Dex': '- ', 'Int': '- ', 'Fai': '- ', 'Arc': '- '}",{'Any': '- '},"{'Phy': '66 ', 'Mag': '35 ', 'Fir': '35 ', 'Lit': '16 ', 'Hol': '35 ', 'Bst': '44.03 ', 'Rst': '19 '}"
6097,Perfumer's Shield,Standard +13 ,"{'Phy': '117 ', 'Mag': '- ', 'Fir': '- ', 'Lit': '- ', 'Hol': '- ', 'Sta': '77 '}","{'Str': 'D ', 'Dex': '- ', 'Int': '- ', 'Fai': '- ', 'Arc': '- '}",{'Any': '- '},"{'Phy': '66 ', 'Mag': '35 ', 'Fir': '35 ', 'Lit': '16 ', 'Hol': '35 ', 'Bst': '44.4 ', 'Rst': '19 '}"
6098,Perfumer's Shield,Standard +14 ,"{'Phy': '121 ', 'Mag': '- ', 'Fir': '- ', 'Lit': '- ', 'Hol': '- ', 'Sta': '79 '}","{'Str': 'D ', 'Dex': '- ', 'Int': '- ', 'Fai': '- ', 'Arc': '- '}",{'Any': '- '},"{'Phy': '66 ', 'Mag': '35 ', 'Fir': '35 ', 'Lit': '16 ', 'Hol': '35 ', 'Bst': '44.77 ', 'Rst': '19 '}"
6099,Perfumer's Shield,Standard +15 ,"{'Phy': '125 ', 'Mag': '- ', 'Fir': '- ', 'Lit': '- ', 'Hol': '- ', 'Sta': '81 '}","{'Str': 'D ', 'Dex': '- ', 'Int': '- ', 'Fai': '- ', 'Arc': '- '}",{'Any': '- '},"{'Phy': '66 ', 'Mag': '35 ', 'Fir': '35 ', 'Lit': '16 ', 'Hol': '35 ', 'Bst': '45.14 ', 'Rst': '19 '}"
6100,Perfumer's Shield,Standard +16 ,"{'Phy': '129 ', 'Mag': '- ', 'Fir': '- ', 'Lit': '- ', 'Hol': '- ', 'Sta': '83 '}","{'Str': 'D ', 'Dex': '- ', 'Int': '- ', 'Fai': '- ', 'Arc': '- '}",{'Any': '- '},"{'Phy': '66 ', 'Mag': '35 ', 'Fir': '35 ', 'Lit': '16 ', 'Hol': '35 ', 'Bst': '45.51 ', 'Rst': '19 '}"
6101,Perfumer's Shield,Standard +17 ,"{'Phy': '133 ', 'Mag': '- ', 'Fir': '- ', 'Lit': '- ', 'Hol': '- ', 'Sta': '85 '}","{'Str': 'D ', 'Dex': '- ', 'Int': '- ', 'Fai': '- ', 'Arc': '- '}",{'Any': '- '},"{'Phy': '66 ', 'Mag': '35 ', 'Fir': '35 ', 'Lit': '16 ', 'Hol': '35 ', 'Bst': '45.88 ', 'Rst': '19 '}"
6102,Perfumer's Shield,Standard +18 ,"{'Phy': '136 ', 'Mag': '- ', 'Fir': '- ', 'Lit': '- ', 'Hol': '- ', 'Sta': '87 '}","{'Str': 'D ', 'Dex': '- ', 'Int': '- ', 'Fai': '- ', 'Arc': '- '}",{'Any': '- '},"{'Phy': '66 ', 'Mag': '35 ', 'Fir': '35 ', 'Lit': '16 ', 'Hol': '35 ', 'Bst': '46.25 ', 'Rst': '19 '}"
6103,Perfumer's Shield,Standard +19 ,"{'Phy': '140 ', 'Mag': '- ', 'Fir': '- ', 'Lit': '- ', 'Hol': '- ', 'Sta': '89 '}","{'Str': 'D ', 'Dex': '- ', 'Int': '- ', 'Fai': '- ', 'Arc': '- '}",{'Any': '- '},"{'Phy': '66 ', 'Mag': '35 ', 'Fir': '35 ', 'Lit': '16 ', 'Hol': '35 ', 'Bst': '46.62 ', 'Rst': '19 '}"
6104,Perfumer's Shield,Standard +20 ,"{'Phy': '144 ', 'Mag': '- ', 'Fir': '- ', 'Lit': '- ', 'Hol': '- ', 'Sta': '91 '}","{'Str': 'D ', 'Dex': '- ', 'Int': '- ', 'Fai': '- ', 'Arc': '- '}",{'Any': '- '},"{'Phy': '66 ', 'Mag': '35 ', 'Fir': '35 ', 'Lit': '16 ', 'Hol': '35 ', 'Bst': '46.99 ', 'Rst': '19 '}"
6105,Perfumer's Shield,Standard +21 ,"{'Phy': '148 ', 'Mag': '- ', 'Fir': '- ', 'Lit': '- ', 'Hol': '- ', 'Sta': '93 '}","{'Str': 'D ', 'Dex': '- ', 'Int': '- ', 'Fai': '- ', 'Arc': '- '}",{'Any': '- '},"{'Phy': '66 ', 'Mag': '35 ', 'Fir': '35 ', 'Lit': '16 ', 'Hol': '35 ', 'Bst': '47.36 ', 'Rst': '19 '}"
6106,Perfumer's Shield,Standard +22 ,"{'Phy': '152 ', 'Mag': '- ', 'Fir': '- ', 'Lit': '- ', 'Hol': '- ', 'Sta': '95 '}","{'Str': 'D ', 'Dex': '- ', 'Int': '- ', 'Fai': '- ', 'Arc': '- '}",{'Any': '- '},"{'Phy': '66 ', 'Mag': '35 ', 'Fir': '35 ', 'Lit': '16 ', 'Hol': '35 ', 'Bst': '47.73 ', 'Rst': '19 '}"
6107,Perfumer's Shield,Standard +23 ,"{'Phy': '156 ', 'Mag': '- ', 'Fir': '- ', 'Lit': '- ', 'Hol': '- ', 'Sta': '97 '}","{'Str': 'D ', 'Dex': '- ', 'Int': '- ', 'Fai': '- ', 'Arc': '- '}",{'Any': '- '},"{'Phy': '66 ', 'Mag': '35 ', 'Fir': '35 ', 'Lit': '16 ', 'Hol': '35 ', 'Bst': '48.1 ', 'Rst': '19 '}"
6108,Perfumer's Shield,Standard +24 ,"{'Phy': '160 ', 'Mag': '- ', 'Fir': '- ', 'Lit': '- ', 'Hol': '- ', 'Sta': '99 '}","{'Str': 'D ', 'Dex': '- ', 'Int': '- ', 'Fai': '- ', 'Arc': '- '}",{'Any': '- '},"{'Phy': '66 ', 'Mag': '35 ', 'Fir': '35 ', 'Lit': '16 ', 'Hol': '35 ', 'Bst': '48.47 ', 'Rst': '19 '}"
6109,Perfumer's Shield,Standard +25 ,"{'Phy': '164 ', 'Mag': '- ', 'Fir': '- ', 'Lit': '- ', 'Hol': '- ', 'Sta': '102 '}","{'Str': 'D ', 'Dex': '- ', 'Int': '- ', 'Fai': '- ', 'Arc': '- '}",{'Any': '- '},"{'Phy': '66 ', 'Mag': '35 ', 'Fir': '35 ', 'Lit': '16 ', 'Hol': '35 ', 'Bst': '48.84 ', 'Rst': '19 '}"
6422,Perfumer's Shield,Standard ,"{'Phy': '67 ', 'Mag': '- ', 'Fir': '- ', 'Lit': '- ', 'Hol': '- ', 'Sta': '51 '}","{'Str': 'E ', 'Dex': '- ', 'Int': '- ', 'Fai': '- ', 'Arc': '- '}",{'Any': '- '},"{'Phy': '66 ', 'Mag': '35 ', 'Fir': '35 ', 'Lit': '16 ', 'Hol': '35 ', 'Bst': '37 ', 'Rst': '19 '}"
6423,Perfumer's Shield,Standard +1 ,"{'Phy': '70 ', 'Mag': '- ', 'Fir': '- ', 'Lit': '- ', 'Hol': '- ', 'Sta': '53 '}","{'Str': 'E ', 'Dex': '- ', 'Int': '- ', 'Fai': '- ', 'Arc': '- '}",{'Any': '- '},"{'Phy': '66 ', 'Mag': '35 ', 'Fir': '35 ', 'Lit': '16 ', 'Hol': '35 ', 'Bst': '37.74 ', 'Rst': '19 '}"
6424,Perfumer's Shield,Standard +2 ,"{'Phy': '74 ', 'Mag': '- ', 'Fir': '- ', 'Lit': '- ', 'Hol': '- ', 'Sta': '55 '}","{'Str': 'D ', 'Dex': '- ', 'Int': '- ', 'Fai': '- ', 'Arc': '- '}",{'Any': '- '},"{'Phy': '66 ', 'Mag': '35 ', 'Fir': '35 ', 'Lit': '16 ', 'Hol': '35 ', 'Bst': '38.48 ', 'Rst': '19 '}"
6425,Perfumer's Shield,Standard +3 ,"{'Phy': '78 ', 'Mag': '- ', 'Fir': '- ', 'Lit': '- ', 'Hol': '- ', 'Sta': '57 '}","{'Str': 'D ', 'Dex': '- ', 'Int': '- ', 'Fai': '- ', 'Arc': '- '}",{'Any': '- '},"{'Phy': '66 ', 'Mag': '35 ', 'Fir': '35 ', 'Lit': '16 ', 'Hol': '35 ', 'Bst': '39.22 ', 'Rst': '19 '}"
6426,Perfumer's Shield,Standard +4 ,"{'Phy': '82 ', 'Mag': '- ', 'Fir': '- ', 'Lit': '- ', 'Hol': '- ', 'Sta': '59 '}","{'Str': 'D ', 'Dex': '- ', 'Int': '- ', 'Fai': '- ', 'Arc': '- '}",{'Any': '- '},"{'Phy': '66 ', 'Mag': '35 ', 'Fir': '35 ', 'Lit': '16 ', 'Hol': '35 ', 'Bst': '39.96 ', 'Rst': '19 '}"
6427,Perfumer's Shield,Standard +5 ,"{'Phy': '86 ', 'Mag': '- ', 'Fir': '- ', 'Lit': '- ', 'Hol': '- ', 'Sta': '61 '}","{'Str': 'D ', 'Dex': '- ', 'Int': '- ', 'Fai': '- ', 'Arc': '- '}",{'Any': '- '},"{'Phy': '66 ', 'Mag': '35 ', 'Fir': '35 ', 'Lit': '16 ', 'Hol': '35 ', 'Bst': '40.7 ', 'Rst': '19 '}"
6428,Perfumer's Shield,Standard +6 ,"{'Phy': '90 ', 'Mag': '- ', 'Fir': '- ', 'Lit': '- ', 'Hol': '- ', 'Sta': '63 '}","{'Str': 'D ', 'Dex': '- ', 'Int': '- ', 'Fai': '- ', 'Arc': '- '}",{'Any': '- '},"{'Phy': '66 ', 'Mag': '35 ', 'Fir': '35 ', 'Lit': '16 ', 'Hol': '35 ', 'Bst': '41.44 ', 'Rst': '19 '}"
6429,Perfumer's Shield,Standard +7 ,"{'Phy': '94 ', 'Mag': '- ', 'Fir': '- ', 'Lit': '- ', 'Hol': '- ', 'Sta': '65 '}","{'Str': 'D ', 'Dex': '- ', 'Int': '- ', 'Fai': '- ', 'Arc': '- '}",{'Any': '- '},"{'Phy': '66 ', 'Mag': '35 ', 'Fir': '35 ', 'Lit': '16 ', 'Hol': '35 ', 'Bst': '42.18 ', 'Rst': '19 '}"
6430,Perfumer's Shield,Standard +8 ,"{'Phy': '98 ', 'Mag': '- ', 'Fir': '- ', 'Lit': '- ', 'Hol': '- ', 'Sta': '67 '}","{'Str': 'D ', 'Dex': '- ', 'Int': '- ', 'Fai': '- ', 'Arc': '- '}",{'Any': '- '},"{'Phy': '66 ', 'Mag': '35 ', 'Fir': '35 ', 'Lit': '16 ', 'Hol': '35 ', 'Bst': '42.55 ', 'Rst': '19 '}"
6431,Perfumer's Shield,Standard +9 ,"{'Phy': '101 ', 'Mag': '- ', 'Fir': '- ', 'Lit': '- ', 'Hol': '- ', 'Sta': '69 '}","{'Str': 'D ', 'Dex': '- ', 'Int': '- ', 'Fai': '- ', 'Arc': '- '}",{'Any': '- '},"{'Phy': '66 ', 'Mag': '35 ', 'Fir': '35 ', 'Lit': '16 ', 'Hol': '35 ', 'Bst': '42.92 ', 'Rst': '19 '}"
6432,Perfumer's Shield,Standard +10 ,"{'Phy': '105 ', 'Mag': '- ', 'Fir': '- ', 'Lit': '- ', 'Hol': '- ', 'Sta': '71 '}","{'Str': 'D ', 'Dex': '- ', 'Int': '- ', 'Fai': '- ', 'Arc': '- '}",{'Any': '- '},"{'Phy': '66 ', 'Mag': '35 ', 'Fir': '35 ', 'Lit': '16 ', 'Hol': '35 ', 'Bst': '43.29 ', 'Rst': '19 '}"
6433,Perfumer's Shield,Standard +11 ,"{'Phy': '109 ', 'Mag': '- ', 'Fir': '- ', 'Lit': '- ', 'Hol': '- ', 'Sta': '73 '}","{'Str': 'D ', 'Dex': '- ', 'Int': '- ', 'Fai': '- ', 'Arc': '- '}",{'Any': '- '},"{'Phy': '66 ', 'Mag': '35 ', 'Fir': '35 ', 'Lit': '16 ', 'Hol': '35 ', 'Bst': '43.66 ', 'Rst': '19 '}"
6434,Perfumer's Shield,Standard +12 ,"{'Phy': '113 ', 'Mag': '- ', 'Fir': '- ', 'Lit': '- ', 'Hol': '- ', 'Sta': '75 '}","{'Str': 'D ', 'Dex': '- ', 'Int': '- ', 'Fai': '- ', 'Arc': '- '}",{'Any': '- '},"{'Phy': '66 ', 'Mag': '35 ', 'Fir': '35 ', 'Lit': '16 ', 'Hol': '35 ', 'Bst': '44.03 ', 'Rst': '19 '}"
6435,Perfumer's Shield,Standard +13 ,"{'Phy': '117 ', 'Mag': '- ', 'Fir': '- ', 'Lit': '- ', 'Hol': '- ', 'Sta': '77 '}","{'Str': 'D ', 'Dex': '- ', 'Int': '- ', 'Fai': '- ', 'Arc': '- '}",{'Any': '- '},"{'Phy': '66 ', 'Mag': '35 ', 'Fir': '35 ', 'Lit': '16 ', 'Hol': '35 ', 'Bst': '44.4 ', 'Rst': '19 '}"
6436,Perfumer's Shield,Standard +14 ,"{'Phy': '121 ', 'Mag': '- ', 'Fir': '- ', 'Lit': '- ', 'Hol': '- ', 'Sta': '79 '}","{'Str': 'D ', 'Dex': '- ', 'Int': '- ', 'Fai': '- ', 'Arc': '- '}",{'Any': '- '},"{'Phy': '66 ', 'Mag': '35 ', 'Fir': '35 ', 'Lit': '16 ', 'Hol': '35 ', 'Bst': '44.77 ', 'Rst': '19 '}"
6437,Perfumer's Shield,Standard +15 ,"{'Phy': '125 ', 'Mag': '- ', 'Fir': '- ', 'Lit': '- ', 'Hol': '- ', 'Sta': '81 '}","{'Str': 'D ', 'Dex': '- ', 'Int': '- ', 'Fai': '- ', 'Arc': '- '}",{'Any': '- '},"{'Phy': '66 ', 'Mag': '35 ', 'Fir': '35 ', 'Lit': '16 ', 'Hol': '35 ', 'Bst': '45.14 ', 'Rst': '19 '}"
6438,Perfumer's Shield,Standard +16 ,"{'Phy': '129 ', 'Mag': '- ', 'Fir': '- ', 'Lit': '- ', 'Hol': '- ', 'Sta': '83 '}","{'Str': 'D ', 'Dex': '- ', 'Int': '- ', 'Fai': '- ', 'Arc': '- '}",{'Any': '- '},"{'Phy': '66 ', 'Mag': '35 ', 'Fir': '35 ', 'Lit': '16 ', 'Hol': '35 ', 'Bst': '45.51 ', 'Rst': '19 '}"
6439,Perfumer's Shield,Standard +17 ,"{'Phy': '133 ', 'Mag': '- ', 'Fir': '- ', 'Lit': '- ', 'Hol': '- ', 'Sta': '85 '}","{'Str': 'D ', 'Dex': '- ', 'Int': '- ', 'Fai': '- ', 'Arc': '- '}",{'Any': '- '},"{'Phy': '66 ', 'Mag': '35 ', 'Fir': '35 ', 'Lit': '16 ', 'Hol': '35 ', 'Bst': '45.88 ', 'Rst': '19 '}"
6440,Perfumer's Shield,Standard +18 ,"{'Phy': '136 ', 'Mag': '- ', 'Fir': '- ', 'Lit': '- ', 'Hol': '- ', 'Sta': '87 '}","{'Str': 'D ', 'Dex': '- ', 'Int': '- ', 'Fai': '- ', 'Arc': '- '}",{'Any': '- '},"{'Phy': '66 ', 'Mag': '35 ', 'Fir': '35 ', 'Lit': '16 ', 'Hol': '35 ', 'Bst': '46.25 ', 'Rst': '19 '}"
6441,Perfumer's Shield,Standard +19 ,"{'Phy': '140 ', 'Mag': '- ', 'Fir': '- ', 'Lit': '- ', 'Hol': '- ', 'Sta': '89 '}","{'Str': 'D ', 'Dex': '- ', 'Int': '- ', 'Fai': '- ', 'Arc': '- '}",{'Any': '- '},"{'Phy': '66 ', 'Mag': '35 ', 'Fir': '35 ', 'Lit': '16 ', 'Hol': '35 ', 'Bst': '46.62 ', 'Rst': '19 '}"
6442,Perfumer's Shield,Standard +20 ,"{'Phy': '144 ', 'Mag': '- ', 'Fir': '- ', 'Lit': '- ', 'Hol': '- ', 'Sta': '91 '}","{'Str': 'D ', 'Dex': '- ', 'Int': '- ', 'Fai': '- ', 'Arc': '- '}",{'Any': '- '},"{'Phy': '66 ', 'Mag': '35 ', 'Fir': '35 ', 'Lit': '16 ', 'Hol': '35 ', 'Bst': '46.99 ', 'Rst': '19 '}"
6443,Perfumer's Shield,Standard +21 ,"{'Phy': '148 ', 'Mag': '- ', 'Fir': '- ', 'Lit': '- ', 'Hol': '- ', 'Sta': '93 '}","{'Str': 'D ', 'Dex': '- ', 'Int': '- ', 'Fai': '- ', 'Arc': '- '}",{'Any': '- '},"{'Phy': '66 ', 'Mag': '35 ', 'Fir': '35 ', 'Lit': '16 ', 'Hol': '35 ', 'Bst': '47.36 ', 'Rst': '19 '}"
6444,Perfumer's Shield,Standard +22 ,"{'Phy': '152 ', 'Mag': '- ', 'Fir': '- ', 'Lit': '- ', 'Hol': '- ', 'Sta': '95 '}","{'Str': 'D ', 'Dex': '- ', 'Int': '- ', 'Fai': '- ', 'Arc': '- '}",{'Any': '- '},"{'Phy': '66 ', 'Mag': '35 ', 'Fir': '35 ', 'Lit': '16 ', 'Hol': '35 ', 'Bst': '47.73 ', 'Rst': '19 '}"
6445,Perfumer's Shield,Standard +23 ,"{'Phy': '156 ', 'Mag': '- ', 'Fir': '- ', 'Lit': '- ', 'Hol': '- ', 'Sta': '97 '}","{'Str': 'D ', 'Dex': '- ', 'Int': '- ', 'Fai': '- ', 'Arc': '- '}",{'Any': '- '},"{'Phy': '66 ', 'Mag': '35 ', 'Fir': '35 ', 'Lit': '16 ', 'Hol': '35 ', 'Bst': '48.1 ', 'Rst': '19 '}"
6446,Perfumer's Shield,Standard +24 ,"{'Phy': '160 ', 'Mag': '- ', 'Fir': '- ', 'Lit': '- ', 'Hol': '- ', 'Sta': '99 '}","{'Str': 'D ', 'Dex': '- ', 'Int': '- ', 'Fai': '- ', 'Arc': '- '}",{'Any': '- '},"{'Phy': '66 ', 'Mag': '35 ', 'Fir': '35 ', 'Lit': '16 ', 'Hol': '35 ', 'Bst': '48.47 ', 'Rst': '19 '}"
6447,Perfumer's Shield,Standard +25 ,"{'Phy': '164 ', 'Mag': '- ', 'Fir': '- ', 'Lit': '- ', 'Hol': '- ', 'Sta': '102 '}","{'Str': 'D ', 'Dex': '- ', 'Int': '- ', 'Fai': '- ', 'Arc': '- '}",{'Any': '- '},"{'Phy': '66 ', 'Mag': '35 ', 'Fir': '35 ', 'Lit': '16 ', 'Hol': '35 ', 'Bst': '48.84 ', 'Rst': '19 '}"
6760,Shield of the Guilty,Standard ,"{'Phy': '75 ', 'Mag': '- ', 'Fir': '- ', 'Lit': '- ', 'Hol': '- ', 'Sta': '54 '}","{'Str': 'D ', 'Dex': '- ', 'Int': '- ', 'Fai': '- ', 'Arc': '- '}",{'Any': '(50) Hemorrhage '},"{'Phy': '68 ', 'Mag': '36 ', 'Fir': '36 ', 'Lit': '31 ', 'Hol': '37 ', 'Bst': '33 ', 'Rst': '20 '}"
6761,Shield of the Guilty,Standard +1 ,"{'Phy': '79 ', 'Mag': '- ', 'Fir': '- ', 'Lit': '- ', 'Hol': '- ', 'Sta': '56 '}","{'Str': 'D ', 'Dex': '- ', 'Int': '- ', 'Fai': '- ', 'Arc': '- '}",{'Any': '(50) Hemorrhage '},"{'Phy': '68 ', 'Mag': '36 ', 'Fir': '36 ', 'Lit': '31 ', 'Hol': '37 ', 'Bst': '33.66 ', 'Rst': '20 '}"
6762,Shield of the Guilty,Standard +2 ,"{'Phy': '83 ', 'Mag': '- ', 'Fir': '- ', 'Lit': '- ', 'Hol': '- ', 'Sta': '58 '}","{'Str': 'D ', 'Dex': '- ', 'Int': '- ', 'Fai': '- ', 'Arc': '- '}",{'Any': '(50) Hemorrhage '},"{'Phy': '68 ', 'Mag': '36 ', 'Fir': '36 ', 'Lit': '31 ', 'Hol': '37 ', 'Bst': '34.32 ', 'Rst': '20 '}"
6763,Shield of the Guilty,Standard +3 ,"{'Phy': '88 ', 'Mag': '- ', 'Fir': '- ', 'Lit': '- ', 'Hol': '- ', 'Sta': '60 '}","{'Str': 'D ', 'Dex': '- ', 'Int': '- ', 'Fai': '- ', 'Arc': '- '}",{'Any': '(50) Hemorrhage '},"{'Phy': '68 ', 'Mag': '36 ', 'Fir': '36 ', 'Lit': '31 ', 'Hol': '37 ', 'Bst': '34.98 ', 'Rst': '20 '}"
6764,Shield of the Guilty,Standard +4 ,"{'Phy': '92 ', 'Mag': '- ', 'Fir': '- ', 'Lit': '- ', 'Hol': '- ', 'Sta': '62 '}","{'Str': 'D ', 'Dex': '- ', 'Int': '- ', 'Fai': '- ', 'Arc': '- '}",{'Any': '(50) Hemorrhage '},"{'Phy': '68 ', 'Mag': '36 ', 'Fir': '36 ', 'Lit': '31 ', 'Hol': '37 ', 'Bst': '35.64 ', 'Rst': '20 '}"
6765,Shield of the Guilty,Standard +5 ,"{'Phy': '96 ', 'Mag': '- ', 'Fir': '- ', 'Lit': '- ', 'Hol': '- ', 'Sta': '64 '}","{'Str': 'D ', 'Dex': '- ', 'Int': '- ', 'Fai': '- ', 'Arc': '- '}",{'Any': '(50) Hemorrhage '},"{'Phy': '68 ', 'Mag': '36 ', 'Fir': '36 ', 'Lit': '31 ', 'Hol': '37 ', 'Bst': '36.3 ', 'Rst': '20 '}"
6766,Shield of the Guilty,Standard +6 ,"{'Phy': '101 ', 'Mag': '- ', 'Fir': '- ', 'Lit': '- ', 'Hol': '- ', 'Sta': '66 '}","{'Str': 'D ', 'Dex': '- ', 'Int': '- ', 'Fai': '- ', 'Arc': '- '}",{'Any': '(50) Hemorrhage '},"{'Phy': '68 ', 'Mag': '36 ', 'Fir': '36 ', 'Lit': '31 ', 'Hol': '37 ', 'Bst': '36.96 ', 'Rst': '20 '}"
6767,Shield of the Guilty,Standard +7 ,"{'Phy': '105 ', 'Mag': '- ', 'Fir': '- ', 'Lit': '- ', 'Hol': '- ', 'Sta': '69 '}","{'Str': 'D ', 'Dex': '- ', 'Int': '- ', 'Fai': '- ', 'Arc': '- '}",{'Any': '(50) Hemorrhage '},"{'Phy': '68 ', 'Mag': '36 ', 'Fir': '36 ', 'Lit': '31 ', 'Hol': '37 ', 'Bst': '37.62 ', 'Rst': '20 '}"
6768,Shield of the Guilty,Standard +8 ,"{'Phy': '109 ', 'Mag': '- ', 'Fir': '- ', 'Lit': '- ', 'Hol': '- ', 'Sta': '71 '}","{'Str': 'D ', 'Dex': '- ', 'Int': '- ', 'Fai': '- ', 'Arc': '- '}",{'Any': '(50) Hemorrhage '},"{'Phy': '68 ', 'Mag': '36 ', 'Fir': '36 ', 'Lit': '31 ', 'Hol': '37 ', 'Bst': '37.95 ', 'Rst': '20 '}"
6769,Shield of the Guilty,Standard +9 ,"{'Phy': '114 ', 'Mag': '- ', 'Fir': '- ', 'Lit': '- ', 'Hol': '- ', 'Sta': '73 '}","{'Str': 'D ', 'Dex': '- ', 'Int': '- ', 'Fai': '- ', 'Arc': '- '}",{'Any': '(50) Hemorrhage '},"{'Phy': '68 ', 'Mag': '36 ', 'Fir': '36 ', 'Lit': '31 ', 'Hol': '37 ', 'Bst': '38.28 ', 'Rst': '20 '}"
6770,Shield of the Guilty,Standard +10 ,"{'Phy': '118 ', 'Mag': '- ', 'Fir': '- ', 'Lit': '- ', 'Hol': '- ', 'Sta': '75 '}","{'Str': 'D ', 'Dex': '- ', 'Int': '- ', 'Fai': '- ', 'Arc': '- '}",{'Any': '(50) Hemorrhage '},"{'Phy': '68 ', 'Mag': '36 ', 'Fir': '36 ', 'Lit': '31 ', 'Hol': '37 ', 'Bst': '38.61 ', 'Rst': '20 '}"
6771,Shield of the Guilty,Standard +11 ,"{'Phy': '122 ', 'Mag': '- ', 'Fir': '- ', 'Lit': '- ', 'Hol': '- ', 'Sta': '77 '}","{'Str': 'D ', 'Dex': '- ', 'Int': '- ', 'Fai': '- ', 'Arc': '- '}",{'Any': '(50) Hemorrhage '},"{'Phy': '68 ', 'Mag': '36 ', 'Fir': '36 ', 'Lit': '31 ', 'Hol': '37 ', 'Bst': '38.94 ', 'Rst': '20 '}"
6772,Shield of the Guilty,Standard +12 ,"{'Phy': '127 ', 'Mag': '- ', 'Fir': '- ', 'Lit': '- ', 'Hol': '- ', 'Sta': '79 '}","{'Str': 'D ', 'Dex': '- ', 'Int': '- ', 'Fai': '- ', 'Arc': '- '}",{'Any': '(50) Hemorrhage '},"{'Phy': '68 ', 'Mag': '36 ', 'Fir': '36 ', 'Lit': '31 ', 'Hol': '37 ', 'Bst': '39.27 ', 'Rst': '20 '}"
6773,Shield of the Guilty,Standard +13 ,"{'Phy': '131 ', 'Mag': '- ', 'Fir': '- ', 'Lit': '- ', 'Hol': '- ', 'Sta': '82 '}","{'Str': 'D ', 'Dex': '- ', 'Int': '- ', 'Fai': '- ', 'Arc': '- '}",{'Any': '(50) Hemorrhage '},"{'Phy': '68 ', 'Mag': '36 ', 'Fir': '36 ', 'Lit': '31 ', 'Hol': '37 ', 'Bst': '39.6 ', 'Rst': '20 '}"
6774,Shield of the Guilty,Standard +14 ,"{'Phy': '135 ', 'Mag': '- ', 'Fir': '- ', 'Lit': '- ', 'Hol': '- ', 'Sta': '84 '}","{'Str': 'C ', 'Dex': '- ', 'Int': '- ', 'Fai': '- ', 'Arc': '- '}",{'Any': '(50) Hemorrhage '},"{'Phy': '68 ', 'Mag': '36 ', 'Fir': '36 ', 'Lit': '31 ', 'Hol': '37 ', 'Bst': '39.93 ', 'Rst': '20 '}"
6775,Shield of the Guilty,Standard +15 ,"{'Phy': '140 ', 'Mag': '- ', 'Fir': '- ', 'Lit': '- ', 'Hol': '- ', 'Sta': '86 '}","{'Str': 'C ', 'Dex': '- ', 'Int': '- ', 'Fai': '- ', 'Arc': '- '}",{'Any': '(50) Hemorrhage '},"{'Phy': '68 ', 'Mag': '36 ', 'Fir': '36 ', 'Lit': '31 ', 'Hol': '37 ', 'Bst': '40.26 ', 'Rst': '20 '}"
6776,Shield of the Guilty,Standard +16 ,"{'Phy': '144 ', 'Mag': '- ', 'Fir': '- ', 'Lit': '- ', 'Hol': '- ', 'Sta': '88 '}","{'Str': 'C ', 'Dex': '- ', 'Int': '- ', 'Fai': '- ', 'Arc': '- '}",{'Any': '(50) Hemorrhage '},"{'Phy': '68 ', 'Mag': '36 ', 'Fir': '36 ', 'Lit': '31 ', 'Hol': '37 ', 'Bst': '40.59 ', 'Rst': '20 '}"
6777,Shield of the Guilty,Standard +17 ,"{'Phy': '148 ', 'Mag': '- ', 'Fir': '- ', 'Lit': '- ', 'Hol': '- ', 'Sta': '90 '}","{'Str': 'C ', 'Dex': '- ', 'Int': '- ', 'Fai': '- ', 'Arc': '- '}",{'Any': '(50) Hemorrhage '},"{'Phy': '68 ', 'Mag': '36 ', 'Fir': '36 ', 'Lit': '31 ', 'Hol': '37 ', 'Bst': '40.92 ', 'Rst': '20 '}"
6778,Shield of the Guilty,Standard +18 ,"{'Phy': '153 ', 'Mag': '- ', 'Fir': '- ', 'Lit': '- ', 'Hol': '- ', 'Sta': '92 '}","{'Str': 'C ', 'Dex': '- ', 'Int': '- ', 'Fai': '- ', 'Arc': '- '}",{'Any': '(50) Hemorrhage '},"{'Phy': '68 ', 'Mag': '36 ', 'Fir': '36 ', 'Lit': '31 ', 'Hol': '37 ', 'Bst': '41.25 ', 'Rst': '20 '}"
6779,Shield of the Guilty,Standard +19 ,"{'Phy': '157 ', 'Mag': '- ', 'Fir': '- ', 'Lit': '- ', 'Hol': '- ', 'Sta': '95 '}","{'Str': 'C ', 'Dex': '- ', 'Int': '- ', 'Fai': '- ', 'Arc': '- '}",{'Any': '(50) Hemorrhage '},"{'Phy': '68 ', 'Mag': '36 ', 'Fir': '36 ', 'Lit': '31 ', 'Hol': '37 ', 'Bst': '41.58 ', 'Rst': '20 '}"
6780,Shield of the Guilty,Standard +20 ,"{'Phy': '162 ', 'Mag': '- ', 'Fir': '- ', 'Lit': '- ', 'Hol': '- ', 'Sta': '97 '}","{'Str': 'C ', 'Dex': '- ', 'Int': '- ', 'Fai': '- ', 'Arc': '- '}",{'Any': '(50) Hemorrhage '},"{'Phy': '68 ', 'Mag': '36 ', 'Fir': '36 ', 'Lit': '31 ', 'Hol': '37 ', 'Bst': '41.91 ', 'Rst': '20 '}"
6781,Shield of the Guilty,Standard +21 ,"{'Phy': '166 ', 'Mag': '- ', 'Fir': '- ', 'Lit': '- ', 'Hol': '- ', 'Sta': '99 '}","{'Str': 'C ', 'Dex': '- ', 'Int': '- ', 'Fai': '- ', 'Arc': '- '}",{'Any': '(50) Hemorrhage '},"{'Phy': '68 ', 'Mag': '36 ', 'Fir': '36 ', 'Lit': '31 ', 'Hol': '37 ', 'Bst': '42.24 ', 'Rst': '20 '}"
6782,Shield of the Guilty,Standard +22 ,"{'Phy': '170 ', 'Mag': '- ', 'Fir': '- ', 'Lit': '- ', 'Hol': '- ', 'Sta': '101 '}","{'Str': 'C ', 'Dex': '- ', 'Int': '- ', 'Fai': '- ', 'Arc': '- '}",{'Any': '(50) Hemorrhage '},"{'Phy': '68 ', 'Mag': '36 ', 'Fir': '36 ', 'Lit': '31 ', 'Hol': '37 ', 'Bst': '42.57 ', 'Rst': '20 '}"
6783,Shield of the Guilty,Standard +23 ,"{'Phy': '175 ', 'Mag': '- ', 'Fir': '- ', 'Lit': '- ', 'Hol': '- ', 'Sta': '103 '}","{'Str': 'C ', 'Dex': '- ', 'Int': '- ', 'Fai': '- ', 'Arc': '- '}",{'Any': '(50) Hemorrhage '},"{'Phy': '68 ', 'Mag': '36 ', 'Fir': '36 ', 'Lit': '31 ', 'Hol': '37 ', 'Bst': '42.9 ', 'Rst': '20 '}"
6784,Shield of the Guilty,Standard +24 ,"{'Phy': '179 ', 'Mag': '- ', 'Fir': '- ', 'Lit': '- ', 'Hol': '- ', 'Sta': '105 '}","{'Str': 'C ', 'Dex': '- ', 'Int': '- ', 'Fai': '- ', 'Arc': '- '}",{'Any': '(50) Hemorrhage '},"{'Phy': '68 ', 'Mag': '36 ', 'Fir': '36 ', 'Lit': '31 ', 'Hol': '37 ', 'Bst': '43.23 ', 'Rst': '20 '}"
6785,Shield of the Guilty,Standard +25 ,"{'Phy': '183 ', 'Mag': '- ', 'Fir': '- ', 'Lit': '- ', 'Hol': '- ', 'Sta': '108 '}","{'Str': 'C ', 'Dex': '- ', 'Int': '- ', 'Fai': '- ', 'Arc': '- '}",{'Any': '(50) Hemorrhage '},"{'Phy': '68 ', 'Mag': '36 ', 'Fir': '36 ', 'Lit': '31 ', 'Hol': '37 ', 'Bst': '43.56 ', 'Rst': '20 '}"
7098,Shield of the Guilty,Standard ,"{'Phy': '75 ', 'Mag': '- ', 'Fir': '- ', 'Lit': '- ', 'Hol': '- ', 'Sta': '54 '}","{'Str': 'D ', 'Dex': '- ', 'Int': '- ', 'Fai': '- ', 'Arc': '- '}",{'Any': '(50) Hemorrhage '},"{'Phy': '68 ', 'Mag': '36 ', 'Fir': '36 ', 'Lit': '31 ', 'Hol': '37 ', 'Bst': '33 ', 'Rst': '20 '}"
7099,Shield of the Guilty,Standard +1 ,"{'Phy': '79 ', 'Mag': '- ', 'Fir': '- ', 'Lit': '- ', 'Hol': '- ', 'Sta': '56 '}","{'Str': 'D ', 'Dex': '- ', 'Int': '- ', 'Fai': '- ', 'Arc': '- '}",{'Any': '(50) Hemorrhage '},"{'Phy': '68 ', 'Mag': '36 ', 'Fir': '36 ', 'Lit': '31 ', 'Hol': '37 ', 'Bst': '33.66 ', 'Rst': '20 '}"
7100,Shield of the Guilty,Standard +2 ,"{'Phy': '83 ', 'Mag': '- ', 'Fir': '- ', 'Lit': '- ', 'Hol': '- ', 'Sta': '58 '}","{'Str': 'D ', 'Dex': '- ', 'Int': '- ', 'Fai': '- ', 'Arc': '- '}",{'Any': '(50) Hemorrhage '},"{'Phy': '68 ', 'Mag': '36 ', 'Fir': '36 ', 'Lit': '31 ', 'Hol': '37 ', 'Bst': '34.32 ', 'Rst': '20 '}"
7101,Shield of the Guilty,Standard +3 ,"{'Phy': '88 ', 'Mag': '- ', 'Fir': '- ', 'Lit': '- ', 'Hol': '- ', 'Sta': '60 '}","{'Str': 'D ', 'Dex': '- ', 'Int': '- ', 'Fai': '- ', 'Arc': '- '}",{'Any': '(50) Hemorrhage '},"{'Phy': '68 ', 'Mag': '36 ', 'Fir': '36 ', 'Lit': '31 ', 'Hol': '37 ', 'Bst': '34.98 ', 'Rst': '20 '}"
7102,Shield of the Guilty,Standard +4 ,"{'Phy': '92 ', 'Mag': '- ', 'Fir': '- ', 'Lit': '- ', 'Hol': '- ', 'Sta': '62 '}","{'Str': 'D ', 'Dex': '- ', 'Int': '- ', 'Fai': '- ', 'Arc': '- '}",{'Any': '(50) Hemorrhage '},"{'Phy': '68 ', 'Mag': '36 ', 'Fir': '36 ', 'Lit': '31 ', 'Hol': '37 ', 'Bst': '35.64 ', 'Rst': '20 '}"
7103,Shield of the Guilty,Standard +5 ,"{'Phy': '96 ', 'Mag': '- ', 'Fir': '- ', 'Lit': '- ', 'Hol': '- ', 'Sta': '64 '}","{'Str': 'D ', 'Dex': '- ', 'Int': '- ', 'Fai': '- ', 'Arc': '- '}",{'Any': '(50) Hemorrhage '},"{'Phy': '68 ', 'Mag': '36 ', 'Fir': '36 ', 'Lit': '31 ', 'Hol': '37 ', 'Bst': '36.3 ', 'Rst': '20 '}"
7104,Shield of the Guilty,Standard +6 ,"{'Phy': '101 ', 'Mag': '- ', 'Fir': '- ', 'Lit': '- ', 'Hol': '- ', 'Sta': '66 '}","{'Str': 'D ', 'Dex': '- ', 'Int': '- ', 'Fai': '- ', 'Arc': '- '}",{'Any': '(50) Hemorrhage '},"{'Phy': '68 ', 'Mag': '36 ', 'Fir': '36 ', 'Lit': '31 ', 'Hol': '37 ', 'Bst': '36.96 ', 'Rst': '20 '}"
7105,Shield of the Guilty,Standard +7 ,"{'Phy': '105 ', 'Mag': '- ', 'Fir': '- ', 'Lit': '- ', 'Hol': '- ', 'Sta': '69 '}","{'Str': 'D ', 'Dex': '- ', 'Int': '- ', 'Fai': '- ', 'Arc': '- '}",{'Any': '(50) Hemorrhage '},"{'Phy': '68 ', 'Mag': '36 ', 'Fir': '36 ', 'Lit': '31 ', 'Hol': '37 ', 'Bst': '37.62 ', 'Rst': '20 '}"
7106,Shield of the Guilty,Standard +8 ,"{'Phy': '109 ', 'Mag': '- ', 'Fir': '- ', 'Lit': '- ', 'Hol': '- ', 'Sta': '71 '}","{'Str': 'D ', 'Dex': '- ', 'Int': '- ', 'Fai': '- ', 'Arc': '- '}",{'Any': '(50) Hemorrhage '},"{'Phy': '68 ', 'Mag': '36 ', 'Fir': '36 ', 'Lit': '31 ', 'Hol': '37 ', 'Bst': '37.95 ', 'Rst': '20 '}"
7107,Shield of the Guilty,Standard +9 ,"{'Phy': '114 ', 'Mag': '- ', 'Fir': '- ', 'Lit': '- ', 'Hol': '- ', 'Sta': '73 '}","{'Str': 'D ', 'Dex': '- ', 'Int': '- ', 'Fai': '- ', 'Arc': '- '}",{'Any': '(50) Hemorrhage '},"{'Phy': '68 ', 'Mag': '36 ', 'Fir': '36 ', 'Lit': '31 ', 'Hol': '37 ', 'Bst': '38.28 ', 'Rst': '20 '}"
7108,Shield of the Guilty,Standard +10 ,"{'Phy': '118 ', 'Mag': '- ', 'Fir': '- ', 'Lit': '- ', 'Hol': '- ', 'Sta': '75 '}","{'Str': 'D ', 'Dex': '- ', 'Int': '- ', 'Fai': '- ', 'Arc': '- '}",{'Any': '(50) Hemorrhage '},"{'Phy': '68 ', 'Mag': '36 ', 'Fir': '36 ', 'Lit': '31 ', 'Hol': '37 ', 'Bst': '38.61 ', 'Rst': '20 '}"
7109,Shield of the Guilty,Standard +11 ,"{'Phy': '122 ', 'Mag': '- ', 'Fir': '- ', 'Lit': '- ', 'Hol': '- ', 'Sta': '77 '}","{'Str': 'D ', 'Dex': '- ', 'Int': '- ', 'Fai': '- ', 'Arc': '- '}",{'Any': '(50) Hemorrhage '},"{'Phy': '68 ', 'Mag': '36 ', 'Fir': '36 ', 'Lit': '31 ', 'Hol': '37 ', 'Bst': '38.94 ', 'Rst': '20 '}"
7110,Shield of the Guilty,Standard +12 ,"{'Phy': '127 ', 'Mag': '- ', 'Fir': '- ', 'Lit': '- ', 'Hol': '- ', 'Sta': '79 '}","{'Str': 'D ', 'Dex': '- ', 'Int': '- ', 'Fai': '- ', 'Arc': '- '}",{'Any': '(50) Hemorrhage '},"{'Phy': '68 ', 'Mag': '36 ', 'Fir': '36 ', 'Lit': '31 ', 'Hol': '37 ', 'Bst': '39.27 ', 'Rst': '20 '}"
7111,Shield of the Guilty,Standard +13 ,"{'Phy': '131 ', 'Mag': '- ', 'Fir': '- ', 'Lit': '- ', 'Hol': '- ', 'Sta': '82 '}","{'Str': 'D ', 'Dex': '- ', 'Int': '- ', 'Fai': '- ', 'Arc': '- '}",{'Any': '(50) Hemorrhage '},"{'Phy': '68 ', 'Mag': '36 ', 'Fir': '36 ', 'Lit': '31 ', 'Hol': '37 ', 'Bst': '39.6 ', 'Rst': '20 '}"
7112,Shield of the Guilty,Standard +14 ,"{'Phy': '135 ', 'Mag': '- ', 'Fir': '- ', 'Lit': '- ', 'Hol': '- ', 'Sta': '84 '}","{'Str': 'C ', 'Dex': '- ', 'Int': '- ', 'Fai': '- ', 'Arc': '- '}",{'Any': '(50) Hemorrhage '},"{'Phy': '68 ', 'Mag': '36 ', 'Fir': '36 ', 'Lit': '31 ', 'Hol': '37 ', 'Bst': '39.93 ', 'Rst': '20 '}"
7113,Shield of the Guilty,Standard +15 ,"{'Phy': '140 ', 'Mag': '- ', 'Fir': '- ', 'Lit': '- ', 'Hol': '- ', 'Sta': '86 '}","{'Str': 'C ', 'Dex': '- ', 'Int': '- ', 'Fai': '- ', 'Arc': '- '}",{'Any': '(50) Hemorrhage '},"{'Phy': '68 ', 'Mag': '36 ', 'Fir': '36 ', 'Lit': '31 ', 'Hol': '37 ', 'Bst': '40.26 ', 'Rst': '20 '}"
7114,Shield of the Guilty,Standard +16 ,"{'Phy': '144 ', 'Mag': '- ', 'Fir': '- ', 'Lit': '- ', 'Hol': '- ', 'Sta': '88 '}","{'Str': 'C ', 'Dex': '- ', 'Int': '- ', 'Fai': '- ', 'Arc': '- '}",{'Any': '(50) Hemorrhage '},"{'Phy': '68 ', 'Mag': '36 ', 'Fir': '36 ', 'Lit': '31 ', 'Hol': '37 ', 'Bst': '40.59 ', 'Rst': '20 '}"
7115,Shield of the Guilty,Standard +17 ,"{'Phy': '148 ', 'Mag': '- ', 'Fir': '- ', 'Lit': '- ', 'Hol': '- ', 'Sta': '90 '}","{'Str': 'C ', 'Dex': '- ', 'Int': '- ', 'Fai': '- ', 'Arc': '- '}",{'Any': '(50) Hemorrhage '},"{'Phy': '68 ', 'Mag': '36 ', 'Fir': '36 ', 'Lit': '31 ', 'Hol': '37 ', 'Bst': '40.92 ', 'Rst': '20 '}"
7116,Shield of the Guilty,Standard +18 ,"{'Phy': '153 ', 'Mag': '- ', 'Fir': '- ', 'Lit': '- ', 'Hol': '- ', 'Sta': '92 '}","{'Str': 'C ', 'Dex': '- ', 'Int': '- ', 'Fai': '- ', 'Arc': '- '}",{'Any': '(50) Hemorrhage '},"{'Phy': '68 ', 'Mag': '36 ', 'Fir': '36 ', 'Lit': '31 ', 'Hol': '37 ', 'Bst': '41.25 ', 'Rst': '20 '}"
7117,Shield of the Guilty,Standard +19 ,"{'Phy': '157 ', 'Mag': '- ', 'Fir': '- ', 'Lit': '- ', 'Hol': '- ', 'Sta': '95 '}","{'Str': 'C ', 'Dex': '- ', 'Int': '- ', 'Fai': '- ', 'Arc': '- '}",{'Any': '(50) Hemorrhage '},"{'Phy': '68 ', 'Mag': '36 ', 'Fir': '36 ', 'Lit': '31 ', 'Hol': '37 ', 'Bst': '41.58 ', 'Rst': '20 '}"
7118,Shield of the Guilty,Standard +20 ,"{'Phy': '162 ', 'Mag': '- ', 'Fir': '- ', 'Lit': '- ', 'Hol': '- ', 'Sta': '97 '}","{'Str': 'C ', 'Dex': '- ', 'Int': '- ', 'Fai': '- ', 'Arc': '- '}",{'Any': '(50) Hemorrhage '},"{'Phy': '68 ', 'Mag': '36 ', 'Fir': '36 ', 'Lit': '31 ', 'Hol': '37 ', 'Bst': '41.91 ', 'Rst': '20 '}"
7119,Shield of the Guilty,Standard +21 ,"{'Phy': '166 ', 'Mag': '- ', 'Fir': '- ', 'Lit': '- ', 'Hol': '- ', 'Sta': '99 '}","{'Str': 'C ', 'Dex': '- ', 'Int': '- ', 'Fai': '- ', 'Arc': '- '}",{'Any': '(50) Hemorrhage '},"{'Phy': '68 ', 'Mag': '36 ', 'Fir': '36 ', 'Lit': '31 ', 'Hol': '37 ', 'Bst': '42.24 ', 'Rst': '20 '}"
7120,Shield of the Guilty,Standard +22 ,"{'Phy': '170 ', 'Mag': '- ', 'Fir': '- ', 'Lit': '- ', 'Hol': '- ', 'Sta': '101 '}","{'Str': 'C ', 'Dex': '- ', 'Int': '- ', 'Fai': '- ', 'Arc': '- '}",{'Any': '(50) Hemorrhage '},"{'Phy': '68 ', 'Mag': '36 ', 'Fir': '36 ', 'Lit': '31 ', 'Hol': '37 ', 'Bst': '42.57 ', 'Rst': '20 '}"
7121,Shield of the Guilty,Standard +23 ,"{'Phy': '175 ', 'Mag': '- ', 'Fir': '- ', 'Lit': '- ', 'Hol': '- ', 'Sta': '103 '}","{'Str': 'C ', 'Dex': '- ', 'Int': '- ', 'Fai': '- ', 'Arc': '- '}",{'Any': '(50) Hemorrhage '},"{'Phy': '68 ', 'Mag': '36 ', 'Fir': '36 ', 'Lit': '31 ', 'Hol': '37 ', 'Bst': '42.9 ', 'Rst': '20 '}"
7122,Shield of the Guilty,Standard +24 ,"{'Phy': '179 ', 'Mag': '- ', 'Fir': '- ', 'Lit': '- ', 'Hol': '- ', 'Sta': '105 '}","{'Str': 'C ', 'Dex': '- ', 'Int': '- ', 'Fai': '- ', 'Arc': '- '}",{'Any': '(50) Hemorrhage '},"{'Phy': '68 ', 'Mag': '36 ', 'Fir': '36 ', 'Lit': '31 ', 'Hol': '37 ', 'Bst': '43.23 ', 'Rst': '20 '}"
7123,Shield of the Guilty,Standard +25 ,"{'Phy': '183 ', 'Mag': '- ', 'Fir': '- ', 'Lit': '- ', 'Hol': '- ', 'Sta': '108 '}","{'Str': 'C ', 'Dex': '- ', 'Int': '- ', 'Fai': '- ', 'Arc': '- '}",{'Any': '(50) Hemorrhage '},"{'Phy': '68 ', 'Mag': '36 ', 'Fir': '36 ', 'Lit': '31 ', 'Hol': '37 ', 'Bst': '43.56 ', 'Rst': '20 '}"
7436,Spiralhorn Shield,Standard ,"{'Phy': '75 ', 'Mag': '- ', 'Fir': '- ', 'Lit': '- ', 'Hol': '- ', 'Sta': '51 '}","{'Str': 'E ', 'Dex': '- ', 'Int': '- ', 'Fai': '- ', 'Arc': '- '}",{'Any': '(45) Hemorrhage '},"{'Phy': '61 ', 'Mag': '35 ', 'Fir': '39 ', 'Lit': '39 ', 'Hol': '32 ', 'Bst': '35 ', 'Rst': '20 '}"
7437,Spiralhorn Shield,Standard +1 ,"{'Phy': '79 ', 'Mag': '- ', 'Fir': '- ', 'Lit': '- ', 'Hol': '- ', 'Sta': '53 '}","{'Str': 'E ', 'Dex': '- ', 'Int': '- ', 'Fai': '- ', 'Arc': '- '}",{'Any': '(45) Hemorrhage '},"{'Phy': '61 ', 'Mag': '35 ', 'Fir': '39 ', 'Lit': '39 ', 'Hol': '32 ', 'Bst': '35.7 ', 'Rst': '20 '}"
7438,Spiralhorn Shield,Standard +2 ,"{'Phy': '83 ', 'Mag': '- ', 'Fir': '- ', 'Lit': '- ', 'Hol': '- ', 'Sta': '55 '}","{'Str': 'D ', 'Dex': '- ', 'Int': '- ', 'Fai': '- ', 'Arc': '- '}",{'Any': '(45) Hemorrhage '},"{'Phy': '61 ', 'Mag': '35 ', 'Fir': '39 ', 'Lit': '39 ', 'Hol': '32 ', 'Bst': '36.4 ', 'Rst': '20 '}"
7439,Spiralhorn Shield,Standard +3 ,"{'Phy': '88 ', 'Mag': '- ', 'Fir': '- ', 'Lit': '- ', 'Hol': '- ', 'Sta': '57 '}","{'Str': 'D ', 'Dex': '- ', 'Int': '- ', 'Fai': '- ', 'Arc': '- '}",{'Any': '(45) Hemorrhage '},"{'Phy': '61 ', 'Mag': '35 ', 'Fir': '39 ', 'Lit': '39 ', 'Hol': '32 ', 'Bst': '37.1 ', 'Rst': '20 '}"
7440,Spiralhorn Shield,Standard +4 ,"{'Phy': '92 ', 'Mag': '- ', 'Fir': '- ', 'Lit': '- ', 'Hol': '- ', 'Sta': '59 '}","{'Str': 'D ', 'Dex': '- ', 'Int': '- ', 'Fai': '- ', 'Arc': '- '}",{'Any': '(45) Hemorrhage '},"{'Phy': '61 ', 'Mag': '35 ', 'Fir': '39 ', 'Lit': '39 ', 'Hol': '32 ', 'Bst': '37.8 ', 'Rst': '20 '}"
7441,Spiralhorn Shield,Standard +5 ,"{'Phy': '96 ', 'Mag': '- ', 'Fir': '- ', 'Lit': '- ', 'Hol': '- ', 'Sta': '61 '}","{'Str': 'D ', 'Dex': '- ', 'Int': '- ', 'Fai': '- ', 'Arc': '- '}",{'Any': '(45) Hemorrhage '},"{'Phy': '61 ', 'Mag': '35 ', 'Fir': '39 ', 'Lit': '39 ', 'Hol': '32 ', 'Bst': '38.5 ', 'Rst': '20 '}"
7442,Spiralhorn Shield,Standard +6 ,"{'Phy': '101 ', 'Mag': '- ', 'Fir': '- ', 'Lit': '- ', 'Hol': '- ', 'Sta': '63 '}","{'Str': 'D ', 'Dex': '- ', 'Int': '- ', 'Fai': '- ', 'Arc': '- '}",{'Any': '(45) Hemorrhage '},"{'Phy': '61 ', 'Mag': '35 ', 'Fir': '39 ', 'Lit': '39 ', 'Hol': '32 ', 'Bst': '39.2 ', 'Rst': '20 '}"
7443,Spiralhorn Shield,Standard +7 ,"{'Phy': '105 ', 'Mag': '- ', 'Fir': '- ', 'Lit': '- ', 'Hol': '- ', 'Sta': '65 '}","{'Str': 'D ', 'Dex': '- ', 'Int': '- ', 'Fai': '- ', 'Arc': '- '}",{'Any': '(45) Hemorrhage '},"{'Phy': '61 ', 'Mag': '35 ', 'Fir': '39 ', 'Lit': '39 ', 'Hol': '32 ', 'Bst': '39.9 ', 'Rst': '20 '}"
7444,Spiralhorn Shield,Standard +8 ,"{'Phy': '109 ', 'Mag': '- ', 'Fir': '- ', 'Lit': '- ', 'Hol': '- ', 'Sta': '67 '}","{'Str': 'D ', 'Dex': '- ', 'Int': '- ', 'Fai': '- ', 'Arc': '- '}",{'Any': '(45) Hemorrhage '},"{'Phy': '61 ', 'Mag': '35 ', 'Fir': '39 ', 'Lit': '39 ', 'Hol': '32 ', 'Bst': '40.25 ', 'Rst': '20 '}"
7445,Spiralhorn Shield,Standard +9 ,"{'Phy': '114 ', 'Mag': '- ', 'Fir': '- ', 'Lit': '- ', 'Hol': '- ', 'Sta': '69 '}","{'Str': 'D ', 'Dex': '- ', 'Int': '- ', 'Fai': '- ', 'Arc': '- '}",{'Any': '(45) Hemorrhage '},"{'Phy': '61 ', 'Mag': '35 ', 'Fir': '39 ', 'Lit': '39 ', 'Hol': '32 ', 'Bst': '40.6 ', 'Rst': '20 '}"
7446,Spiralhorn Shield,Standard +10 ,"{'Phy': '118 ', 'Mag': '- ', 'Fir': '- ', 'Lit': '- ', 'Hol': '- ', 'Sta': '71 '}","{'Str': 'D ', 'Dex': '- ', 'Int': '- ', 'Fai': '- ', 'Arc': '- '}",{'Any': '(45) Hemorrhage '},"{'Phy': '61 ', 'Mag': '35 ', 'Fir': '39 ', 'Lit': '39 ', 'Hol': '32 ', 'Bst': '40.95 ', 'Rst': '20 '}"
7447,Spiralhorn Shield,Standard +11 ,"{'Phy': '122 ', 'Mag': '- ', 'Fir': '- ', 'Lit': '- ', 'Hol': '- ', 'Sta': '73 '}","{'Str': 'D ', 'Dex': '- ', 'Int': '- ', 'Fai': '- ', 'Arc': '- '}",{'Any': '(45) Hemorrhage '},"{'Phy': '61 ', 'Mag': '35 ', 'Fir': '39 ', 'Lit': '39 ', 'Hol': '32 ', 'Bst': '41.3 ', 'Rst': '20 '}"
7448,Spiralhorn Shield,Standard +12 ,"{'Phy': '127 ', 'Mag': '- ', 'Fir': '- ', 'Lit': '- ', 'Hol': '- ', 'Sta': '75 '}","{'Str': 'D ', 'Dex': '- ', 'Int': '- ', 'Fai': '- ', 'Arc': '- '}",{'Any': '(45) Hemorrhage '},"{'Phy': '61 ', 'Mag': '35 ', 'Fir': '39 ', 'Lit': '39 ', 'Hol': '32 ', 'Bst': '41.65 ', 'Rst': '20 '}"
7449,Spiralhorn Shield,Standard +13 ,"{'Phy': '131 ', 'Mag': '- ', 'Fir': '- ', 'Lit': '- ', 'Hol': '- ', 'Sta': '77 '}","{'Str': 'D ', 'Dex': '- ', 'Int': '- ', 'Fai': '- ', 'Arc': '- '}",{'Any': '(45) Hemorrhage '},"{'Phy': '61 ', 'Mag': '35 ', 'Fir': '39 ', 'Lit': '39 ', 'Hol': '32 ', 'Bst': '42 ', 'Rst': '20 '}"
7450,Spiralhorn Shield,Standard +14 ,"{'Phy': '135 ', 'Mag': '- ', 'Fir': '- ', 'Lit': '- ', 'Hol': '- ', 'Sta': '79 '}","{'Str': 'D ', 'Dex': '- ', 'Int': '- ', 'Fai': '- ', 'Arc': '- '}",{'Any': '(45) Hemorrhage '},"{'Phy': '61 ', 'Mag': '35 ', 'Fir': '39 ', 'Lit': '39 ', 'Hol': '32 ', 'Bst': '42.35 ', 'Rst': '20 '}"
7451,Spiralhorn Shield,Standard +15 ,"{'Phy': '140 ', 'Mag': '- ', 'Fir': '- ', 'Lit': '- ', 'Hol': '- ', 'Sta': '81 '}","{'Str': 'D ', 'Dex': '- ', 'Int': '- ', 'Fai': '- ', 'Arc': '- '}",{'Any': '(45) Hemorrhage '},"{'Phy': '61 ', 'Mag': '35 ', 'Fir': '39 ', 'Lit': '39 ', 'Hol': '32 ', 'Bst': '42.7 ', 'Rst': '20 '}"
7452,Spiralhorn Shield,Standard +16 ,"{'Phy': '144 ', 'Mag': '- ', 'Fir': '- ', 'Lit': '- ', 'Hol': '- ', 'Sta': '83 '}","{'Str': 'D ', 'Dex': '- ', 'Int': '- ', 'Fai': '- ', 'Arc': '- '}",{'Any': '(45) Hemorrhage '},"{'Phy': '61 ', 'Mag': '35 ', 'Fir': '39 ', 'Lit': '39 ', 'Hol': '32 ', 'Bst': '43.05 ', 'Rst': '20 '}"
7453,Spiralhorn Shield,Standard +17 ,"{'Phy': '148 ', 'Mag': '- ', 'Fir': '- ', 'Lit': '- ', 'Hol': '- ', 'Sta': '85 '}","{'Str': 'D ', 'Dex': '- ', 'Int': '- ', 'Fai': '- ', 'Arc': '- '}",{'Any': '(45) Hemorrhage '},"{'Phy': '61 ', 'Mag': '35 ', 'Fir': '39 ', 'Lit': '39 ', 'Hol': '32 ', 'Bst': '43.4 ', 'Rst': '20 '}"
7454,Spiralhorn Shield,Standard +18 ,"{'Phy': '153 ', 'Mag': '- ', 'Fir': '- ', 'Lit': '- ', 'Hol': '- ', 'Sta': '87 '}","{'Str': 'D ', 'Dex': '- ', 'Int': '- ', 'Fai': '- ', 'Arc': '- '}",{'Any': '(45) Hemorrhage '},"{'Phy': '61 ', 'Mag': '35 ', 'Fir': '39 ', 'Lit': '39 ', 'Hol': '32 ', 'Bst': '43.75 ', 'Rst': '20 '}"
7455,Spiralhorn Shield,Standard +19 ,"{'Phy': '157 ', 'Mag': '- ', 'Fir': '- ', 'Lit': '- ', 'Hol': '- ', 'Sta': '89 '}","{'Str': 'D ', 'Dex': '- ', 'Int': '- ', 'Fai': '- ', 'Arc': '- '}",{'Any': '(45) Hemorrhage '},"{'Phy': '61 ', 'Mag': '35 ', 'Fir': '39 ', 'Lit': '39 ', 'Hol': '32 ', 'Bst': '44.1 ', 'Rst': '20 '}"
7456,Spiralhorn Shield,Standard +20 ,"{'Phy': '162 ', 'Mag': '- ', 'Fir': '- ', 'Lit': '- ', 'Hol': '- ', 'Sta': '91 '}","{'Str': 'D ', 'Dex': '- ', 'Int': '- ', 'Fai': '- ', 'Arc': '- '}",{'Any': '(45) Hemorrhage '},"{'Phy': '61 ', 'Mag': '35 ', 'Fir': '39 ', 'Lit': '39 ', 'Hol': '32 ', 'Bst': '44.45 ', 'Rst': '20 '}"
7457,Spiralhorn Shield,Standard +21 ,"{'Phy': '166 ', 'Mag': '- ', 'Fir': '- ', 'Lit': '- ', 'Hol': '- ', 'Sta': '93 '}","{'Str': 'D ', 'Dex': '- ', 'Int': '- ', 'Fai': '- ', 'Arc': '- '}",{'Any': '(45) Hemorrhage '},"{'Phy': '61 ', 'Mag': '35 ', 'Fir': '39 ', 'Lit': '39 ', 'Hol': '32 ', 'Bst': '44.8 ', 'Rst': '20 '}"
7458,Spiralhorn Shield,Standard +22 ,"{'Phy': '170 ', 'Mag': '- ', 'Fir': '- ', 'Lit': '- ', 'Hol': '- ', 'Sta': '95 '}","{'Str': 'D ', 'Dex': '- ', 'Int': '- ', 'Fai': '- ', 'Arc': '- '}",{'Any': '(45) Hemorrhage '},"{'Phy': '61 ', 'Mag': '35 ', 'Fir': '39 ', 'Lit': '39 ', 'Hol': '32 ', 'Bst': '45.15 ', 'Rst': '20 '}"
7459,Spiralhorn Shield,Standard +23 ,"{'Phy': '175 ', 'Mag': '- ', 'Fir': '- ', 'Lit': '- ', 'Hol': '- ', 'Sta': '97 '}","{'Str': 'D ', 'Dex': '- ', 'Int': '- ', 'Fai': '- ', 'Arc': '- '}",{'Any': '(45) Hemorrhage '},"{'Phy': '61 ', 'Mag': '35 ', 'Fir': '39 ', 'Lit': '39 ', 'Hol': '32 ', 'Bst': '45.5 ', 'Rst': '20 '}"
7460,Spiralhorn Shield,Standard +24 ,"{'Phy': '179 ', 'Mag': '- ', 'Fir': '- ', 'Lit': '- ', 'Hol': '- ', 'Sta': '99 '}","{'Str': 'D ', 'Dex': '- ', 'Int': '- ', 'Fai': '- ', 'Arc': '- '}",{'Any': '(45) Hemorrhage '},"{'Phy': '61 ', 'Mag': '35 ', 'Fir': '39 ', 'Lit': '39 ', 'Hol': '32 ', 'Bst': '45.85 ', 'Rst': '20 '}"
7461,Spiralhorn Shield,Standard +25 ,"{'Phy': '183 ', 'Mag': '- ', 'Fir': '- ', 'Lit': '- ', 'Hol': '- ', 'Sta': '102 '}","{'Str': 'D ', 'Dex': '- ', 'Int': '- ', 'Fai': '- ', 'Arc': '- '}",{'Any': '(45) Hemorrhage '},"{'Phy': '61 ', 'Mag': '35 ', 'Fir': '39 ', 'Lit': '39 ', 'Hol': '32 ', 'Bst': '46.2 ', 'Rst': '20 '}"
7774,Smoldering Shield,Standard ,"{'Phy': '58 ', 'Mag': '- ', 'Fir': '37 ', 'Lit': '- ', 'Hol': '- ', 'Sta': '59 '}","{'Str': 'E ', 'Dex': '- ', 'Int': '- ', 'Fai': 'D ', 'Arc': '- '}",{'Any': '- '},"{'Phy': '79 ', 'Mag': '38 ', 'Fir': '56 ', 'Lit': '14 ', 'Hol': '38 ', 'Bst': '41 ', 'Rst': '22 '}"
7775,Smoldering Shield,Standard +1 ,"{'Phy': '61 ', 'Mag': '- ', 'Fir': '39 ', 'Lit': '- ', 'Hol': '- ', 'Sta': '61 '}","{'Str': 'E ', 'Dex': '- ', 'Int': '- ', 'Fai': 'D ', 'Arc': '- '}",{'Any': '- '},"{'Phy': '79 ', 'Mag': '38 ', 'Fir': '56 ', 'Lit': '14 ', 'Hol': '38 ', 'Bst': '41.82 ', 'Rst': '22 '}"
7776,Smoldering Shield,Standard +2 ,"{'Phy': '64 ', 'Mag': '- ', 'Fir': '41 ', 'Lit': '- ', 'Hol': '- ', 'Sta': '63 '}","{'Str': 'D ', 'Dex': '- ', 'Int': '- ', 'Fai': 'D ', 'Arc': '- '}",{'Any': '- '},"{'Phy': '79 ', 'Mag': '38 ', 'Fir': '56 ', 'Lit': '14 ', 'Hol': '38 ', 'Bst': '42.64 ', 'Rst': '22 '}"
7777,Smoldering Shield,Standard +3 ,"{'Phy': '68 ', 'Mag': '- ', 'Fir': '43 ', 'Lit': '- ', 'Hol': '- ', 'Sta': '66 '}","{'Str': 'D ', 'Dex': '- ', 'Int': '- ', 'Fai': 'D ', 'Arc': '- '}",{'Any': '- '},"{'Phy': '79 ', 'Mag': '38 ', 'Fir': '56 ', 'Lit': '14 ', 'Hol': '38 ', 'Bst': '43.46 ', 'Rst': '22 '}"
7778,Smoldering Shield,Standard +4 ,"{'Phy': '71 ', 'Mag': '- ', 'Fir': '45 ', 'Lit': '- ', 'Hol': '- ', 'Sta': '68 '}","{'Str': 'D ', 'Dex': '- ', 'Int': '- ', 'Fai': 'D ', 'Arc': '- '}",{'Any': '- '},"{'Phy': '79 ', 'Mag': '38 ', 'Fir': '56 ', 'Lit': '14 ', 'Hol': '38 ', 'Bst': '44.28 ', 'Rst': '22 '}"
7779,Smoldering Shield,Standard +5 ,"{'Phy': '74 ', 'Mag': '- ', 'Fir': '47 ', 'Lit': '- ', 'Hol': '- ', 'Sta': '70 '}","{'Str': 'D ', 'Dex': '- ', 'Int': '- ', 'Fai': 'D ', 'Arc': '- '}",{'Any': '- '},"{'Phy': '79 ', 'Mag': '38 ', 'Fir': '56 ', 'Lit': '14 ', 'Hol': '38 ', 'Bst': '45.1 ', 'Rst': '22 '}"
7780,Smoldering Shield,Standard +6 ,"{'Phy': '78 ', 'Mag': '- ', 'Fir': '49 ', 'Lit': '- ', 'Hol': '- ', 'Sta': '73 '}","{'Str': 'D ', 'Dex': '- ', 'Int': '- ', 'Fai': 'D ', 'Arc': '- '}",{'Any': '- '},"{'Phy': '79 ', 'Mag': '38 ', 'Fir': '56 ', 'Lit': '14 ', 'Hol': '38 ', 'Bst': '45.92 ', 'Rst': '22 '}"
7781,Smoldering Shield,Standard +7 ,"{'Phy': '81 ', 'Mag': '- ', 'Fir': '52 ', 'Lit': '- ', 'Hol': '- ', 'Sta': '75 '}","{'Str': 'D ', 'Dex': '- ', 'Int': '- ', 'Fai': 'D ', 'Arc': '- '}",{'Any': '- '},"{'Phy': '79 ', 'Mag': '38 ', 'Fir': '56 ', 'Lit': '14 ', 'Hol': '38 ', 'Bst': '46.74 ', 'Rst': '22 '}"
7782,Smoldering Shield,Standard +8 ,"{'Phy': '84 ', 'Mag': '- ', 'Fir': '54 ', 'Lit': '- ', 'Hol': '- ', 'Sta': '77 '}","{'Str': 'D ', 'Dex': '- ', 'Int': '- ', 'Fai': 'D ', 'Arc': '- '}",{'Any': '- '},"{'Phy': '79 ', 'Mag': '38 ', 'Fir': '56 ', 'Lit': '14 ', 'Hol': '38 ', 'Bst': '47.15 ', 'Rst': '22 '}"
7783,Smoldering Shield,Standard +9 ,"{'Phy': '88 ', 'Mag': '- ', 'Fir': '56 ', 'Lit': '- ', 'Hol': '- ', 'Sta': '80 '}","{'Str': 'D ', 'Dex': '- ', 'Int': '- ', 'Fai': 'D ', 'Arc': '- '}",{'Any': '- '},"{'Phy': '79 ', 'Mag': '38 ', 'Fir': '56 ', 'Lit': '14 ', 'Hol': '38 ', 'Bst': '47.56 ', 'Rst': '22 '}"
7784,Smoldering Shield,Standard +10 ,"{'Phy': '91 ', 'Mag': '- ', 'Fir': '58 ', 'Lit': '- ', 'Hol': '- ', 'Sta': '82 '}","{'Str': 'D ', 'Dex': '- ', 'Int': '- ', 'Fai': 'D ', 'Arc': '- '}",{'Any': '- '},"{'Phy': '79 ', 'Mag': '38 ', 'Fir': '56 ', 'Lit': '14 ', 'Hol': '38 ', 'Bst': '47.97 ', 'Rst': '22 '}"
7785,Smoldering Shield,Standard +11 ,"{'Phy': '95 ', 'Mag': '- ', 'Fir': '60 ', 'Lit': '- ', 'Hol': '- ', 'Sta': '84 '}","{'Str': 'D ', 'Dex': '- ', 'Int': '- ', 'Fai': 'D ', 'Arc': '- '}",{'Any': '- '},"{'Phy': '79 ', 'Mag': '38 ', 'Fir': '56 ', 'Lit': '14 ', 'Hol': '38 ', 'Bst': '48.38 ', 'Rst': '22 '}"
7786,Smoldering Shield,Standard +12 ,"{'Phy': '98 ', 'Mag': '- ', 'Fir': '62 ', 'Lit': '- ', 'Hol': '- ', 'Sta': '87 '}","{'Str': 'D ', 'Dex': '- ', 'Int': '- ', 'Fai': 'D ', 'Arc': '- '}",{'Any': '- '},"{'Phy': '79 ', 'Mag': '38 ', 'Fir': '56 ', 'Lit': '14 ', 'Hol': '38 ', 'Bst': '48.79 ', 'Rst': '22 '}"
7787,Smoldering Shield,Standard +13 ,"{'Phy': '101 ', 'Mag': '- ', 'Fir': '64 ', 'Lit': '- ', 'Hol': '- ', 'Sta': '89 '}","{'Str': 'D ', 'Dex': '- ', 'Int': '- ', 'Fai': 'D ', 'Arc': '- '}",{'Any': '- '},"{'Phy': '79 ', 'Mag': '38 ', 'Fir': '56 ', 'Lit': '14 ', 'Hol': '38 ', 'Bst': '49.2 ', 'Rst': '22 '}"
7788,Smoldering Shield,Standard +14 ,"{'Phy': '105 ', 'Mag': '- ', 'Fir': '67 ', 'Lit': '- ', 'Hol': '- ', 'Sta': '92 '}","{'Str': 'D ', 'Dex': '- ', 'Int': '- ', 'Fai': 'C ', 'Arc': '- '}",{'Any': '- '},"{'Phy': '79 ', 'Mag': '38 ', 'Fir': '56 ', 'Lit': '14 ', 'Hol': '38 ', 'Bst': '49.61 ', 'Rst': '22 '}"
7789,Smoldering Shield,Standard +15 ,"{'Phy': '108 ', 'Mag': '- ', 'Fir': '69 ', 'Lit': '- ', 'Hol': '- ', 'Sta': '94 '}","{'Str': 'D ', 'Dex': '- ', 'Int': '- ', 'Fai': 'C ', 'Arc': '- '}",{'Any': '- '},"{'Phy': '79 ', 'Mag': '38 ', 'Fir': '56 ', 'Lit': '14 ', 'Hol': '38 ', 'Bst': '50.02 ', 'Rst': '22 '}"
7790,Smoldering Shield,Standard +16 ,"{'Phy': '111 ', 'Mag': '- ', 'Fir': '71 ', 'Lit': '- ', 'Hol': '- ', 'Sta': '96 '}","{'Str': 'D ', 'Dex': '- ', 'Int': '- ', 'Fai': 'C ', 'Arc': '- '}",{'Any': '- '},"{'Phy': '79 ', 'Mag': '38 ', 'Fir': '56 ', 'Lit': '14 ', 'Hol': '38 ', 'Bst': '50.43 ', 'Rst': '22 '}"
7791,Smoldering Shield,Standard +17 ,"{'Phy': '115 ', 'Mag': '- ', 'Fir': '73 ', 'Lit': '- ', 'Hol': '- ', 'Sta': '99 '}","{'Str': 'D ', 'Dex': '- ', 'Int': '- ', 'Fai': 'C ', 'Arc': '- '}",{'Any': '- '},"{'Phy': '79 ', 'Mag': '38 ', 'Fir': '56 ', 'Lit': '14 ', 'Hol': '38 ', 'Bst': '50.84 ', 'Rst': '22 '}"
7792,Smoldering Shield,Standard +18 ,"{'Phy': '118 ', 'Mag': '- ', 'Fir': '75 ', 'Lit': '- ', 'Hol': '- ', 'Sta': '101 '}","{'Str': 'D ', 'Dex': '- ', 'Int': '- ', 'Fai': 'C ', 'Arc': '- '}",{'Any': '- '},"{'Phy': '79 ', 'Mag': '38 ', 'Fir': '56 ', 'Lit': '14 ', 'Hol': '38 ', 'Bst': '51.25 ', 'Rst': '22 '}"
7793,Smoldering Shield,Standard +19 ,"{'Phy': '121 ', 'Mag': '- ', 'Fir': '77 ', 'Lit': '- ', 'Hol': '- ', 'Sta': '103 '}","{'Str': 'D ', 'Dex': '- ', 'Int': '- ', 'Fai': 'C ', 'Arc': '- '}",{'Any': '- '},"{'Phy': '79 ', 'Mag': '38 ', 'Fir': '56 ', 'Lit': '14 ', 'Hol': '38 ', 'Bst': '51.66 ', 'Rst': '22 '}"
7794,Smoldering Shield,Standard +20 ,"{'Phy': '125 ', 'Mag': '- ', 'Fir': '79 ', 'Lit': '- ', 'Hol': '- ', 'Sta': '106 '}","{'Str': 'D ', 'Dex': '- ', 'Int': '- ', 'Fai': 'C ', 'Arc': '- '}",{'Any': '- '},"{'Phy': '79 ', 'Mag': '38 ', 'Fir': '56 ', 'Lit': '14 ', 'Hol': '38 ', 'Bst': '52.07 ', 'Rst': '22 '}"
7795,Smoldering Shield,Standard +21 ,"{'Phy': '128 ', 'Mag': '- ', 'Fir': '82 ', 'Lit': '- ', 'Hol': '- ', 'Sta': '108 '}","{'Str': 'D ', 'Dex': '- ', 'Int': '- ', 'Fai': 'C ', 'Arc': '- '}",{'Any': '- '},"{'Phy': '79 ', 'Mag': '38 ', 'Fir': '56 ', 'Lit': '14 ', 'Hol': '38 ', 'Bst': '52.48 ', 'Rst': '22 '}"
7796,Smoldering Shield,Standard +22 ,"{'Phy': '132 ', 'Mag': '- ', 'Fir': '84 ', 'Lit': '- ', 'Hol': '- ', 'Sta': '110 '}","{'Str': 'D ', 'Dex': '- ', 'Int': '- ', 'Fai': 'C ', 'Arc': '- '}",{'Any': '- '},"{'Phy': '79 ', 'Mag': '38 ', 'Fir': '56 ', 'Lit': '14 ', 'Hol': '38 ', 'Bst': '52.89 ', 'Rst': '22 '}"
7797,Smoldering Shield,Standard +23 ,"{'Phy': '135 ', 'Mag': '- ', 'Fir': '86 ', 'Lit': '- ', 'Hol': '- ', 'Sta': '113 '}","{'Str': 'D ', 'Dex': '- ', 'Int': '- ', 'Fai': 'C ', 'Arc': '- '}",{'Any': '- '},"{'Phy': '79 ', 'Mag': '38 ', 'Fir': '56 ', 'Lit': '14 ', 'Hol': '38 ', 'Bst': '53.3 ', 'Rst': '22 '}"
7798,Smoldering Shield,Standard +24 ,"{'Phy': '138 ', 'Mag': '- ', 'Fir': '88 ', 'Lit': '- ', 'Hol': '- ', 'Sta': '115 '}","{'Str': 'D ', 'Dex': '- ', 'Int': '- ', 'Fai': 'C ', 'Arc': '- '}",{'Any': '- '},"{'Phy': '79 ', 'Mag': '38 ', 'Fir': '56 ', 'Lit': '14 ', 'Hol': '38 ', 'Bst': '53.71 ', 'Rst': '22 '}"
7799,Smoldering Shield,Standard +25 ,"{'Phy': '142 ', 'Mag': '- ', 'Fir': '90 ', 'Lit': '- ', 'Hol': '- ', 'Sta': '118 '}","{'Str': 'D ', 'Dex': '- ', 'Int': '- ', 'Fai': 'C ', 'Arc': '- '}",{'Any': '- '},"{'Phy': '79 ', 'Mag': '38 ', 'Fir': '56 ', 'Lit': '14 ', 'Hol': '38 ', 'Bst': '54.12 ', 'Rst': '22 '}"
7800,Smoldering Shield,Standard ,"{'Phy': '58 ', 'Mag': '- ', 'Fir': '37 ', 'Lit': '- ', 'Hol': '- ', 'Sta': '59 '}","{'Str': 'E ', 'Dex': '- ', 'Int': '- ', 'Fai': 'D ', 'Arc': '- '}",{'Any': '- '},"{'Phy': '79 ', 'Mag': '38 ', 'Fir': '56 ', 'Lit': '14 ', 'Hol': '38 ', 'Bst': '41 ', 'Rst': '22 '}"
7801,Smoldering Shield,Standard +1 ,"{'Phy': '61 ', 'Mag': '- ', 'Fir': '39 ', 'Lit': '- ', 'Hol': '- ', 'Sta': '61 '}","{'Str': 'E ', 'Dex': '- ', 'Int': '- ', 'Fai': 'D ', 'Arc': '- '}",{'Any': '- '},"{'Phy': '79 ', 'Mag': '38 ', 'Fir': '56 ', 'Lit': '14 ', 'Hol': '38 ', 'Bst': '41.82 ', 'Rst': '22 '}"
7802,Smoldering Shield,Standard +2 ,"{'Phy': '64 ', 'Mag': '- ', 'Fir': '41 ', 'Lit': '- ', 'Hol': '- ', 'Sta': '63 '}","{'Str': 'D ', 'Dex': '- ', 'Int': '- ', 'Fai': 'D ', 'Arc': '- '}",{'Any': '- '},"{'Phy': '79 ', 'Mag': '38 ', 'Fir': '56 ', 'Lit': '14 ', 'Hol': '38 ', 'Bst': '42.64 ', 'Rst': '22 '}"
7803,Smoldering Shield,Standard +3 ,"{'Phy': '68 ', 'Mag': '- ', 'Fir': '43 ', 'Lit': '- ', 'Hol': '- ', 'Sta': '66 '}","{'Str': 'D ', 'Dex': '- ', 'Int': '- ', 'Fai': 'D ', 'Arc': '- '}",{'Any': '- '},"{'Phy': '79 ', 'Mag': '38 ', 'Fir': '56 ', 'Lit': '14 ', 'Hol': '38 ', 'Bst': '43.46 ', 'Rst': '22 '}"
7804,Smoldering Shield,Standard +4 ,"{'Phy': '71 ', 'Mag': '- ', 'Fir': '45 ', 'Lit': '- ', 'Hol': '- ', 'Sta': '68 '}","{'Str': 'D ', 'Dex': '- ', 'Int': '- ', 'Fai': 'D ', 'Arc': '- '}",{'Any': '- '},"{'Phy': '79 ', 'Mag': '38 ', 'Fir': '56 ', 'Lit': '14 ', 'Hol': '38 ', 'Bst': '44.28 ', 'Rst': '22 '}"
7805,Smoldering Shield,Standard +5 ,"{'Phy': '74 ', 'Mag': '- ', 'Fir': '47 ', 'Lit': '- ', 'Hol': '- ', 'Sta': '70 '}","{'Str': 'D ', 'Dex': '- ', 'Int': '- ', 'Fai': 'D ', 'Arc': '- '}",{'Any': '- '},"{'Phy': '79 ', 'Mag': '38 ', 'Fir': '56 ', 'Lit': '14 ', 'Hol': '38 ', 'Bst': '45.1 ', 'Rst': '22 '}"
7806,Smoldering Shield,Standard +6 ,"{'Phy': '78 ', 'Mag': '- ', 'Fir': '49 ', 'Lit': '- ', 'Hol': '- ', 'Sta': '73 '}","{'Str': 'D ', 'Dex': '- ', 'Int': '- ', 'Fai': 'D ', 'Arc': '- '}",{'Any': '- '},"{'Phy': '79 ', 'Mag': '38 ', 'Fir': '56 ', 'Lit': '14 ', 'Hol': '38 ', 'Bst': '45.92 ', 'Rst': '22 '}"
7807,Smoldering Shield,Standard +7 ,"{'Phy': '81 ', 'Mag': '- ', 'Fir': '52 ', 'Lit': '- ', 'Hol': '- ', 'Sta': '75 '}","{'Str': 'D ', 'Dex': '- ', 'Int': '- ', 'Fai': 'D ', 'Arc': '- '}",{'Any': '- '},"{'Phy': '79 ', 'Mag': '38 ', 'Fir': '56 ', 'Lit': '14 ', 'Hol': '38 ', 'Bst': '46.74 ', 'Rst': '22 '}"
7808,Smoldering Shield,Standard +8 ,"{'Phy': '84 ', 'Mag': '- ', 'Fir': '54 ', 'Lit': '- ', 'Hol': '- ', 'Sta': '77 '}","{'Str': 'D ', 'Dex': '- ', 'Int': '- ', 'Fai': 'D ', 'Arc': '- '}",{'Any': '- '},"{'Phy': '79 ', 'Mag': '38 ', 'Fir': '56 ', 'Lit': '14 ', 'Hol': '38 ', 'Bst': '47.15 ', 'Rst': '22 '}"
7809,Smoldering Shield,Standard +9 ,"{'Phy': '88 ', 'Mag': '- ', 'Fir': '56 ', 'Lit': '- ', 'Hol': '- ', 'Sta': '80 '}","{'Str': 'D ', 'Dex': '- ', 'Int': '- ', 'Fai': 'D ', 'Arc': '- '}",{'Any': '- '},"{'Phy': '79 ', 'Mag': '38 ', 'Fir': '56 ', 'Lit': '14 ', 'Hol': '38 ', 'Bst': '47.56 ', 'Rst': '22 '}"
7810,Smoldering Shield,Standard +10 ,"{'Phy': '91 ', 'Mag': '- ', 'Fir': '58 ', 'Lit': '- ', 'Hol': '- ', 'Sta': '82 '}","{'Str': 'D ', 'Dex': '- ', 'Int': '- ', 'Fai': 'D ', 'Arc': '- '}",{'Any': '- '},"{'Phy': '79 ', 'Mag': '38 ', 'Fir': '56 ', 'Lit': '14 ', 'Hol': '38 ', 'Bst': '47.97 ', 'Rst': '22 '}"
7811,Smoldering Shield,Standard +11 ,"{'Phy': '95 ', 'Mag': '- ', 'Fir': '60 ', 'Lit': '- ', 'Hol': '- ', 'Sta': '84 '}","{'Str': 'D ', 'Dex': '- ', 'Int': '- ', 'Fai': 'D ', 'Arc': '- '}",{'Any': '- '},"{'Phy': '79 ', 'Mag': '38 ', 'Fir': '56 ', 'Lit': '14 ', 'Hol': '38 ', 'Bst': '48.38 ', 'Rst': '22 '}"
7812,Smoldering Shield,Standard +12 ,"{'Phy': '98 ', 'Mag': '- ', 'Fir': '62 ', 'Lit': '- ', 'Hol': '- ', 'Sta': '87 '}","{'Str': 'D ', 'Dex': '- ', 'Int': '- ', 'Fai': 'D ', 'Arc': '- '}",{'Any': '- '},"{'Phy': '79 ', 'Mag': '38 ', 'Fir': '56 ', 'Lit': '14 ', 'Hol': '38 ', 'Bst': '48.79 ', 'Rst': '22 '}"
7813,Smoldering Shield,Standard +13 ,"{'Phy': '101 ', 'Mag': '- ', 'Fir': '64 ', 'Lit': '- ', 'Hol': '- ', 'Sta': '89 '}","{'Str': 'D ', 'Dex': '- ', 'Int': '- ', 'Fai': 'D ', 'Arc': '- '}",{'Any': '- '},"{'Phy': '79 ', 'Mag': '38 ', 'Fir': '56 ', 'Lit': '14 ', 'Hol': '38 ', 'Bst': '49.2 ', 'Rst': '22 '}"
7814,Smoldering Shield,Standard +14 ,"{'Phy': '105 ', 'Mag': '- ', 'Fir': '67 ', 'Lit': '- ', 'Hol': '- ', 'Sta': '92 '}","{'Str': 'D ', 'Dex': '- ', 'Int': '- ', 'Fai': 'C ', 'Arc': '- '}",{'Any': '- '},"{'Phy': '79 ', 'Mag': '38 ', 'Fir': '56 ', 'Lit': '14 ', 'Hol': '38 ', 'Bst': '49.61 ', 'Rst': '22 '}"
7815,Smoldering Shield,Standard +15 ,"{'Phy': '108 ', 'Mag': '- ', 'Fir': '69 ', 'Lit': '- ', 'Hol': '- ', 'Sta': '94 '}","{'Str': 'D ', 'Dex': '- ', 'Int': '- ', 'Fai': 'C ', 'Arc': '- '}",{'Any': '- '},"{'Phy': '79 ', 'Mag': '38 ', 'Fir': '56 ', 'Lit': '14 ', 'Hol': '38 ', 'Bst': '50.02 ', 'Rst': '22 '}"
7816,Smoldering Shield,Standard +16 ,"{'Phy': '111 ', 'Mag': '- ', 'Fir': '71 ', 'Lit': '- ', 'Hol': '- ', 'Sta': '96 '}","{'Str': 'D ', 'Dex': '- ', 'Int': '- ', 'Fai': 'C ', 'Arc': '- '}",{'Any': '- '},"{'Phy': '79 ', 'Mag': '38 ', 'Fir': '56 ', 'Lit': '14 ', 'Hol': '38 ', 'Bst': '50.43 ', 'Rst': '22 '}"
7817,Smoldering Shield,Standard +17 ,"{'Phy': '115 ', 'Mag': '- ', 'Fir': '73 ', 'Lit': '- ', 'Hol': '- ', 'Sta': '99 '}","{'Str': 'D ', 'Dex': '- ', 'Int': '- ', 'Fai': 'C ', 'Arc': '- '}",{'Any': '- '},"{'Phy': '79 ', 'Mag': '38 ', 'Fir': '56 ', 'Lit': '14 ', 'Hol': '38 ', 'Bst': '50.84 ', 'Rst': '22 '}"
7818,Smoldering Shield,Standard +18 ,"{'Phy': '118 ', 'Mag': '- ', 'Fir': '75 ', 'Lit': '- ', 'Hol': '- ', 'Sta': '101 '}","{'Str': 'D ', 'Dex': '- ', 'Int': '- ', 'Fai': 'C ', 'Arc': '- '}",{'Any': '- '},"{'Phy': '79 ', 'Mag': '38 ', 'Fir': '56 ', 'Lit': '14 ', 'Hol': '38 ', 'Bst': '51.25 ', 'Rst': '22 '}"
7819,Smoldering Shield,Standard +19 ,"{'Phy': '121 ', 'Mag': '- ', 'Fir': '77 ', 'Lit': '- ', 'Hol': '- ', 'Sta': '103 '}","{'Str': 'D ', 'Dex': '- ', 'Int': '- ', 'Fai': 'C ', 'Arc': '- '}",{'Any': '- '},"{'Phy': '79 ', 'Mag': '38 ', 'Fir': '56 ', 'Lit': '14 ', 'Hol': '38 ', 'Bst': '51.66 ', 'Rst': '22 '}"
7820,Smoldering Shield,Standard +20 ,"{'Phy': '125 ', 'Mag': '- ', 'Fir': '79 ', 'Lit': '- ', 'Hol': '- ', 'Sta': '106 '}","{'Str': 'D ', 'Dex': '- ', 'Int': '- ', 'Fai': 'C ', 'Arc': '- '}",{'Any': '- '},"{'Phy': '79 ', 'Mag': '38 ', 'Fir': '56 ', 'Lit': '14 ', 'Hol': '38 ', 'Bst': '52.07 ', 'Rst': '22 '}"
7821,Smoldering Shield,Standard +21 ,"{'Phy': '128 ', 'Mag': '- ', 'Fir': '82 ', 'Lit': '- ', 'Hol': '- ', 'Sta': '108 '}","{'Str': 'D ', 'Dex': '- ', 'Int': '- ', 'Fai': 'C ', 'Arc': '- '}",{'Any': '- '},"{'Phy': '79 ', 'Mag': '38 ', 'Fir': '56 ', 'Lit': '14 ', 'Hol': '38 ', 'Bst': '52.48 ', 'Rst': '22 '}"
7822,Smoldering Shield,Standard +22 ,"{'Phy': '132 ', 'Mag': '- ', 'Fir': '84 ', 'Lit': '- ', 'Hol': '- ', 'Sta': '110 '}","{'Str': 'D ', 'Dex': '- ', 'Int': '- ', 'Fai': 'C ', 'Arc': '- '}",{'Any': '- '},"{'Phy': '79 ', 'Mag': '38 ', 'Fir': '56 ', 'Lit': '14 ', 'Hol': '38 ', 'Bst': '52.89 ', 'Rst': '22 '}"
7823,Smoldering Shield,Standard +23 ,"{'Phy': '135 ', 'Mag': '- ', 'Fir': '86 ', 'Lit': '- ', 'Hol': '- ', 'Sta': '113 '}","{'Str': 'D ', 'Dex': '- ', 'Int': '- ', 'Fai': 'C ', 'Arc': '- '}",{'Any': '- '},"{'Phy': '79 ', 'Mag': '38 ', 'Fir': '56 ', 'Lit': '14 ', 'Hol': '38 ', 'Bst': '53.3 ', 'Rst': '22 '}"
7824,Smoldering Shield,Standard +24 ,"{'Phy': '138 ', 'Mag': '- ', 'Fir': '88 ', 'Lit': '- ', 'Hol': '- ', 'Sta': '115 '}","{'Str': 'D ', 'Dex': '- ', 'Int': '- ', 'Fai': 'C ', 'Arc': '- '}",{'Any': '- '},"{'Phy': '79 ', 'Mag': '38 ', 'Fir': '56 ', 'Lit': '14 ', 'Hol': '38 ', 'Bst': '53.71 ', 'Rst': '22 '}"
7825,Smoldering Shield,Standard +25 ,"{'Phy': '142 ', 'Mag': '- ', 'Fir': '90 ', 'Lit': '- ', 'Hol': '- ', 'Sta': '118 '}","{'Str': 'D ', 'Dex': '- ', 'Int': '- ', 'Fai': 'C ', 'Arc': '- '}",{'Any': '- '},"{'Phy': '79 ', 'Mag': '38 ', 'Fir': '56 ', 'Lit': '14 ', 'Hol': '38 ', 'Bst': '54.12 ', 'Rst': '22 '}"
7826,Coil Shield,Standard ,"{'Phy': '92 ', 'Mag': '- ', 'Fir': '- ', 'Lit': '- ', 'Hol': '- ', 'Sta': '61 '}","{'Str': 'E ', 'Dex': '- ', 'Int': '- ', 'Fai': '- ', 'Arc': '- '}",{'Any': '(72) Poison'},"{'Phy': '65 ', 'Mag': '38 ', 'Fir': '29 ', 'Lit': '35 ', 'Hol': '36 ', 'Bst': '29 ', 'Rst': '19 '}"
7827,Coil Shield,Standard +1 ,"{'Phy': '102 ', 'Mag': '- ', 'Fir': '- ', 'Lit': '- ', 'Hol': '- ', 'Sta': '65 '}","{'Str': 'D ', 'Dex': '- ', 'Int': '- ', 'Fai': '- ', 'Arc': '- '}",{'Any': '(72) Poison'},"{'Phy': '65 ', 'Mag': '38 ', 'Fir': '29 ', 'Lit': '35 ', 'Hol': '36 ', 'Bst': '29.58 ', 'Rst': '19 '}"
7828,Coil Shield,Standard +2 ,"{'Phy': '113 ', 'Mag': '- ', 'Fir': '- ', 'Lit': '- ', 'Hol': '- ', 'Sta': '69 '}","{'Str': 'D ', 'Dex': '- ', 'Int': '- ', 'Fai': '- ', 'Arc': '- '}",{'Any': '(72) Poison'},"{'Phy': '65 ', 'Mag': '38 ', 'Fir': '29 ', 'Lit': '35 ', 'Hol': '36 ', 'Bst': '30.16 ', 'Rst': '19 '}"
7829,Coil Shield,Standard +3 ,"{'Phy': '123 ', 'Mag': '- ', 'Fir': '- ', 'Lit': '- ', 'Hol': '- ', 'Sta': '73 '}","{'Str': 'D ', 'Dex': '- ', 'Int': '- ', 'Fai': '- ', 'Arc': '- '}",{'Any': '(72) Poison'},"{'Phy': '65 ', 'Mag': '38 ', 'Fir': '29 ', 'Lit': '35 ', 'Hol': '36 ', 'Bst': '30.74 ', 'Rst': '19 '}"
7830,Coil Shield,Standard +4 ,"{'Phy': '133 ', 'Mag': '- ', 'Fir': '- ', 'Lit': '- ', 'Hol': '- ', 'Sta': '77 '}","{'Str': 'D ', 'Dex': '- ', 'Int': '- ', 'Fai': '- ', 'Arc': '- '}",{'Any': '(72) Poison'},"{'Phy': '65 ', 'Mag': '38 ', 'Fir': '29 ', 'Lit': '35 ', 'Hol': '36 ', 'Bst': '31.03 ', 'Rst': '19 '}"
7831,Coil Shield,Standard +5 ,"{'Phy': '144 ', 'Mag': '- ', 'Fir': '- ', 'Lit': '- ', 'Hol': '- ', 'Sta': '81 '}","{'Str': 'D ', 'Dex': '- ', 'Int': '- ', 'Fai': '- ', 'Arc': '- '}",{'Any': '(72) Poison'},"{'Phy': '65 ', 'Mag': '38 ', 'Fir': '29 ', 'Lit': '35 ', 'Hol': '36 ', 'Bst': '31.61 ', 'Rst': '19 '}"
7832,Coil Shield,Standard +6 ,"{'Phy': '154 ', 'Mag': '- ', 'Fir': '- ', 'Lit': '- ', 'Hol': '- ', 'Sta': '85 '}","{'Str': 'D ', 'Dex': '- ', 'Int': '- ', 'Fai': '- ', 'Arc': '- '}",{'Any': '(72) Poison'},"{'Phy': '65 ', 'Mag': '38 ', 'Fir': '29 ', 'Lit': '35 ', 'Hol': '36 ', 'Bst': '32.19 ', 'Rst': '19 '}"
7833,Coil Shield,Standard +7 ,"{'Phy': '165 ', 'Mag': '- ', 'Fir': '- ', 'Lit': '- ', 'Hol': '- ', 'Sta': '89 '}","{'Str': 'D ', 'Dex': '- ', 'Int': '- ', 'Fai': '- ', 'Arc': '- '}",{'Any': '(72) Poison'},"{'Phy': '65 ', 'Mag': '38 ', 'Fir': '29 ', 'Lit': '35 ', 'Hol': '36 ', 'Bst': '32.48 ', 'Rst': '19 '}"
7834,Coil Shield,Standard +8 ,"{'Phy': '175 ', 'Mag': '- ', 'Fir': '- ', 'Lit': '- ', 'Hol': '- ', 'Sta': '93 '}","{'Str': 'D ', 'Dex': '- ', 'Int': '- ', 'Fai': '- ', 'Arc': '- '}",{'Any': '(72) Poison'},"{'Phy': '65 ', 'Mag': '38 ', 'Fir': '29 ', 'Lit': '35 ', 'Hol': '36 ', 'Bst': '32.77 ', 'Rst': '19 '}"
7835,Coil Shield,Standard +9 ,"{'Phy': '185 ', 'Mag': '- ', 'Fir': '- ', 'Lit': '- ', 'Hol': '- ', 'Sta': '97 '}","{'Str': 'D ', 'Dex': '- ', 'Int': '- ', 'Fai': '- ', 'Arc': '- '}",{'Any': '(72) Poison'},"{'Phy': '65 ', 'Mag': '38 ', 'Fir': '29 ', 'Lit': '35 ', 'Hol': '36 ', 'Bst': '33.06 ', 'Rst': '19 '}"
7836,Coil Shield,Standard +10 ,"{'Phy': '196 ', 'Mag': '- ', 'Fir': '- ', 'Lit': '- ', 'Hol': '- ', 'Sta': '102 '}","{'Str': 'D ', 'Dex': '- ', 'Int': '- ', 'Fai': '- ', 'Arc': '- '}",{'Any': '(72) Poison'},"{'Phy': '65 ', 'Mag': '38 ', 'Fir': '29 ', 'Lit': '35 ', 'Hol': '36 ', 'Bst': '33.35 ', 'Rst': '19 '}"
7837,Smithscript Shield,Standard ,"{'Phy': '72 ', 'Mag': '- ', 'Fir': '- ', 'Lit': '- ', 'Hol': '- ', 'Sta': '56 '}","{'Str': 'D ', 'Dex': 'E ', 'Int': 'E ', 'Fai': 'E ', 'Arc': '- '}",{'Any': '- '},"{'Phy': '74 ', 'Mag': '38 ', 'Fir': '38 ', 'Lit': '38 ', 'Hol': '38 ', 'Bst': '37 ', 'Rst': '15 '}"
7838,Smithscript Shield,Standard +1 ,"{'Phy': '76 ', 'Mag': '- ', 'Fir': '- ', 'Lit': '- ', 'Hol': '- ', 'Sta': '58 '}","{'Str': 'D ', 'Dex': 'E ', 'Int': 'E ', 'Fai': 'E ', 'Arc': '- '}",{'Any': '- '},"{'Phy': '74 ', 'Mag': '38 ', 'Fir': '38 ', 'Lit': '38 ', 'Hol': '38 ', 'Bst': '37.74 ', 'Rst': '15 '}"
7839,Smithscript Shield,Standard +2 ,"{'Phy': '80 ', 'Mag': '- ', 'Fir': '- ', 'Lit': '- ', 'Hol': '- ', 'Sta': '60 '}","{'Str': 'D ', 'Dex': 'E ', 'Int': 'E ', 'Fai': 'E ', 'Arc': '- '}",{'Any': '- '},"{'Phy': '74 ', 'Mag': '38 ', 'Fir': '38 ', 'Lit': '38 ', 'Hol': '38 ', 'Bst': '38.48 ', 'Rst': '15 '}"
7840,Smithscript Shield,Standard +3 ,"{'Phy': '84 ', 'Mag': '- ', 'Fir': '- ', 'Lit': '- ', 'Hol': '- ', 'Sta': '62 '}","{'Str': 'D ', 'Dex': 'E ', 'Int': 'E ', 'Fai': 'E ', 'Arc': '- '}",{'Any': '- '},"{'Phy': '74 ', 'Mag': '38 ', 'Fir': '38 ', 'Lit': '38 ', 'Hol': '38 ', 'Bst': '39.22 ', 'Rst': '15 '}"
7841,Smithscript Shield,Standard +4 ,"{'Phy': '88 ', 'Mag': '- ', 'Fir': '- ', 'Lit': '- ', 'Hol': '- ', 'Sta': '64 '}","{'Str': 'D ', 'Dex': 'E ', 'Int': 'E ', 'Fai': 'E ', 'Arc': '- '}",{'Any': '- '},"{'Phy': '74 ', 'Mag': '38 ', 'Fir': '38 ', 'Lit': '38 ', 'Hol': '38 ', 'Bst': '39.96 ', 'Rst': '15 '}"
7842,Smithscript Shield,Standard +5 ,"{'Phy': '92 ', 'Mag': '- ', 'Fir': '- ', 'Lit': '- ', 'Hol': '- ', 'Sta': '67 '}","{'Str': 'D ', 'Dex': 'E ', 'Int': 'E ', 'Fai': 'E ', 'Arc': '- '}",{'Any': '- '},"{'Phy': '74 ', 'Mag': '38 ', 'Fir': '38 ', 'Lit': '38 ', 'Hol': '38 ', 'Bst': '40.7 ', 'Rst': '15 '}"
7843,Smithscript Shield,Standard +6 ,"{'Phy': '97 ', 'Mag': '- ', 'Fir': '- ', 'Lit': '- ', 'Hol': '- ', 'Sta': '69 '}","{'Str': 'D ', 'Dex': 'E ', 'Int': 'E ', 'Fai': 'E ', 'Arc': '- '}",{'Any': '- '},"{'Phy': '74 ', 'Mag': '38 ', 'Fir': '38 ', 'Lit': '38 ', 'Hol': '38 ', 'Bst': '41.44 ', 'Rst': '15 '}"
7844,Smithscript Shield,Standard +7 ,"{'Phy': '101 ', 'Mag': '- ', 'Fir': '- ', 'Lit': '- ', 'Hol': '- ', 'Sta': '71 '}","{'Str': 'D ', 'Dex': 'E ', 'Int': 'E ', 'Fai': 'E ', 'Arc': '- '}",{'Any': '- '},"{'Phy': '74 ', 'Mag': '38 ', 'Fir': '38 ', 'Lit': '38 ', 'Hol': '38 ', 'Bst': '42.18 ', 'Rst': '15 '}"
7845,Smithscript Shield,Standard +8 ,"{'Phy': '105 ', 'Mag': '- ', 'Fir': '- ', 'Lit': '- ', 'Hol': '- ', 'Sta': '73 '}","{'Str': 'D ', 'Dex': 'E ', 'Int': 'E ', 'Fai': 'E ', 'Arc': '- '}",{'Any': '- '},"{'Phy': '74 ', 'Mag': '38 ', 'Fir': '38 ', 'Lit': '38 ', 'Hol': '38 ', 'Bst': '42.55 ', 'Rst': '15 '}"
7846,Smithscript Shield,Standard +9 ,"{'Phy': '109 ', 'Mag': '- ', 'Fir': '- ', 'Lit': '- ', 'Hol': '- ', 'Sta': '76 '}","{'Str': 'D ', 'Dex': 'E ', 'Int': 'E ', 'Fai': 'E ', 'Arc': '- '}",{'Any': '- '},"{'Phy': '74 ', 'Mag': '38 ', 'Fir': '38 ', 'Lit': '38 ', 'Hol': '38 ', 'Bst': '42.92 ', 'Rst': '15 '}"
7847,Smithscript Shield,Standard +10 ,"{'Phy': '113 ', 'Mag': '- ', 'Fir': '- ', 'Lit': '- ', 'Hol': '- ', 'Sta': '78 '}","{'Str': 'D ', 'Dex': 'E ', 'Int': 'E ', 'Fai': 'E ', 'Arc': '- '}",{'Any': '- '},"{'Phy': '74 ', 'Mag': '38 ', 'Fir': '38 ', 'Lit': '38 ', 'Hol': '38 ', 'Bst': '43.29 ', 'Rst': '15 '}"
7848,Smithscript Shield,Standard +11 ,"{'Phy': '117 ', 'Mag': '- ', 'Fir': '- ', 'Lit': '- ', 'Hol': '- ', 'Sta': '80 '}","{'Str': 'D ', 'Dex': 'E ', 'Int': 'E ', 'Fai': 'E ', 'Arc': '- '}",{'Any': '- '},"{'Phy': '74 ', 'Mag': '38 ', 'Fir': '38 ', 'Lit': '38 ', 'Hol': '38 ', 'Bst': '43.66 ', 'Rst': '15 '}"
7849,Smithscript Shield,Standard +12 ,"{'Phy': '122 ', 'Mag': '- ', 'Fir': '- ', 'Lit': '- ', 'Hol': '- ', 'Sta': '82 '}","{'Str': 'D ', 'Dex': 'E ', 'Int': 'E ', 'Fai': 'E ', 'Arc': '- '}",{'Any': '- '},"{'Phy': '74 ', 'Mag': '38 ', 'Fir': '38 ', 'Lit': '38 ', 'Hol': '38 ', 'Bst': '44.03 ', 'Rst': '15 '}"
7850,Smithscript Shield,Standard +13 ,"{'Phy': '126 ', 'Mag': '- ', 'Fir': '- ', 'Lit': '- ', 'Hol': '- ', 'Sta': '85 '}","{'Str': 'D ', 'Dex': 'E ', 'Int': 'E ', 'Fai': 'E ', 'Arc': '- '}",{'Any': '- '},"{'Phy': '74 ', 'Mag': '38 ', 'Fir': '38 ', 'Lit': '38 ', 'Hol': '38 ', 'Bst': '44.4 ', 'Rst': '15 '}"
7851,Smithscript Shield,Standard +14 ,"{'Phy': '130 ', 'Mag': '- ', 'Fir': '- ', 'Lit': '- ', 'Hol': '- ', 'Sta': '87 '}","{'Str': 'D ', 'Dex': 'E ', 'Int': 'E ', 'Fai': 'E ', 'Arc': '- '}",{'Any': '- '},"{'Phy': '74 ', 'Mag': '38 ', 'Fir': '38 ', 'Lit': '38 ', 'Hol': '38 ', 'Bst': '44.77 ', 'Rst': '15 '}"
7852,Smithscript Shield,Standard +15 ,"{'Phy': '134 ', 'Mag': '- ', 'Fir': '- ', 'Lit': '- ', 'Hol': '- ', 'Sta': '89 '}","{'Str': 'D ', 'Dex': 'E ', 'Int': 'E ', 'Fai': 'E ', 'Arc': '- '}",{'Any': '- '},"{'Phy': '74 ', 'Mag': '38 ', 'Fir': '38 ', 'Lit': '38 ', 'Hol': '38 ', 'Bst': '45.14 ', 'Rst': '15 '}"
7853,Smithscript Shield,Standard +16 ,"{'Phy': '138 ', 'Mag': '- ', 'Fir': '- ', 'Lit': '- ', 'Hol': '- ', 'Sta': '91 '}","{'Str': 'D ', 'Dex': 'E ', 'Int': 'E ', 'Fai': 'E ', 'Arc': '- '}",{'Any': '- '},"{'Phy': '74 ', 'Mag': '38 ', 'Fir': '38 ', 'Lit': '38 ', 'Hol': '38 ', 'Bst': '45.51 ', 'Rst': '15 '}"
7854,Smithscript Shield,Standard +17 ,"{'Phy': '142 ', 'Mag': '- ', 'Fir': '- ', 'Lit': '- ', 'Hol': '- ', 'Sta': '94 '}","{'Str': 'D ', 'Dex': 'E ', 'Int': 'E ', 'Fai': 'E ', 'Arc': '- '}",{'Any': '- '},"{'Phy': '74 ', 'Mag': '38 ', 'Fir': '38 ', 'Lit': '38 ', 'Hol': '38 ', 'Bst': '45.88 ', 'Rst': '15 '}"
7855,Smithscript Shield,Standard +18 ,"{'Phy': '147 ', 'Mag': '- ', 'Fir': '- ', 'Lit': '- ', 'Hol': '- ', 'Sta': '96 '}","{'Str': 'D ', 'Dex': 'E ', 'Int': 'E ', 'Fai': 'E ', 'Arc': '- '}",{'Any': '- '},"{'Phy': '74 ', 'Mag': '38 ', 'Fir': '38 ', 'Lit': '38 ', 'Hol': '38 ', 'Bst': '46.25 ', 'Rst': '15 '}"
7856,Smithscript Shield,Standard +19 ,"{'Phy': '151 ', 'Mag': '- ', 'Fir': '- ', 'Lit': '- ', 'Hol': '- ', 'Sta': '98 '}","{'Str': 'D ', 'Dex': 'D ', 'Int': 'E ', 'Fai': 'E ', 'Arc': '- '}",{'Any': '- '},"{'Phy': '74 ', 'Mag': '38 ', 'Fir': '38 ', 'Lit': '38 ', 'Hol': '38 ', 'Bst': '46.62 ', 'Rst': '15 '}"
7857,Smithscript Shield,Standard +20 ,"{'Phy': '155 ', 'Mag': '- ', 'Fir': '- ', 'Lit': '- ', 'Hol': '- ', 'Sta': '100 '}","{'Str': 'D ', 'Dex': 'D ', 'Int': 'E ', 'Fai': 'E ', 'Arc': '- '}",{'Any': '- '},"{'Phy': '74 ', 'Mag': '38 ', 'Fir': '38 ', 'Lit': '38 ', 'Hol': '38 ', 'Bst': '46.99 ', 'Rst': '15 '}"
7858,Smithscript Shield,Standard +21 ,"{'Phy': '159 ', 'Mag': '- ', 'Fir': '- ', 'Lit': '- ', 'Hol': '- ', 'Sta': '103 '}","{'Str': 'C ', 'Dex': 'D ', 'Int': 'E ', 'Fai': 'E ', 'Arc': '- '}",{'Any': '- '},"{'Phy': '74 ', 'Mag': '38 ', 'Fir': '38 ', 'Lit': '38 ', 'Hol': '38 ', 'Bst': '47.36 ', 'Rst': '15 '}"
7859,Smithscript Shield,Standard +22 ,"{'Phy': '163 ', 'Mag': '- ', 'Fir': '- ', 'Lit': '- ', 'Hol': '- ', 'Sta': '105 '}","{'Str': 'C ', 'Dex': 'D ', 'Int': 'E ', 'Fai': 'E ', 'Arc': '- '}",{'Any': '- '},"{'Phy': '74 ', 'Mag': '38 ', 'Fir': '38 ', 'Lit': '38 ', 'Hol': '38 ', 'Bst': '47.73 ', 'Rst': '15 '}"
7860,Smithscript Shield,Standard +23 ,"{'Phy': '168 ', 'Mag': '- ', 'Fir': '- ', 'Lit': '- ', 'Hol': '- ', 'Sta': '107 '}","{'Str': 'C ', 'Dex': 'D ', 'Int': 'E ', 'Fai': 'E ', 'Arc': '- '}",{'Any': '- '},"{'Phy': '74 ', 'Mag': '38 ', 'Fir': '38 ', 'Lit': '38 ', 'Hol': '38 ', 'Bst': '48.1 ', 'Rst': '15 '}"
7861,Smithscript Shield,Standard +24 ,"{'Phy': '172 ', 'Mag': '- ', 'Fir': '- ', 'Lit': '- ', 'Hol': '- ', 'Sta': '109 '}","{'Str': 'C ', 'Dex': 'D ', 'Int': 'E ', 'Fai': 'E ', 'Arc': '- '}",{'Any': '- '},"{'Phy': '74 ', 'Mag': '38 ', 'Fir': '38 ', 'Lit': '38 ', 'Hol': '38 ', 'Bst': '48.47 ', 'Rst': '15 '}"
7862,Smithscript Shield,Standard +25 ,"{'Phy': '176 ', 'Mag': '- ', 'Fir': '- ', 'Lit': '- ', 'Hol': '- ', 'Sta': '112 '}","{'Str': 'C ', 'Dex': 'D ', 'Int': 'E ', 'Fai': 'E ', 'Arc': '- '}",{'Any': '- '},"{'Phy': '74 ', 'Mag': '38 ', 'Fir': '38 ', 'Lit': '38 ', 'Hol': '38 ', 'Bst': '37 ', 'Rst': '15 '}"
7863,Shield of Night,Standard ,"{'Phy': '65 ', 'Mag': '42 ', 'Fir': '- ', 'Lit': '- ', 'Hol': '- ', 'Sta': '54 '}","{'Str': '- ', 'Dex': 'D ', 'Int': '- ', 'Fai': '- ', 'Arc': '- '}",{'Any': '- '},"{'Phy': '55 ', 'Mag': '70 ', 'Fir': '45 ', 'Lit': '45 ', 'Hol': '45 ', 'Bst': '34 ', 'Rst': '20 '}"
7864,Shield of Night,Standard +1 ,"{'Phy': '68 ', 'Mag': '44 ', 'Fir': '- ', 'Lit': '- ', 'Hol': '- ', 'Sta': '56 '}","{'Str': '- ', 'Dex': 'D ', 'Int': '- ', 'Fai': '- ', 'Arc': '- '}",{'Any': '- '},"{'Phy': '55 ', 'Mag': '70 ', 'Fir': '45 ', 'Lit': '45 ', 'Hol': '45 ', 'Bst': '34.68 ', 'Rst': '20 '}"
7865,Shield of Night,Standard +2 ,"{'Phy': '72 ', 'Mag': '46 ', 'Fir': '- ', 'Lit': '- ', 'Hol': '- ', 'Sta': '58 '}","{'Str': '- ', 'Dex': 'D ', 'Int': '- ', 'Fai': '- ', 'Arc': '- '}",{'Any': '- '},"{'Phy': '55 ', 'Mag': '70 ', 'Fir': '45 ', 'Lit': '45 ', 'Hol': '45 ', 'Bst': '35.36 ', 'Rst': '20 '}"
7866,Shield of Night,Standard +3 ,"{'Phy': '76 ', 'Mag': '49 ', 'Fir': '- ', 'Lit': '- ', 'Hol': '- ', 'Sta': '60 '}","{'Str': '- ', 'Dex': 'D ', 'Int': '- ', 'Fai': '- ', 'Arc': '- '}",{'Any': '- '},"{'Phy': '55 ', 'Mag': '70 ', 'Fir': '45 ', 'Lit': '45 ', 'Hol': '45 ', 'Bst': '36.04 ', 'Rst': '20 '}"
7867,Shield of Night,Standard +4 ,"{'Phy': '80 ', 'Mag': '51 ', 'Fir': '- ', 'Lit': '- ', 'Hol': '- ', 'Sta': '62 '}","{'Str': '- ', 'Dex': 'D ', 'Int': '- ', 'Fai': '- ', 'Arc': '- '}",{'Any': '- '},"{'Phy': '55 ', 'Mag': '70 ', 'Fir': '45 ', 'Lit': '45 ', 'Hol': '45 ', 'Bst': '36.72 ', 'Rst': '20 '}"
7868,Shield of Night,Standard +5 ,"{'Phy': '83 ', 'Mag': '54 ', 'Fir': '- ', 'Lit': '- ', 'Hol': '- ', 'Sta': '64 '}","{'Str': '- ', 'Dex': 'D ', 'Int': '- ', 'Fai': '- ', 'Arc': '- '}",{'Any': '- '},"{'Phy': '55 ', 'Mag': '70 ', 'Fir': '45 ', 'Lit': '45 ', 'Hol': '45 ', 'Bst': '37.4 ', 'Rst': '20 '}"
7869,Shield of Night,Standard +6 ,"{'Phy': '87 ', 'Mag': '56 ', 'Fir': '- ', 'Lit': '- ', 'Hol': '- ', 'Sta': '66 '}","{'Str': '- ', 'Dex': 'D ', 'Int': '- ', 'Fai': '- ', 'Arc': '- '}",{'Any': '- '},"{'Phy': '55 ', 'Mag': '70 ', 'Fir': '45 ', 'Lit': '45 ', 'Hol': '45 ', 'Bst': '38.08 ', 'Rst': '20 '}"
7870,Shield of Night,Standard +7 ,"{'Phy': '91 ', 'Mag': '59 ', 'Fir': '- ', 'Lit': '- ', 'Hol': '- ', 'Sta': '69 '}","{'Str': '- ', 'Dex': 'D ', 'Int': '- ', 'Fai': '- ', 'Arc': '- '}",{'Any': '- '},"{'Phy': '55 ', 'Mag': '70 ', 'Fir': '45 ', 'Lit': '45 ', 'Hol': '45 ', 'Bst': '38.76 ', 'Rst': '20 '}"
7871,Shield of Night,Standard +8 ,"{'Phy': '95 ', 'Mag': '61 ', 'Fir': '- ', 'Lit': '- ', 'Hol': '- ', 'Sta': '71 '}","{'Str': '- ', 'Dex': 'D ', 'Int': '- ', 'Fai': '- ', 'Arc': '- '}",{'Any': '- '},"{'Phy': '55 ', 'Mag': '70 ', 'Fir': '45 ', 'Lit': '45 ', 'Hol': '45 ', 'Bst': '39.1 ', 'Rst': '20 '}"
7872,Shield of Night,Standard +9 ,"{'Phy': '98 ', 'Mag': '63 ', 'Fir': '- ', 'Lit': '- ', 'Hol': '- ', 'Sta': '73 '}","{'Str': '- ', 'Dex': 'D ', 'Int': '- ', 'Fai': '- ', 'Arc': '- '}",{'Any': '- '},"{'Phy': '55 ', 'Mag': '70 ', 'Fir': '45 ', 'Lit': '45 ', 'Hol': '45 ', 'Bst': '39.44 ', 'Rst': '20 '}"
7873,Shield of Night,Standard +10 ,"{'Phy': '102 ', 'Mag': '66 ', 'Fir': '- ', 'Lit': '- ', 'Hol': '- ', 'Sta': '75 '}","{'Str': '- ', 'Dex': 'D ', 'Int': '- ', 'Fai': '- ', 'Arc': '- '}",{'Any': '- '},"{'Phy': '55 ', 'Mag': '70 ', 'Fir': '45 ', 'Lit': '45 ', 'Hol': '45 ', 'Bst': '39.78 ', 'Rst': '20 '}"
7874,Hawk Crest Wooden Shield,Standard ,"{'Phy': '76 ', 'Mag': '- ', 'Fir': '- ', 'Lit': '- ', 'Hol': '- ', 'Sta': '61 '}","{'Str': 'D ', 'Dex': '- ', 'Int': '- ', 'Fai': '- ', 'Arc': '- '}",{'Any': '- '},"{'Phy': '90 ', 'Mag': '44 ', 'Fir': '32 ', 'Lit': '44 ', 'Hol': '44 ', 'Bst': '45 ', 'Rst': '23 '}"
7875,Hawk Crest Wooden Shield,Standard +1 ,"{'Phy': '80 ', 'Mag': '- ', 'Fir': '- ', 'Lit': '- ', 'Hol': '- ', 'Sta': '63 '}","{'Str': 'D ', 'Dex': '- ', 'Int': '- ', 'Fai': '- ', 'Arc': '- '}",{'Any': '- '},"{'Phy': '90 ', 'Mag': '44 ', 'Fir': '32 ', 'Lit': '44 ', 'Hol': '44 ', 'Bst': '45 ', 'Rst': '23 '}"
7876,Hawk Crest Wooden Shield,Standard +2 ,"{'Phy': '84 ', 'Mag': '- ', 'Fir': '- ', 'Lit': '- ', 'Hol': '- ', 'Sta': '65 '}","{'Str': 'D ', 'Dex': '- ', 'Int': '- ', 'Fai': '- ', 'Arc': '- '}",{'Any': '- '},"{'Phy': '90 ', 'Mag': '44 ', 'Fir': '32 ', 'Lit': '44 ', 'Hol': '44 ', 'Bst': '45.45 ', 'Rst': '23 '}"
7877,Hawk Crest Wooden Shield,Standard +3 ,"{'Phy': '89 ', 'Mag': '- ', 'Fir': '- ', 'Lit': '- ', 'Hol': '- ', 'Sta': '68 '}","{'Str': 'D ', 'Dex': '- ', 'Int': '- ', 'Fai': '- ', 'Arc': '- '}",{'Any': '- '},"{'Phy': '90 ', 'Mag': '44 ', 'Fir': '32 ', 'Lit': '44 ', 'Hol': '44 ', 'Bst': '45.9 ', 'Rst': '23 '}"
7878,Hawk Crest Wooden Shield,Standard +4 ,"{'Phy': '93 ', 'Mag': '- ', 'Fir': '- ', 'Lit': '- ', 'Hol': '- ', 'Sta': '70 '}","{'Str': 'D ', 'Dex': '- ', 'Int': '- ', 'Fai': '- ', 'Arc': '- '}",{'Any': '- '},"{'Phy': '90 ', 'Mag': '44 ', 'Fir': '32 ', 'Lit': '44 ', 'Hol': '44 ', 'Bst': '46.35 ', 'Rst': '23 '}"
7879,Hawk Crest Wooden Shield,Standard +5 ,"{'Phy': '98 ', 'Mag': '- ', 'Fir': '- ', 'Lit': '- ', 'Hol': '- ', 'Sta': '73 '}","{'Str': 'D ', 'Dex': '- ', 'Int': '- ', 'Fai': '- ', 'Arc': '- '}",{'Any': '- '},"{'Phy': '90 ', 'Mag': '44 ', 'Fir': '32 ', 'Lit': '44 ', 'Hol': '44 ', 'Bst': '46.8 ', 'Rst': '23 '}"
7880,Hawk Crest Wooden Shield,Standard +6 ,"{'Phy': '102 ', 'Mag': '- ', 'Fir': '- ', 'Lit': '- ', 'Hol': '- ', 'Sta': '75 '}","{'Str': 'D ', 'Dex': '- ', 'Int': '- ', 'Fai': '- ', 'Arc': '- '}",{'Any': '- '},"{'Phy': '90 ', 'Mag': '44 ', 'Fir': '32 ', 'Lit': '44 ', 'Hol': '44 ', 'Bst': '47.25 ', 'Rst': '23 '}"
7881,Hawk Crest Wooden Shield,Standard +7 ,"{'Phy': '106 ', 'Mag': '- ', 'Fir': '- ', 'Lit': '- ', 'Hol': '- ', 'Sta': '78 '}","{'Str': 'D ', 'Dex': '- ', 'Int': '- ', 'Fai': '- ', 'Arc': '- '}",{'Any': '- '},"{'Phy': '90 ', 'Mag': '44 ', 'Fir': '32 ', 'Lit': '44 ', 'Hol': '44 ', 'Bst': '47.7 ', 'Rst': '23 '}"
7882,Hawk Crest Wooden Shield,Standard +8 ,"{'Phy': '111 ', 'Mag': '- ', 'Fir': '- ', 'Lit': '- ', 'Hol': '- ', 'Sta': '80 '}","{'Str': 'D ', 'Dex': '- ', 'Int': '- ', 'Fai': '- ', 'Arc': '- '}",{'Any': '- '},"{'Phy': '90 ', 'Mag': '44 ', 'Fir': '32 ', 'Lit': '44 ', 'Hol': '44 ', 'Bst': '48.15 ', 'Rst': '23 '}"
7883,Hawk Crest Wooden Shield,Standard +9 ,"{'Phy': '115 ', 'Mag': '- ', 'Fir': '- ', 'Lit': '- ', 'Hol': '- ', 'Sta': '82 '}","{'Str': 'D ', 'Dex': '- ', 'Int': '- ', 'Fai': '- ', 'Arc': '- '}",{'Any': '- '},"{'Phy': '90 ', 'Mag': '44 ', 'Fir': '32 ', 'Lit': '44 ', 'Hol': '44 ', 'Bst': '48.6 ', 'Rst': '23 '}"
7884,Hawk Crest Wooden Shield,Standard +10 ,"{'Phy': '120 ', 'Mag': '- ', 'Fir': '- ', 'Lit': '- ', 'Hol': '- ', 'Sta': '85 '}","{'Str': 'D ', 'Dex': '- ', 'Int': '- ', 'Fai': '- ', 'Arc': '- '}",{'Any': '- '},"{'Phy': '90 ', 'Mag': '44 ', 'Fir': '32 ', 'Lit': '44 ', 'Hol': '44 ', 'Bst': '49.05 ', 'Rst': '23 '}"
7885,Hawk Crest Wooden Shield,Standard +11 ,"{'Phy': '124 ', 'Mag': '- ', 'Fir': '- ', 'Lit': '- ', 'Hol': '- ', 'Sta': '87 '}","{'Str': 'D ', 'Dex': '- ', 'Int': '- ', 'Fai': '- ', 'Arc': '- '}",{'Any': '- '},"{'Phy': '90 ', 'Mag': '44 ', 'Fir': '32 ', 'Lit': '44 ', 'Hol': '44 ', 'Bst': '49.5 ', 'Rst': '23 '}"
7886,Hawk Crest Wooden Shield,Standard +12 ,"{'Phy': '128 ', 'Mag': '- ', 'Fir': '- ', 'Lit': '- ', 'Hol': '- ', 'Sta': '90 '}","{'Str': 'D ', 'Dex': '- ', 'Int': '- ', 'Fai': '- ', 'Arc': '- '}",{'Any': '- '},"{'Phy': '90 ', 'Mag': '44 ', 'Fir': '32 ', 'Lit': '44 ', 'Hol': '44 ', 'Bst': '49.95 ', 'Rst': '23 '}"
7887,Hawk Crest Wooden Shield,Standard +13 ,"{'Phy': '133 ', 'Mag': '- ', 'Fir': '- ', 'Lit': '- ', 'Hol': '- ', 'Sta': '92 '}","{'Str': 'D ', 'Dex': '- ', 'Int': '- ', 'Fai': '- ', 'Arc': '- '}",{'Any': '- '},"{'Phy': '90 ', 'Mag': '44 ', 'Fir': '32 ', 'Lit': '44 ', 'Hol': '44 ', 'Bst': '50.4 ', 'Rst': '23 '}"
7888,Hawk Crest Wooden Shield,Standard +14 ,"{'Phy': '137 ', 'Mag': '- ', 'Fir': '- ', 'Lit': '- ', 'Hol': '- ', 'Sta': '95 '}","{'Str': 'C ', 'Dex': '- ', 'Int': '- ', 'Fai': '- ', 'Arc': '- '}",{'Any': '- '},"{'Phy': '90 ', 'Mag': '44 ', 'Fir': '32 ', 'Lit': '44 ', 'Hol': '44 ', 'Bst': '50.85 ', 'Rst': '23 '}"
7889,Hawk Crest Wooden Shield,Standard +15 ,"{'Phy': '142 ', 'Mag': '- ', 'Fir': '- ', 'Lit': '- ', 'Hol': '- ', 'Sta': '97 '}","{'Str': 'C ', 'Dex': '- ', 'Int': '- ', 'Fai': '- ', 'Arc': '- '}",{'Any': '- '},"{'Phy': '90 ', 'Mag': '44 ', 'Fir': '32 ', 'Lit': '44 ', 'Hol': '44 ', 'Bst': '51.3 ', 'Rst': '23 '}"
7890,Hawk Crest Wooden Shield,Standard +16 ,"{'Phy': '146 ', 'Mag': '- ', 'Fir': '- ', 'Lit': '- ', 'Hol': '- ', 'Sta': '100 '}","{'Str': 'C ', 'Dex': '- ', 'Int': '- ', 'Fai': '- ', 'Arc': '- '}",{'Any': '- '},"{'Phy': '90 ', 'Mag': '44 ', 'Fir': '32 ', 'Lit': '44 ', 'Hol': '44 ', 'Bst': '51.75 ', 'Rst': '23 '}"
7891,Hawk Crest Wooden Shield,Standard +17 ,"{'Phy': '150 ', 'Mag': '- ', 'Fir': '- ', 'Lit': '- ', 'Hol': '- ', 'Sta': '102 '}","{'Str': 'C ', 'Dex': '- ', 'Int': '- ', 'Fai': '- ', 'Arc': '- '}",{'Any': '- '},"{'Phy': '90 ', 'Mag': '44 ', 'Fir': '32 ', 'Lit': '44 ', 'Hol': '44 ', 'Bst': '52.2 ', 'Rst': '23 '}"
7892,Hawk Crest Wooden Shield,Standard +18 ,"{'Phy': '155 ', 'Mag': '- ', 'Fir': '- ', 'Lit': '- ', 'Hol': '- ', 'Sta': '104 '}","{'Str': 'C ', 'Dex': '- ', 'Int': '- ', 'Fai': '- ', 'Arc': '- '}",{'Any': '- '},"{'Phy': '90 ', 'Mag': '44 ', 'Fir': '32 ', 'Lit': '44 ', 'Hol': '44 ', 'Bst': '52.65 ', 'Rst': '23 '}"
7893,Hawk Crest Wooden Shield,Standard +19 ,"{'Phy': '159 ', 'Mag': '- ', 'Fir': '- ', 'Lit': '- ', 'Hol': '- ', 'Sta': '107 '}","{'Str': 'C ', 'Dex': '- ', 'Int': '- ', 'Fai': '- ', 'Arc': '- '}",{'Any': '- '},"{'Phy': '90 ', 'Mag': '44 ', 'Fir': '32 ', 'Lit': '44 ', 'Hol': '44 ', 'Bst': '53.1 ', 'Rst': '23 '}"
7894,Hawk Crest Wooden Shield,Standard +20 ,"{'Phy': '164 ', 'Mag': '- ', 'Fir': '- ', 'Lit': '- ', 'Hol': '- ', 'Sta': '109 '}","{'Str': 'C ', 'Dex': '- ', 'Int': '- ', 'Fai': '- ', 'Arc': '- '}",{'Any': '- '},"{'Phy': '90 ', 'Mag': '44 ', 'Fir': '32 ', 'Lit': '44 ', 'Hol': '44 ', 'Bst': '53.55 ', 'Rst': '23 '}"
7895,Hawk Crest Wooden Shield,Standard +21 ,"{'Phy': '168 ', 'Mag': '- ', 'Fir': '- ', 'Lit': '- ', 'Hol': '- ', 'Sta': '112 '}","{'Str': 'C ', 'Dex': '- ', 'Int': '- ', 'Fai': '- ', 'Arc': '- '}",{'Any': '- '},"{'Phy': '90 ', 'Mag': '44 ', 'Fir': '32 ', 'Lit': '44 ', 'Hol': '44 ', 'Bst': '54 ', 'Rst': '23 '}"
7896,Hawk Crest Wooden Shield,Standard +22 ,"{'Phy': '172 ', 'Mag': '- ', 'Fir': '- ', 'Lit': '- ', 'Hol': '- ', 'Sta': '114 '}","{'Str': 'C ', 'Dex': '- ', 'Int': '- ', 'Fai': '- ', 'Arc': '- '}",{'Any': '- '},"{'Phy': '90 ', 'Mag': '44 ', 'Fir': '32 ', 'Lit': '44 ', 'Hol': '44 ', 'Bst': '54.45 ', 'Rst': '23 '}"
7897,Hawk Crest Wooden Shield,Standard +23 ,"{'Phy': '177 ', 'Mag': '- ', 'Fir': '- ', 'Lit': '- ', 'Hol': '- ', 'Sta': '117 '}","{'Str': 'C ', 'Dex': '- ', 'Int': '- ', 'Fai': '- ', 'Arc': '- '}",{'Any': '- '},"{'Phy': '90 ', 'Mag': '44 ', 'Fir': '32 ', 'Lit': '44 ', 'Hol': '44 ', 'Bst': '54.9 ', 'Rst': '23 '}"
7898,Hawk Crest Wooden Shield,Standard +24 ,"{'Phy': '181 ', 'Mag': '- ', 'Fir': '- ', 'Lit': '- ', 'Hol': '- ', 'Sta': '119 '}","{'Str': 'C ', 'Dex': '- ', 'Int': '- ', 'Fai': '- ', 'Arc': '- '}",{'Any': '- '},"{'Phy': '90 ', 'Mag': '44 ', 'Fir': '32 ', 'Lit': '44 ', 'Hol': '44 ', 'Bst': '55.35 ', 'Rst': '23 '}"
7899,Hawk Crest Wooden Shield,Standard +25 ,"{'Phy': '186 ', 'Mag': '- ', 'Fir': '- ', 'Lit': '- ', 'Hol': '- ', 'Sta': '122 '}","{'Str': 'C ', 'Dex': '- ', 'Int': '- ', 'Fai': '- ', 'Arc': '- '}",{'Any': '- '},"{'Phy': '90 ', 'Mag': '44 ', 'Fir': '32 ', 'Lit': '44 ', 'Hol': '44 ', 'Bst': '55.8 ', 'Rst': '23 '}"
8212,Horse Crest Wooden Shield,Standard ,"{'Phy': '76 ', 'Mag': '- ', 'Fir': '- ', 'Lit': '- ', 'Hol': '- ', 'Sta': '61 '}","{'Str': 'D ', 'Dex': '- ', 'Int': '- ', 'Fai': '- ', 'Arc': '- '}",{'Any': '- '},"{'Phy': '87 ', 'Mag': '50 ', 'Fir': '32 ', 'Lit': '43 ', 'Hol': '42 ', 'Bst': '47 ', 'Rst': '23 '}"
8213,Horse Crest Wooden Shield,Standard +1 ,"{'Phy': '80 ', 'Mag': '- ', 'Fir': '- ', 'Lit': '- ', 'Hol': '- ', 'Sta': '63 '}","{'Str': 'D ', 'Dex': '- ', 'Int': '- ', 'Fai': '- ', 'Arc': '- '}",{'Any': '- '},"{'Phy': '87 ', 'Mag': '50 ', 'Fir': '32 ', 'Lit': '43 ', 'Hol': '42 ', 'Bst': '47 ', 'Rst': '23 '}"
8214,Horse Crest Wooden Shield,Standard +2 ,"{'Phy': '84 ', 'Mag': '- ', 'Fir': '- ', 'Lit': '- ', 'Hol': '- ', 'Sta': '65 '}","{'Str': 'D ', 'Dex': '- ', 'Int': '- ', 'Fai': '- ', 'Arc': '- '}",{'Any': '- '},"{'Phy': '87 ', 'Mag': '50 ', 'Fir': '32 ', 'Lit': '43 ', 'Hol': '42 ', 'Bst': '47.47 ', 'Rst': '23 '}"
8215,Horse Crest Wooden Shield,Standard +3 ,"{'Phy': '89 ', 'Mag': '- ', 'Fir': '- ', 'Lit': '- ', 'Hol': '- ', 'Sta': '68 '}","{'Str': 'D ', 'Dex': '- ', 'Int': '- ', 'Fai': '- ', 'Arc': '- '}",{'Any': '- '},"{'Phy': '87 ', 'Mag': '50 ', 'Fir': '32 ', 'Lit': '43 ', 'Hol': '42 ', 'Bst': '47.94 ', 'Rst': '23 '}"
8216,Horse Crest Wooden Shield,Standard +4 ,"{'Phy': '93 ', 'Mag': '- ', 'Fir': '- ', 'Lit': '- ', 'Hol': '- ', 'Sta': '70 '}","{'Str': 'D ', 'Dex': '- ', 'Int': '- ', 'Fai': '- ', 'Arc': '- '}",{'Any': '- '},"{'Phy': '87 ', 'Mag': '50 ', 'Fir': '32 ', 'Lit': '43 ', 'Hol': '42 ', 'Bst': '48.41 ', 'Rst': '23 '}"
8217,Horse Crest Wooden Shield,Standard +5 ,"{'Phy': '98 ', 'Mag': '- ', 'Fir': '- ', 'Lit': '- ', 'Hol': '- ', 'Sta': '73 '}","{'Str': 'D ', 'Dex': '- ', 'Int': '- ', 'Fai': '- ', 'Arc': '- '}",{'Any': '- '},"{'Phy': '87 ', 'Mag': '50 ', 'Fir': '32 ', 'Lit': '43 ', 'Hol': '42 ', 'Bst': '48.88 ', 'Rst': '23 '}"
8218,Horse Crest Wooden Shield,Standard +6 ,"{'Phy': '102 ', 'Mag': '- ', 'Fir': '- ', 'Lit': '- ', 'Hol': '- ', 'Sta': '75 '}","{'Str': 'D ', 'Dex': '- ', 'Int': '- ', 'Fai': '- ', 'Arc': '- '}",{'Any': '- '},"{'Phy': '87 ', 'Mag': '50 ', 'Fir': '32 ', 'Lit': '43 ', 'Hol': '42 ', 'Bst': '49.35 ', 'Rst': '23 '}"
8219,Horse Crest Wooden Shield,Standard +7 ,"{'Phy': '106 ', 'Mag': '- ', 'Fir': '- ', 'Lit': '- ', 'Hol': '- ', 'Sta': '78 '}","{'Str': 'D ', 'Dex': '- ', 'Int': '- ', 'Fai': '- ', 'Arc': '- '}",{'Any': '- '},"{'Phy': '87 ', 'Mag': '50 ', 'Fir': '32 ', 'Lit': '43 ', 'Hol': '42 ', 'Bst': '49.82 ', 'Rst': '23 '}"
8220,Horse Crest Wooden Shield,Standard +8 ,"{'Phy': '111 ', 'Mag': '- ', 'Fir': '- ', 'Lit': '- ', 'Hol': '- ', 'Sta': '80 '}","{'Str': 'D ', 'Dex': '- ', 'Int': '- ', 'Fai': '- ', 'Arc': '- '}",{'Any': '- '},"{'Phy': '87 ', 'Mag': '50 ', 'Fir': '32 ', 'Lit': '43 ', 'Hol': '42 ', 'Bst': '50.29 ', 'Rst': '23 '}"
8221,Horse Crest Wooden Shield,Standard +9 ,"{'Phy': '115 ', 'Mag': '- ', 'Fir': '- ', 'Lit': '- ', 'Hol': '- ', 'Sta': '82 '}","{'Str': 'D ', 'Dex': '- ', 'Int': '- ', 'Fai': '- ', 'Arc': '- '}",{'Any': '- '},"{'Phy': '87 ', 'Mag': '50 ', 'Fir': '32 ', 'Lit': '43 ', 'Hol': '42 ', 'Bst': '50.76 ', 'Rst': '23 '}"
8222,Horse Crest Wooden Shield,Standard +10 ,"{'Phy': '120 ', 'Mag': '- ', 'Fir': '- ', 'Lit': '- ', 'Hol': '- ', 'Sta': '85 '}","{'Str': 'D ', 'Dex': '- ', 'Int': '- ', 'Fai': '- ', 'Arc': '- '}",{'Any': '- '},"{'Phy': '87 ', 'Mag': '50 ', 'Fir': '32 ', 'Lit': '43 ', 'Hol': '42 ', 'Bst': '51.23 ', 'Rst': '23 '}"
8223,Horse Crest Wooden Shield,Standard +11 ,"{'Phy': '124 ', 'Mag': '- ', 'Fir': '- ', 'Lit': '- ', 'Hol': '- ', 'Sta': '87 '}","{'Str': 'D ', 'Dex': '- ', 'Int': '- ', 'Fai': '- ', 'Arc': '- '}",{'Any': '- '},"{'Phy': '87 ', 'Mag': '50 ', 'Fir': '32 ', 'Lit': '43 ', 'Hol': '42 ', 'Bst': '51.7 ', 'Rst': '23 '}"
8224,Horse Crest Wooden Shield,Standard +12 ,"{'Phy': '128 ', 'Mag': '- ', 'Fir': '- ', 'Lit': '- ', 'Hol': '- ', 'Sta': '90 '}","{'Str': 'D ', 'Dex': '- ', 'Int': '- ', 'Fai': '- ', 'Arc': '- '}",{'Any': '- '},"{'Phy': '87 ', 'Mag': '50 ', 'Fir': '32 ', 'Lit': '43 ', 'Hol': '42 ', 'Bst': '52.17 ', 'Rst': '23 '}"
8225,Horse Crest Wooden Shield,Standard +13 ,"{'Phy': '133 ', 'Mag': '- ', 'Fir': '- ', 'Lit': '- ', 'Hol': '- ', 'Sta': '92 '}","{'Str': 'D ', 'Dex': '- ', 'Int': '- ', 'Fai': '- ', 'Arc': '- '}",{'Any': '- '},"{'Phy': '87 ', 'Mag': '50 ', 'Fir': '32 ', 'Lit': '43 ', 'Hol': '42 ', 'Bst': '52.64 ', 'Rst': '23 '}"
8226,Horse Crest Wooden Shield,Standard +14 ,"{'Phy': '137 ', 'Mag': '- ', 'Fir': '- ', 'Lit': '- ', 'Hol': '- ', 'Sta': '95 '}","{'Str': 'C ', 'Dex': '- ', 'Int': '- ', 'Fai': '- ', 'Arc': '- '}",{'Any': '- '},"{'Phy': '87 ', 'Mag': '50 ', 'Fir': '32 ', 'Lit': '43 ', 'Hol': '42 ', 'Bst': '53.11 ', 'Rst': '23 '}"
8227,Horse Crest Wooden Shield,Standard +15 ,"{'Phy': '142 ', 'Mag': '- ', 'Fir': '- ', 'Lit': '- ', 'Hol': '- ', 'Sta': '97 '}","{'Str': 'C ', 'Dex': '- ', 'Int': '- ', 'Fai': '- ', 'Arc': '- '}",{'Any': '- '},"{'Phy': '87 ', 'Mag': '50 ', 'Fir': '32 ', 'Lit': '43 ', 'Hol': '42 ', 'Bst': '53.58 ', 'Rst': '23 '}"
8228,Horse Crest Wooden Shield,Standard +16 ,"{'Phy': '146 ', 'Mag': '- ', 'Fir': '- ', 'Lit': '- ', 'Hol': '- ', 'Sta': '100 '}","{'Str': 'C ', 'Dex': '- ', 'Int': '- ', 'Fai': '- ', 'Arc': '- '}",{'Any': '- '},"{'Phy': '87 ', 'Mag': '50 ', 'Fir': '32 ', 'Lit': '43 ', 'Hol': '42 ', 'Bst': '54.05 ', 'Rst': '23 '}"
8229,Horse Crest Wooden Shield,Standard +17 ,"{'Phy': '150 ', 'Mag': '- ', 'Fir': '- ', 'Lit': '- ', 'Hol': '- ', 'Sta': '102 '}","{'Str': 'C ', 'Dex': '- ', 'Int': '- ', 'Fai': '- ', 'Arc': '- '}",{'Any': '- '},"{'Phy': '87 ', 'Mag': '50 ', 'Fir': '32 ', 'Lit': '43 ', 'Hol': '42 ', 'Bst': '54.52 ', 'Rst': '23 '}"
8230,Horse Crest Wooden Shield,Standard +18 ,"{'Phy': '155 ', 'Mag': '- ', 'Fir': '- ', 'Lit': '- ', 'Hol': '- ', 'Sta': '104 '}","{'Str': 'C ', 'Dex': '- ', 'Int': '- ', 'Fai': '- ', 'Arc': '- '}",{'Any': '- '},"{'Phy': '87 ', 'Mag': '50 ', 'Fir': '32 ', 'Lit': '43 ', 'Hol': '42 ', 'Bst': '54.99 ', 'Rst': '23 '}"
8231,Horse Crest Wooden Shield,Standard +19 ,"{'Phy': '159 ', 'Mag': '- ', 'Fir': '- ', 'Lit': '- ', 'Hol': '- ', 'Sta': '107 '}","{'Str': 'C ', 'Dex': '- ', 'Int': '- ', 'Fai': '- ', 'Arc': '- '}",{'Any': '- '},"{'Phy': '87 ', 'Mag': '50 ', 'Fir': '32 ', 'Lit': '43 ', 'Hol': '42 ', 'Bst': '55.46 ', 'Rst': '23 '}"
8232,Horse Crest Wooden Shield,Standard +20 ,"{'Phy': '164 ', 'Mag': '- ', 'Fir': '- ', 'Lit': '- ', 'Hol': '- ', 'Sta': '109 '}","{'Str': 'C ', 'Dex': '- ', 'Int': '- ', 'Fai': '- ', 'Arc': '- '}",{'Any': '- '},"{'Phy': '87 ', 'Mag': '50 ', 'Fir': '32 ', 'Lit': '43 ', 'Hol': '42 ', 'Bst': '55.93 ', 'Rst': '23 '}"
8233,Horse Crest Wooden Shield,Standard +21 ,"{'Phy': '168 ', 'Mag': '- ', 'Fir': '- ', 'Lit': '- ', 'Hol': '- ', 'Sta': '112 '}","{'Str': 'C ', 'Dex': '- ', 'Int': '- ', 'Fai': '- ', 'Arc': '- '}",{'Any': '- '},"{'Phy': '87 ', 'Mag': '50 ', 'Fir': '32 ', 'Lit': '43 ', 'Hol': '42 ', 'Bst': '56.4 ', 'Rst': '23 '}"
8234,Horse Crest Wooden Shield,Standard +22 ,"{'Phy': '172 ', 'Mag': '- ', 'Fir': '- ', 'Lit': '- ', 'Hol': '- ', 'Sta': '114 '}","{'Str': 'C ', 'Dex': '- ', 'Int': '- ', 'Fai': '- ', 'Arc': '- '}",{'Any': '- '},"{'Phy': '87 ', 'Mag': '50 ', 'Fir': '32 ', 'Lit': '43 ', 'Hol': '42 ', 'Bst': '56.87 ', 'Rst': '23 '}"
8235,Horse Crest Wooden Shield,Standard +23 ,"{'Phy': '177 ', 'Mag': '- ', 'Fir': '- ', 'Lit': '- ', 'Hol': '- ', 'Sta': '117 '}","{'Str': 'C ', 'Dex': '- ', 'Int': '- ', 'Fai': '- ', 'Arc': '- '}",{'Any': '- '},"{'Phy': '87 ', 'Mag': '50 ', 'Fir': '32 ', 'Lit': '43 ', 'Hol': '42 ', 'Bst': '57.34 ', 'Rst': '23 '}"
8236,Horse Crest Wooden Shield,Standard +24 ,"{'Phy': '181 ', 'Mag': '- ', 'Fir': '- ', 'Lit': '- ', 'Hol': '- ', 'Sta': '119 '}","{'Str': 'C ', 'Dex': '- ', 'Int': '- ', 'Fai': '- ', 'Arc': '- '}",{'Any': '- '},"{'Phy': '87 ', 'Mag': '50 ', 'Fir': '32 ', 'Lit': '43 ', 'Hol': '42 ', 'Bst': '57.81 ', 'Rst': '23 '}"
8237,Horse Crest Wooden Shield,Standard +25 ,"{'Phy': '186 ', 'Mag': '- ', 'Fir': '- ', 'Lit': '- ', 'Hol': '- ', 'Sta': '122 '}","{'Str': 'C ', 'Dex': '- ', 'Int': '- ', 'Fai': '- ', 'Arc': '- '}",{'Any': '- '},"{'Phy': '87 ', 'Mag': '50 ', 'Fir': '32 ', 'Lit': '43 ', 'Hol': '42 ', 'Bst': '58.28 ', 'Rst': '23 '}"
8550,Candletree Wooden Shield,Standard ,"{'Phy': '76 ', 'Mag': '- ', 'Fir': '- ', 'Lit': '- ', 'Hol': '- ', 'Sta': '61 '}","{'Str': 'D ', 'Dex': '- ', 'Int': '- ', 'Fai': '- ', 'Arc': '- '}",{'Any': '- '},"{'Phy': '88 ', 'Mag': '42 ', 'Fir': '32 ', 'Lit': '50 ', 'Hol': '43 ', 'Bst': '47 ', 'Rst': '23 '}"
8551,Candletree Wooden Shield,Standard +1 ,"{'Phy': '80 ', 'Mag': '- ', 'Fir': '- ', 'Lit': '- ', 'Hol': '- ', 'Sta': '63 '}","{'Str': 'D ', 'Dex': '- ', 'Int': '- ', 'Fai': '- ', 'Arc': '- '}",{'Any': '- '},"{'Phy': '88 ', 'Mag': '42 ', 'Fir': '32 ', 'Lit': '50 ', 'Hol': '43 ', 'Bst': '47 ', 'Rst': '23 '}"
8552,Candletree Wooden Shield,Standard +2 ,"{'Phy': '84 ', 'Mag': '- ', 'Fir': '- ', 'Lit': '- ', 'Hol': '- ', 'Sta': '65 '}","{'Str': 'D ', 'Dex': '- ', 'Int': '- ', 'Fai': '- ', 'Arc': '- '}",{'Any': '- '},"{'Phy': '88 ', 'Mag': '42 ', 'Fir': '32 ', 'Lit': '50 ', 'Hol': '43 ', 'Bst': '47.47 ', 'Rst': '23 '}"
8553,Candletree Wooden Shield,Standard +3 ,"{'Phy': '89 ', 'Mag': '- ', 'Fir': '- ', 'Lit': '- ', 'Hol': '- ', 'Sta': '68 '}","{'Str': 'D ', 'Dex': '- ', 'Int': '- ', 'Fai': '- ', 'Arc': '- '}",{'Any': '- '},"{'Phy': '88 ', 'Mag': '42 ', 'Fir': '32 ', 'Lit': '50 ', 'Hol': '43 ', 'Bst': '47.94 ', 'Rst': '23 '}"
8554,Candletree Wooden Shield,Standard +4 ,"{'Phy': '93 ', 'Mag': '- ', 'Fir': '- ', 'Lit': '- ', 'Hol': '- ', 'Sta': '70 '}","{'Str': 'D ', 'Dex': '- ', 'Int': '- ', 'Fai': '- ', 'Arc': '- '}",{'Any': '- '},"{'Phy': '88 ', 'Mag': '42 ', 'Fir': '32 ', 'Lit': '50 ', 'Hol': '43 ', 'Bst': '48.41 ', 'Rst': '23 '}"
8555,Candletree Wooden Shield,Standard +5 ,"{'Phy': '98 ', 'Mag': '- ', 'Fir': '- ', 'Lit': '- ', 'Hol': '- ', 'Sta': '73 '}","{'Str': 'D ', 'Dex': '- ', 'Int': '- ', 'Fai': '- ', 'Arc': '- '}",{'Any': '- '},"{'Phy': '88 ', 'Mag': '42 ', 'Fir': '32 ', 'Lit': '50 ', 'Hol': '43 ', 'Bst': '48.88 ', 'Rst': '23 '}"
8556,Candletree Wooden Shield,Standard +6 ,"{'Phy': '102 ', 'Mag': '- ', 'Fir': '- ', 'Lit': '- ', 'Hol': '- ', 'Sta': '75 '}","{'Str': 'D ', 'Dex': '- ', 'Int': '- ', 'Fai': '- ', 'Arc': '- '}",{'Any': '- '},"{'Phy': '88 ', 'Mag': '42 ', 'Fir': '32 ', 'Lit': '50 ', 'Hol': '43 ', 'Bst': '49.35 ', 'Rst': '23 '}"
8557,Candletree Wooden Shield,Standard +7 ,"{'Phy': '106 ', 'Mag': '- ', 'Fir': '- ', 'Lit': '- ', 'Hol': '- ', 'Sta': '78 '}","{'Str': 'D ', 'Dex': '- ', 'Int': '- ', 'Fai': '- ', 'Arc': '- '}",{'Any': '- '},"{'Phy': '88 ', 'Mag': '42 ', 'Fir': '32 ', 'Lit': '50 ', 'Hol': '43 ', 'Bst': '49.82 ', 'Rst': '23 '}"
8558,Candletree Wooden Shield,Standard +8 ,"{'Phy': '111 ', 'Mag': '- ', 'Fir': '- ', 'Lit': '- ', 'Hol': '- ', 'Sta': '80 '}","{'Str': 'D ', 'Dex': '- ', 'Int': '- ', 'Fai': '- ', 'Arc': '- '}",{'Any': '- '},"{'Phy': '88 ', 'Mag': '42 ', 'Fir': '32 ', 'Lit': '50 ', 'Hol': '43 ', 'Bst': '50.29 ', 'Rst': '23 '}"
8559,Candletree Wooden Shield,Standard +9 ,"{'Phy': '115 ', 'Mag': '- ', 'Fir': '- ', 'Lit': '- ', 'Hol': '- ', 'Sta': '82 '}","{'Str': 'D ', 'Dex': '- ', 'Int': '- ', 'Fai': '- ', 'Arc': '- '}",{'Any': '- '},"{'Phy': '88 ', 'Mag': '42 ', 'Fir': '32 ', 'Lit': '50 ', 'Hol': '43 ', 'Bst': '50.76 ', 'Rst': '23 '}"
8560,Candletree Wooden Shield,Standard +10 ,"{'Phy': '120 ', 'Mag': '- ', 'Fir': '- ', 'Lit': '- ', 'Hol': '- ', 'Sta': '85 '}","{'Str': 'D ', 'Dex': '- ', 'Int': '- ', 'Fai': '- ', 'Arc': '- '}",{'Any': '- '},"{'Phy': '88 ', 'Mag': '42 ', 'Fir': '32 ', 'Lit': '50 ', 'Hol': '43 ', 'Bst': '51.23 ', 'Rst': '23 '}"
8561,Candletree Wooden Shield,Standard +11 ,"{'Phy': '124 ', 'Mag': '- ', 'Fir': '- ', 'Lit': '- ', 'Hol': '- ', 'Sta': '87 '}","{'Str': 'D ', 'Dex': '- ', 'Int': '- ', 'Fai': '- ', 'Arc': '- '}",{'Any': '- '},"{'Phy': '88 ', 'Mag': '42 ', 'Fir': '32 ', 'Lit': '50 ', 'Hol': '43 ', 'Bst': '51.7 ', 'Rst': '23 '}"
8562,Candletree Wooden Shield,Standard +12 ,"{'Phy': '128 ', 'Mag': '- ', 'Fir': '- ', 'Lit': '- ', 'Hol': '- ', 'Sta': '90 '}","{'Str': 'D ', 'Dex': '- ', 'Int': '- ', 'Fai': '- ', 'Arc': '- '}",{'Any': '- '},"{'Phy': '88 ', 'Mag': '42 ', 'Fir': '32 ', 'Lit': '50 ', 'Hol': '43 ', 'Bst': '52.17 ', 'Rst': '23 '}"
8563,Candletree Wooden Shield,Standard +13 ,"{'Phy': '133 ', 'Mag': '- ', 'Fir': '- ', 'Lit': '- ', 'Hol': '- ', 'Sta': '92 '}","{'Str': 'D ', 'Dex': '- ', 'Int': '- ', 'Fai': '- ', 'Arc': '- '}",{'Any': '- '},"{'Phy': '88 ', 'Mag': '42 ', 'Fir': '32 ', 'Lit': '50 ', 'Hol': '43 ', 'Bst': '52.64 ', 'Rst': '23 '}"
8564,Candletree Wooden Shield,Standard +14 ,"{'Phy': '137 ', 'Mag': '- ', 'Fir': '- ', 'Lit': '- ', 'Hol': '- ', 'Sta': '95 '}","{'Str': 'C ', 'Dex': '- ', 'Int': '- ', 'Fai': '- ', 'Arc': '- '}",{'Any': '- '},"{'Phy': '88 ', 'Mag': '42 ', 'Fir': '32 ', 'Lit': '50 ', 'Hol': '43 ', 'Bst': '53.11 ', 'Rst': '23 '}"
8565,Candletree Wooden Shield,Standard +15 ,"{'Phy': '142 ', 'Mag': '- ', 'Fir': '- ', 'Lit': '- ', 'Hol': '- ', 'Sta': '97 '}","{'Str': 'C ', 'Dex': '- ', 'Int': '- ', 'Fai': '- ', 'Arc': '- '}",{'Any': '- '},"{'Phy': '88 ', 'Mag': '42 ', 'Fir': '32 ', 'Lit': '50 ', 'Hol': '43 ', 'Bst': '53.58 ', 'Rst': '23 '}"
8566,Candletree Wooden Shield,Standard +16 ,"{'Phy': '146 ', 'Mag': '- ', 'Fir': '- ', 'Lit': '- ', 'Hol': '- ', 'Sta': '100 '}","{'Str': 'C ', 'Dex': '- ', 'Int': '- ', 'Fai': '- ', 'Arc': '- '}",{'Any': '- '},"{'Phy': '88 ', 'Mag': '42 ', 'Fir': '32 ', 'Lit': '50 ', 'Hol': '43 ', 'Bst': '54.05 ', 'Rst': '23 '}"
8567,Candletree Wooden Shield,Standard +17 ,"{'Phy': '150 ', 'Mag': '- ', 'Fir': '- ', 'Lit': '- ', 'Hol': '- ', 'Sta': '102 '}","{'Str': 'C ', 'Dex': '- ', 'Int': '- ', 'Fai': '- ', 'Arc': '- '}",{'Any': '- '},"{'Phy': '88 ', 'Mag': '42 ', 'Fir': '32 ', 'Lit': '50 ', 'Hol': '43 ', 'Bst': '54.52 ', 'Rst': '23 '}"
8568,Candletree Wooden Shield,Standard +18 ,"{'Phy': '155 ', 'Mag': '- ', 'Fir': '- ', 'Lit': '- ', 'Hol': '- ', 'Sta': '104 '}","{'Str': 'C ', 'Dex': '- ', 'Int': '- ', 'Fai': '- ', 'Arc': '- '}",{'Any': '- '},"{'Phy': '88 ', 'Mag': '42 ', 'Fir': '32 ', 'Lit': '50 ', 'Hol': '43 ', 'Bst': '54.99 ', 'Rst': '23 '}"
8569,Candletree Wooden Shield,Standard +19 ,"{'Phy': '159 ', 'Mag': '- ', 'Fir': '- ', 'Lit': '- ', 'Hol': '- ', 'Sta': '107 '}","{'Str': 'C ', 'Dex': '- ', 'Int': '- ', 'Fai': '- ', 'Arc': '- '}",{'Any': '- '},"{'Phy': '88 ', 'Mag': '42 ', 'Fir': '32 ', 'Lit': '50 ', 'Hol': '43 ', 'Bst': '55.46 ', 'Rst': '23 '}"
8570,Candletree Wooden Shield,Standard +20 ,"{'Phy': '164 ', 'Mag': '- ', 'Fir': '- ', 'Lit': '- ', 'Hol': '- ', 'Sta': '109 '}","{'Str': 'C ', 'Dex': '- ', 'Int': '- ', 'Fai': '- ', 'Arc': '- '}",{'Any': '- '},"{'Phy': '88 ', 'Mag': '42 ', 'Fir': '32 ', 'Lit': '50 ', 'Hol': '43 ', 'Bst': '55.93 ', 'Rst': '23 '}"
8571,Candletree Wooden Shield,Standard +21 ,"{'Phy': '168 ', 'Mag': '- ', 'Fir': '- ', 'Lit': '- ', 'Hol': '- ', 'Sta': '112 '}","{'Str': 'C ', 'Dex': '- ', 'Int': '- ', 'Fai': '- ', 'Arc': '- '}",{'Any': '- '},"{'Phy': '88 ', 'Mag': '42 ', 'Fir': '32 ', 'Lit': '50 ', 'Hol': '43 ', 'Bst': '56.4 ', 'Rst': '23 '}"
8572,Candletree Wooden Shield,Standard +22 ,"{'Phy': '172 ', 'Mag': '- ', 'Fir': '- ', 'Lit': '- ', 'Hol': '- ', 'Sta': '114 '}","{'Str': 'C ', 'Dex': '- ', 'Int': '- ', 'Fai': '- ', 'Arc': '- '}",{'Any': '- '},"{'Phy': '88 ', 'Mag': '42 ', 'Fir': '32 ', 'Lit': '50 ', 'Hol': '43 ', 'Bst': '56.87 ', 'Rst': '23 '}"
8573,Candletree Wooden Shield,Standard +23 ,"{'Phy': '177 ', 'Mag': '- ', 'Fir': '- ', 'Lit': '- ', 'Hol': '- ', 'Sta': '117 '}","{'Str': 'C ', 'Dex': '- ', 'Int': '- ', 'Fai': '- ', 'Arc': '- '}",{'Any': '- '},"{'Phy': '88 ', 'Mag': '42 ', 'Fir': '32 ', 'Lit': '50 ', 'Hol': '43 ', 'Bst': '57.34 ', 'Rst': '23 '}"
8574,Candletree Wooden Shield,Standard +24 ,"{'Phy': '181 ', 'Mag': '- ', 'Fir': '- ', 'Lit': '- ', 'Hol': '- ', 'Sta': '119 '}","{'Str': 'C ', 'Dex': '- ', 'Int': '- ', 'Fai': '- ', 'Arc': '- '}",{'Any': '- '},"{'Phy': '88 ', 'Mag': '42 ', 'Fir': '32 ', 'Lit': '50 ', 'Hol': '43 ', 'Bst': '57.81 ', 'Rst': '23 '}"
8575,Candletree Wooden Shield,Standard +25 ,"{'Phy': '186 ', 'Mag': '- ', 'Fir': '- ', 'Lit': '- ', 'Hol': '- ', 'Sta': '122 '}","{'Str': 'C ', 'Dex': '- ', 'Int': '- ', 'Fai': '- ', 'Arc': '- '}",{'Any': '- '},"{'Phy': '88 ', 'Mag': '42 ', 'Fir': '32 ', 'Lit': '50 ', 'Hol': '43 ', 'Bst': '58.28 ', 'Rst': '23 '}"
8888,Flame Crest Wooden Shield,Standard ,"{'Phy': '76 ', 'Mag': '- ', 'Fir': '- ', 'Lit': '- ', 'Hol': '- ', 'Sta': '61 '}","{'Str': 'D ', 'Dex': '- ', 'Int': '- ', 'Fai': '- ', 'Arc': '- '}",{'Any': '- '},"{'Phy': '89 ', 'Mag': '43 ', 'Fir': '32 ', 'Lit': '42 ', 'Hol': '50 ', 'Bst': '47 ', 'Rst': '23 '}"
8889,Flame Crest Wooden Shield,Standard +1 ,"{'Phy': '80 ', 'Mag': '- ', 'Fir': '- ', 'Lit': '- ', 'Hol': '- ', 'Sta': '63 '}","{'Str': 'D ', 'Dex': '- ', 'Int': '- ', 'Fai': '- ', 'Arc': '- '}",{'Any': '- '},"{'Phy': '89 ', 'Mag': '43 ', 'Fir': '32 ', 'Lit': '42 ', 'Hol': '50 ', 'Bst': '47 ', 'Rst': '23 '}"
8890,Flame Crest Wooden Shield,Standard +2 ,"{'Phy': '84 ', 'Mag': '- ', 'Fir': '- ', 'Lit': '- ', 'Hol': '- ', 'Sta': '65 '}","{'Str': 'D ', 'Dex': '- ', 'Int': '- ', 'Fai': '- ', 'Arc': '- '}",{'Any': '- '},"{'Phy': '89 ', 'Mag': '43 ', 'Fir': '32 ', 'Lit': '42 ', 'Hol': '50 ', 'Bst': '47.47 ', 'Rst': '23 '}"
8891,Flame Crest Wooden Shield,Standard +3 ,"{'Phy': '89 ', 'Mag': '- ', 'Fir': '- ', 'Lit': '- ', 'Hol': '- ', 'Sta': '68 '}","{'Str': 'D ', 'Dex': '- ', 'Int': '- ', 'Fai': '- ', 'Arc': '- '}",{'Any': '- '},"{'Phy': '89 ', 'Mag': '43 ', 'Fir': '32 ', 'Lit': '42 ', 'Hol': '50 ', 'Bst': '47.94 ', 'Rst': '23 '}"
8892,Flame Crest Wooden Shield,Standard +4 ,"{'Phy': '93 ', 'Mag': '- ', 'Fir': '- ', 'Lit': '- ', 'Hol': '- ', 'Sta': '70 '}","{'Str': 'D ', 'Dex': '- ', 'Int': '- ', 'Fai': '- ', 'Arc': '- '}",{'Any': '- '},"{'Phy': '89 ', 'Mag': '43 ', 'Fir': '32 ', 'Lit': '42 ', 'Hol': '50 ', 'Bst': '48.41 ', 'Rst': '23 '}"
8893,Flame Crest Wooden Shield,Standard +5 ,"{'Phy': '98 ', 'Mag': '- ', 'Fir': '- ', 'Lit': '- ', 'Hol': '- ', 'Sta': '73 '}","{'Str': 'D ', 'Dex': '- ', 'Int': '- ', 'Fai': '- ', 'Arc': '- '}",{'Any': '- '},"{'Phy': '89 ', 'Mag': '43 ', 'Fir': '32 ', 'Lit': '42 ', 'Hol': '50 ', 'Bst': '48.88 ', 'Rst': '23 '}"
8894,Flame Crest Wooden Shield,Standard +6 ,"{'Phy': '102 ', 'Mag': '- ', 'Fir': '- ', 'Lit': '- ', 'Hol': '- ', 'Sta': '75 '}","{'Str': 'D ', 'Dex': '- ', 'Int': '- ', 'Fai': '- ', 'Arc': '- '}",{'Any': '- '},"{'Phy': '89 ', 'Mag': '43 ', 'Fir': '32 ', 'Lit': '42 ', 'Hol': '50 ', 'Bst': '49.35 ', 'Rst': '23 '}"
8895,Flame Crest Wooden Shield,Standard +7 ,"{'Phy': '106 ', 'Mag': '- ', 'Fir': '- ', 'Lit': '- ', 'Hol': '- ', 'Sta': '78 '}","{'Str': 'D ', 'Dex': '- ', 'Int': '- ', 'Fai': '- ', 'Arc': '- '}",{'Any': '- '},"{'Phy': '89 ', 'Mag': '43 ', 'Fir': '32 ', 'Lit': '42 ', 'Hol': '50 ', 'Bst': '49.82 ', 'Rst': '23 '}"
8896,Flame Crest Wooden Shield,Standard +8 ,"{'Phy': '111 ', 'Mag': '- ', 'Fir': '- ', 'Lit': '- ', 'Hol': '- ', 'Sta': '80 '}","{'Str': 'D ', 'Dex': '- ', 'Int': '- ', 'Fai': '- ', 'Arc': '- '}",{'Any': '- '},"{'Phy': '89 ', 'Mag': '43 ', 'Fir': '32 ', 'Lit': '42 ', 'Hol': '50 ', 'Bst': '50.29 ', 'Rst': '23 '}"
8897,Flame Crest Wooden Shield,Standard +9 ,"{'Phy': '115 ', 'Mag': '- ', 'Fir': '- ', 'Lit': '- ', 'Hol': '- ', 'Sta': '82 '}","{'Str': 'D ', 'Dex': '- ', 'Int': '- ', 'Fai': '- ', 'Arc': '- '}",{'Any': '- '},"{'Phy': '89 ', 'Mag': '43 ', 'Fir': '32 ', 'Lit': '42 ', 'Hol': '50 ', 'Bst': '50.76 ', 'Rst': '23 '}"
8898,Flame Crest Wooden Shield,Standard +10 ,"{'Phy': '120 ', 'Mag': '- ', 'Fir': '- ', 'Lit': '- ', 'Hol': '- ', 'Sta': '85 '}","{'Str': 'D ', 'Dex': '- ', 'Int': '- ', 'Fai': '- ', 'Arc': '- '}",{'Any': '- '},"{'Phy': '89 ', 'Mag': '43 ', 'Fir': '32 ', 'Lit': '42 ', 'Hol': '50 ', 'Bst': '51.23 ', 'Rst': '23 '}"
8899,Flame Crest Wooden Shield,Standard +11 ,"{'Phy': '124 ', 'Mag': '- ', 'Fir': '- ', 'Lit': '- ', 'Hol': '- ', 'Sta': '87 '}","{'Str': 'D ', 'Dex': '- ', 'Int': '- ', 'Fai': '- ', 'Arc': '- '}",{'Any': '- '},"{'Phy': '89 ', 'Mag': '43 ', 'Fir': '32 ', 'Lit': '42 ', 'Hol': '50 ', 'Bst': '51.7 ', 'Rst': '23 '}"
8900,Flame Crest Wooden Shield,Standard +12 ,"{'Phy': '128 ', 'Mag': '- ', 'Fir': '- ', 'Lit': '- ', 'Hol': '- ', 'Sta': '90 '}","{'Str': 'D ', 'Dex': '- ', 'Int': '- ', 'Fai': '- ', 'Arc': '- '}",{'Any': '- '},"{'Phy': '89 ', 'Mag': '43 ', 'Fir': '32 ', 'Lit': '42 ', 'Hol': '50 ', 'Bst': '52.17 ', 'Rst': '23 '}"
8901,Flame Crest Wooden Shield,Standard +13 ,"{'Phy': '133 ', 'Mag': '- ', 'Fir': '- ', 'Lit': '- ', 'Hol': '- ', 'Sta': '92 '}","{'Str': 'D ', 'Dex': '- ', 'Int': '- ', 'Fai': '- ', 'Arc': '- '}",{'Any': '- '},"{'Phy': '89 ', 'Mag': '43 ', 'Fir': '32 ', 'Lit': '42 ', 'Hol': '50 ', 'Bst': '52.64 ', 'Rst': '23 '}"
8902,Flame Crest Wooden Shield,Standard +14 ,"{'Phy': '137 ', 'Mag': '- ', 'Fir': '- ', 'Lit': '- ', 'Hol': '- ', 'Sta': '95 '}","{'Str': 'C ', 'Dex': '- ', 'Int': '- ', 'Fai': '- ', 'Arc': '- '}",{'Any': '- '},"{'Phy': '89 ', 'Mag': '43 ', 'Fir': '32 ', 'Lit': '42 ', 'Hol': '50 ', 'Bst': '53.11 ', 'Rst': '23 '}"
8903,Flame Crest Wooden Shield,Standard +15 ,"{'Phy': '142 ', 'Mag': '- ', 'Fir': '- ', 'Lit': '- ', 'Hol': '- ', 'Sta': '97 '}","{'Str': 'C ', 'Dex': '- ', 'Int': '- ', 'Fai': '- ', 'Arc': '- '}",{'Any': '- '},"{'Phy': '89 ', 'Mag': '43 ', 'Fir': '32 ', 'Lit': '42 ', 'Hol': '50 ', 'Bst': '53.58 ', 'Rst': '23 '}"
8904,Flame Crest Wooden Shield,Standard +16 ,"{'Phy': '146 ', 'Mag': '- ', 'Fir': '- ', 'Lit': '- ', 'Hol': '- ', 'Sta': '100 '}","{'Str': 'C ', 'Dex': '- ', 'Int': '- ', 'Fai': '- ', 'Arc': '- '}",{'Any': '- '},"{'Phy': '89 ', 'Mag': '43 ', 'Fir': '32 ', 'Lit': '42 ', 'Hol': '50 ', 'Bst': '54.05 ', 'Rst': '23 '}"
8905,Flame Crest Wooden Shield,Standard +17 ,"{'Phy': '150 ', 'Mag': '- ', 'Fir': '- ', 'Lit': '- ', 'Hol': '- ', 'Sta': '102 '}","{'Str': 'C ', 'Dex': '- ', 'Int': '- ', 'Fai': '- ', 'Arc': '- '}",{'Any': '- '},"{'Phy': '89 ', 'Mag': '43 ', 'Fir': '32 ', 'Lit': '42 ', 'Hol': '50 ', 'Bst': '54.52 ', 'Rst': '23 '}"
8906,Flame Crest Wooden Shield,Standard +18 ,"{'Phy': '155 ', 'Mag': '- ', 'Fir': '- ', 'Lit': '- ', 'Hol': '- ', 'Sta': '104 '}","{'Str': 'C ', 'Dex': '- ', 'Int': '- ', 'Fai': '- ', 'Arc': '- '}",{'Any': '- '},"{'Phy': '89 ', 'Mag': '43 ', 'Fir': '32 ', 'Lit': '42 ', 'Hol': '50 ', 'Bst': '54.99 ', 'Rst': '23 '}"
8907,Flame Crest Wooden Shield,Standard +19 ,"{'Phy': '159 ', 'Mag': '- ', 'Fir': '- ', 'Lit': '- ', 'Hol': '- ', 'Sta': '107 '}","{'Str': 'C ', 'Dex': '- ', 'Int': '- ', 'Fai': '- ', 'Arc': '- '}",{'Any': '- '},"{'Phy': '89 ', 'Mag': '43 ', 'Fir': '32 ', 'Lit': '42 ', 'Hol': '50 ', 'Bst': '55.46 ', 'Rst': '23 '}"
8908,Flame Crest Wooden Shield,Standard +20 ,"{'Phy': '164 ', 'Mag': '- ', 'Fir': '- ', 'Lit': '- ', 'Hol': '- ', 'Sta': '109 '}","{'Str': 'C ', 'Dex': '- ', 'Int': '- ', 'Fai': '- ', 'Arc': '- '}",{'Any': '- '},"{'Phy': '89 ', 'Mag': '43 ', 'Fir': '32 ', 'Lit': '42 ', 'Hol': '50 ', 'Bst': '55.93 ', 'Rst': '23 '}"
8909,Flame Crest Wooden Shield,Standard +21 ,"{'Phy': '168 ', 'Mag': '- ', 'Fir': '- ', 'Lit': '- ', 'Hol': '- ', 'Sta': '112 '}","{'Str': 'C ', 'Dex': '- ', 'Int': '- ', 'Fai': '- ', 'Arc': '- '}",{'Any': '- '},"{'Phy': '89 ', 'Mag': '43 ', 'Fir': '32 ', 'Lit': '42 ', 'Hol': '50 ', 'Bst': '56.4 ', 'Rst': '23 '}"
8910,Flame Crest Wooden Shield,Standard +22 ,"{'Phy': '172 ', 'Mag': '- ', 'Fir': '- ', 'Lit': '- ', 'Hol': '- ', 'Sta': '114 '}","{'Str': 'C ', 'Dex': '- ', 'Int': '- ', 'Fai': '- ', 'Arc': '- '}",{'Any': '- '},"{'Phy': '89 ', 'Mag': '43 ', 'Fir': '32 ', 'Lit': '42 ', 'Hol': '50 ', 'Bst': '56.87 ', 'Rst': '23 '}"
8911,Flame Crest Wooden Shield,Standard +23 ,"{'Phy': '177 ', 'Mag': '- ', 'Fir': '- ', 'Lit': '- ', 'Hol': '- ', 'Sta': '117 '}","{'Str': 'C ', 'Dex': '- ', 'Int': '- ', 'Fai': '- ', 'Arc': '- '}",{'Any': '- '},"{'Phy': '89 ', 'Mag': '43 ', 'Fir': '32 ', 'Lit': '42 ', 'Hol': '50 ', 'Bst': '57.34 ', 'Rst': '23 '}"
8912,Flame Crest Wooden Shield,Standard +24 ,"{'Phy': '181 ', 'Mag': '- ', 'Fir': '- ', 'Lit': '- ', 'Hol': '- ', 'Sta': '119 '}","{'Str': 'C ', 'Dex': '- ', 'Int': '- ', 'Fai': '- ', 'Arc': '- '}",{'Any': '- '},"{'Phy': '89 ', 'Mag': '43 ', 'Fir': '32 ', 'Lit': '42 ', 'Hol': '50 ', 'Bst': '57.81 ', 'Rst': '23 '}"
8913,Flame Crest Wooden Shield,Standard +25 ,"{'Phy': '186 ', 'Mag': '- ', 'Fir': '- ', 'Lit': '- ', 'Hol': '- ', 'Sta': '122 '}","{'Str': 'C ', 'Dex': '- ', 'Int': '- ', 'Fai': '- ', 'Arc': '- '}",{'Any': '- '},"{'Phy': '89 ', 'Mag': '43 ', 'Fir': '32 ', 'Lit': '42 ', 'Hol': '50 ', 'Bst': '58.28 ', 'Rst': '23 '}"
9226,Marred Wooden Shield,Standard ,"{'Phy': '76 ', 'Mag': '- ', 'Fir': '- ', 'Lit': '- ', 'Hol': '- ', 'Sta': '60 '}","{'Str': 'D ', 'Dex': '- ', 'Int': '- ', 'Fai': '- ', 'Arc': '- '}",{'Any': '(50) Hemorrhage '},"{'Phy': '86 ', 'Mag': '52 ', 'Fir': '27 ', 'Lit': '50 ', 'Hol': '49 ', 'Bst': '48 ', 'Rst': '23 '}"
9227,Marred Wooden Shield,Standard +1 ,"{'Phy': '80 ', 'Mag': '- ', 'Fir': '- ', 'Lit': '- ', 'Hol': '- ', 'Sta': '62 '}","{'Str': 'D ', 'Dex': '- ', 'Int': '- ', 'Fai': '- ', 'Arc': '- '}",{'Any': '(50) Hemorrhage '},"{'Phy': '86 ', 'Mag': '52 ', 'Fir': '27 ', 'Lit': '50 ', 'Hol': '49 ', 'Bst': '48 ', 'Rst': '23 '}"
9228,Marred Wooden Shield,Standard +2 ,"{'Phy': '84 ', 'Mag': '- ', 'Fir': '- ', 'Lit': '- ', 'Hol': '- ', 'Sta': '64 '}","{'Str': 'D ', 'Dex': '- ', 'Int': '- ', 'Fai': '- ', 'Arc': '- '}",{'Any': '(50) Hemorrhage '},"{'Phy': '86 ', 'Mag': '52 ', 'Fir': '27 ', 'Lit': '50 ', 'Hol': '49 ', 'Bst': '48.48 ', 'Rst': '23 '}"
9229,Marred Wooden Shield,Standard +3 ,"{'Phy': '89 ', 'Mag': '- ', 'Fir': '- ', 'Lit': '- ', 'Hol': '- ', 'Sta': '67 '}","{'Str': 'D ', 'Dex': '- ', 'Int': '- ', 'Fai': '- ', 'Arc': '- '}",{'Any': '(50) Hemorrhage '},"{'Phy': '86 ', 'Mag': '52 ', 'Fir': '27 ', 'Lit': '50 ', 'Hol': '49 ', 'Bst': '48.96 ', 'Rst': '23 '}"
9230,Marred Wooden Shield,Standard +4 ,"{'Phy': '93 ', 'Mag': '- ', 'Fir': '- ', 'Lit': '- ', 'Hol': '- ', 'Sta': '69 '}","{'Str': 'D ', 'Dex': '- ', 'Int': '- ', 'Fai': '- ', 'Arc': '- '}",{'Any': '(50) Hemorrhage '},"{'Phy': '86 ', 'Mag': '52 ', 'Fir': '27 ', 'Lit': '50 ', 'Hol': '49 ', 'Bst': '49.44 ', 'Rst': '23 '}"
9231,Marred Wooden Shield,Standard +5 ,"{'Phy': '98 ', 'Mag': '- ', 'Fir': '- ', 'Lit': '- ', 'Hol': '- ', 'Sta': '72 '}","{'Str': 'D ', 'Dex': '- ', 'Int': '- ', 'Fai': '- ', 'Arc': '- '}",{'Any': '(50) Hemorrhage '},"{'Phy': '86 ', 'Mag': '52 ', 'Fir': '27 ', 'Lit': '50 ', 'Hol': '49 ', 'Bst': '49.92 ', 'Rst': '23 '}"
9232,Marred Wooden Shield,Standard +6 ,"{'Phy': '102 ', 'Mag': '- ', 'Fir': '- ', 'Lit': '- ', 'Hol': '- ', 'Sta': '74 '}","{'Str': 'D ', 'Dex': '- ', 'Int': '- ', 'Fai': '- ', 'Arc': '- '}",{'Any': '(50) Hemorrhage '},"{'Phy': '86 ', 'Mag': '52 ', 'Fir': '27 ', 'Lit': '50 ', 'Hol': '49 ', 'Bst': '50.4 ', 'Rst': '23 '}"
9233,Marred Wooden Shield,Standard +7 ,"{'Phy': '106 ', 'Mag': '- ', 'Fir': '- ', 'Lit': '- ', 'Hol': '- ', 'Sta': '76 '}","{'Str': 'D ', 'Dex': '- ', 'Int': '- ', 'Fai': '- ', 'Arc': '- '}",{'Any': '(50) Hemorrhage '},"{'Phy': '86 ', 'Mag': '52 ', 'Fir': '27 ', 'Lit': '50 ', 'Hol': '49 ', 'Bst': '50.88 ', 'Rst': '23 '}"
9234,Marred Wooden Shield,Standard +8 ,"{'Phy': '111 ', 'Mag': '- ', 'Fir': '- ', 'Lit': '- ', 'Hol': '- ', 'Sta': '79 '}","{'Str': 'D ', 'Dex': '- ', 'Int': '- ', 'Fai': '- ', 'Arc': '- '}",{'Any': '(50) Hemorrhage '},"{'Phy': '86 ', 'Mag': '52 ', 'Fir': '27 ', 'Lit': '50 ', 'Hol': '49 ', 'Bst': '51.36 ', 'Rst': '23 '}"
9235,Marred Wooden Shield,Standard +9 ,"{'Phy': '115 ', 'Mag': '- ', 'Fir': '- ', 'Lit': '- ', 'Hol': '- ', 'Sta': '81 '}","{'Str': 'D ', 'Dex': '- ', 'Int': '- ', 'Fai': '- ', 'Arc': '- '}",{'Any': '(50) Hemorrhage '},"{'Phy': '86 ', 'Mag': '52 ', 'Fir': '27 ', 'Lit': '50 ', 'Hol': '49 ', 'Bst': '51.84 ', 'Rst': '23 '}"
9236,Marred Wooden Shield,Standard +10 ,"{'Phy': '120 ', 'Mag': '- ', 'Fir': '- ', 'Lit': '- ', 'Hol': '- ', 'Sta': '84 '}","{'Str': 'D ', 'Dex': '- ', 'Int': '- ', 'Fai': '- ', 'Arc': '- '}",{'Any': '(50) Hemorrhage '},"{'Phy': '86 ', 'Mag': '52 ', 'Fir': '27 ', 'Lit': '50 ', 'Hol': '49 ', 'Bst': '52.32 ', 'Rst': '23 '}"
9237,Marred Wooden Shield,Standard +11 ,"{'Phy': '124 ', 'Mag': '- ', 'Fir': '- ', 'Lit': '- ', 'Hol': '- ', 'Sta': '86 '}","{'Str': 'D ', 'Dex': '- ', 'Int': '- ', 'Fai': '- ', 'Arc': '- '}",{'Any': '(50) Hemorrhage '},"{'Phy': '86 ', 'Mag': '52 ', 'Fir': '27 ', 'Lit': '50 ', 'Hol': '49 ', 'Bst': '52.8 ', 'Rst': '23 '}"
9238,Marred Wooden Shield,Standard +12 ,"{'Phy': '128 ', 'Mag': '- ', 'Fir': '- ', 'Lit': '- ', 'Hol': '- ', 'Sta': '88 '}","{'Str': 'D ', 'Dex': '- ', 'Int': '- ', 'Fai': '- ', 'Arc': '- '}",{'Any': '(50) Hemorrhage '},"{'Phy': '86 ', 'Mag': '52 ', 'Fir': '27 ', 'Lit': '50 ', 'Hol': '49 ', 'Bst': '53.28 ', 'Rst': '23 '}"
9239,Marred Wooden Shield,Standard +13 ,"{'Phy': '133 ', 'Mag': '- ', 'Fir': '- ', 'Lit': '- ', 'Hol': '- ', 'Sta': '91 '}","{'Str': 'D ', 'Dex': '- ', 'Int': '- ', 'Fai': '- ', 'Arc': '- '}",{'Any': '(50) Hemorrhage '},"{'Phy': '86 ', 'Mag': '52 ', 'Fir': '27 ', 'Lit': '50 ', 'Hol': '49 ', 'Bst': '53.76 ', 'Rst': '23 '}"
9240,Marred Wooden Shield,Standard +14 ,"{'Phy': '137 ', 'Mag': '- ', 'Fir': '- ', 'Lit': '- ', 'Hol': '- ', 'Sta': '93 '}","{'Str': 'C ', 'Dex': '- ', 'Int': '- ', 'Fai': '- ', 'Arc': '- '}",{'Any': '(50) Hemorrhage '},"{'Phy': '86 ', 'Mag': '52 ', 'Fir': '27 ', 'Lit': '50 ', 'Hol': '49 ', 'Bst': '54.24 ', 'Rst': '23 '}"
9241,Marred Wooden Shield,Standard +15 ,"{'Phy': '142 ', 'Mag': '- ', 'Fir': '- ', 'Lit': '- ', 'Hol': '- ', 'Sta': '96 '}","{'Str': 'C ', 'Dex': '- ', 'Int': '- ', 'Fai': '- ', 'Arc': '- '}",{'Any': '(50) Hemorrhage '},"{'Phy': '86 ', 'Mag': '52 ', 'Fir': '27 ', 'Lit': '50 ', 'Hol': '49 ', 'Bst': '54.72 ', 'Rst': '23 '}"
9242,Marred Wooden Shield,Standard +16 ,"{'Phy': '146 ', 'Mag': '- ', 'Fir': '- ', 'Lit': '- ', 'Hol': '- ', 'Sta': '98 '}","{'Str': 'C ', 'Dex': '- ', 'Int': '- ', 'Fai': '- ', 'Arc': '- '}",{'Any': '(50) Hemorrhage '},"{'Phy': '86 ', 'Mag': '52 ', 'Fir': '27 ', 'Lit': '50 ', 'Hol': '49 ', 'Bst': '55.2 ', 'Rst': '23 '}"
9243,Marred Wooden Shield,Standard +17 ,"{'Phy': '150 ', 'Mag': '- ', 'Fir': '- ', 'Lit': '- ', 'Hol': '- ', 'Sta': '100 '}","{'Str': 'C ', 'Dex': '- ', 'Int': '- ', 'Fai': '- ', 'Arc': '- '}",{'Any': '(50) Hemorrhage '},"{'Phy': '86 ', 'Mag': '52 ', 'Fir': '27 ', 'Lit': '50 ', 'Hol': '49 ', 'Bst': '55.68 ', 'Rst': '23 '}"
9244,Marred Wooden Shield,Standard +18 ,"{'Phy': '155 ', 'Mag': '- ', 'Fir': '- ', 'Lit': '- ', 'Hol': '- ', 'Sta': '103 '}","{'Str': 'C ', 'Dex': '- ', 'Int': '- ', 'Fai': '- ', 'Arc': '- '}",{'Any': '(50) Hemorrhage '},"{'Phy': '86 ', 'Mag': '52 ', 'Fir': '27 ', 'Lit': '50 ', 'Hol': '49 ', 'Bst': '56.16 ', 'Rst': '23 '}"
9245,Marred Wooden Shield,Standard +19 ,"{'Phy': '159 ', 'Mag': '- ', 'Fir': '- ', 'Lit': '- ', 'Hol': '- ', 'Sta': '105 '}","{'Str': 'C ', 'Dex': '- ', 'Int': '- ', 'Fai': '- ', 'Arc': '- '}",{'Any': '(50) Hemorrhage '},"{'Phy': '86 ', 'Mag': '52 ', 'Fir': '27 ', 'Lit': '50 ', 'Hol': '49 ', 'Bst': '56.64 ', 'Rst': '23 '}"
9246,Marred Wooden Shield,Standard +20 ,"{'Phy': '164 ', 'Mag': '- ', 'Fir': '- ', 'Lit': '- ', 'Hol': '- ', 'Sta': '108 '}","{'Str': 'C ', 'Dex': '- ', 'Int': '- ', 'Fai': '- ', 'Arc': '- '}",{'Any': '(50) Hemorrhage '},"{'Phy': '86 ', 'Mag': '52 ', 'Fir': '27 ', 'Lit': '50 ', 'Hol': '49 ', 'Bst': '57.12 ', 'Rst': '23 '}"
9247,Marred Wooden Shield,Standard +21 ,"{'Phy': '168 ', 'Mag': '- ', 'Fir': '- ', 'Lit': '- ', 'Hol': '- ', 'Sta': '110 '}","{'Str': 'C ', 'Dex': '- ', 'Int': '- ', 'Fai': '- ', 'Arc': '- '}",{'Any': '(50) Hemorrhage '},"{'Phy': '86 ', 'Mag': '52 ', 'Fir': '27 ', 'Lit': '50 ', 'Hol': '49 ', 'Bst': '57.6 ', 'Rst': '23 '}"
9248,Marred Wooden Shield,Standard +22 ,"{'Phy': '172 ', 'Mag': '- ', 'Fir': '- ', 'Lit': '- ', 'Hol': '- ', 'Sta': '112 '}","{'Str': 'C ', 'Dex': '- ', 'Int': '- ', 'Fai': '- ', 'Arc': '- '}",{'Any': '(50) Hemorrhage '},"{'Phy': '86 ', 'Mag': '52 ', 'Fir': '27 ', 'Lit': '50 ', 'Hol': '49 ', 'Bst': '58.08 ', 'Rst': '23 '}"
9249,Marred Wooden Shield,Standard +23 ,"{'Phy': '177 ', 'Mag': '- ', 'Fir': '- ', 'Lit': '- ', 'Hol': '- ', 'Sta': '115 '}","{'Str': 'C ', 'Dex': '- ', 'Int': '- ', 'Fai': '- ', 'Arc': '- '}",{'Any': '(50) Hemorrhage '},"{'Phy': '86 ', 'Mag': '52 ', 'Fir': '27 ', 'Lit': '50 ', 'Hol': '49 ', 'Bst': '58.56 ', 'Rst': '23 '}"
9250,Marred Wooden Shield,Standard +24 ,"{'Phy': '181 ', 'Mag': '- ', 'Fir': '- ', 'Lit': '- ', 'Hol': '- ', 'Sta': '117 '}","{'Str': 'C ', 'Dex': '- ', 'Int': '- ', 'Fai': '- ', 'Arc': '- '}",{'Any': '(50) Hemorrhage '},"{'Phy': '86 ', 'Mag': '52 ', 'Fir': '27 ', 'Lit': '50 ', 'Hol': '49 ', 'Bst': '59.04 ', 'Rst': '23 '}"
9251,Marred Wooden Shield,Standard +25 ,"{'Phy': '186 ', 'Mag': '- ', 'Fir': '- ', 'Lit': '- ', 'Hol': '- ', 'Sta': '120 '}","{'Str': 'C ', 'Dex': '- ', 'Int': '- ', 'Fai': '- ', 'Arc': '- '}",{'Any': '(50) Hemorrhage '},"{'Phy': '86 ', 'Mag': '52 ', 'Fir': '27 ', 'Lit': '50 ', 'Hol': '49 ', 'Bst': '59.52 ', 'Rst': '23 '}"
9564,Sun Realm Shield,Standard ,"{'Phy': '74 ', 'Mag': '- ', 'Fir': '- ', 'Lit': '- ', 'Hol': '- ', 'Sta': '58 '}","{'Str': 'D ', 'Dex': '- ', 'Int': '- ', 'Fai': '- ', 'Arc': '- '}",{'Any': '- '},"{'Phy': '86 ', 'Mag': '44 ', 'Fir': '27 ', 'Lit': '40 ', 'Hol': '56 ', 'Bst': '48 ', 'Rst': '22 '}"
9565,Sun Realm Shield,Standard +1 ,"{'Phy': '78 ', 'Mag': '- ', 'Fir': '- ', 'Lit': '- ', 'Hol': '- ', 'Sta': '60 '}","{'Str': 'D ', 'Dex': '- ', 'Int': '- ', 'Fai': '- ', 'Arc': '- '}",{'Any': '- '},"{'Phy': '86 ', 'Mag': '44 ', 'Fir': '27 ', 'Lit': '40 ', 'Hol': '56 ', 'Bst': '48 ', 'Rst': '22 '}"
9566,Sun Realm Shield,Standard +2 ,"{'Phy': '82 ', 'Mag': '- ', 'Fir': '- ', 'Lit': '- ', 'Hol': '- ', 'Sta': '62 '}","{'Str': 'D ', 'Dex': '- ', 'Int': '- ', 'Fai': '- ', 'Arc': '- '}",{'Any': '- '},"{'Phy': '86 ', 'Mag': '44 ', 'Fir': '27 ', 'Lit': '40 ', 'Hol': '56 ', 'Bst': '48.48 ', 'Rst': '22 '}"
9567,Sun Realm Shield,Standard +3 ,"{'Phy': '86 ', 'Mag': '- ', 'Fir': '- ', 'Lit': '- ', 'Hol': '- ', 'Sta': '64 '}","{'Str': 'D ', 'Dex': '- ', 'Int': '- ', 'Fai': '- ', 'Arc': '- '}",{'Any': '- '},"{'Phy': '86 ', 'Mag': '44 ', 'Fir': '27 ', 'Lit': '40 ', 'Hol': '56 ', 'Bst': '48.96 ', 'Rst': '22 '}"
9568,Sun Realm Shield,Standard +4 ,"{'Phy': '91 ', 'Mag': '- ', 'Fir': '- ', 'Lit': '- ', 'Hol': '- ', 'Sta': '67 '}","{'Str': 'D ', 'Dex': '- ', 'Int': '- ', 'Fai': '- ', 'Arc': '- '}",{'Any': '- '},"{'Phy': '86 ', 'Mag': '44 ', 'Fir': '27 ', 'Lit': '40 ', 'Hol': '56 ', 'Bst': '49.44 ', 'Rst': '22 '}"
9569,Sun Realm Shield,Standard +5 ,"{'Phy': '95 ', 'Mag': '- ', 'Fir': '- ', 'Lit': '- ', 'Hol': '- ', 'Sta': '69 '}","{'Str': 'D ', 'Dex': '- ', 'Int': '- ', 'Fai': '- ', 'Arc': '- '}",{'Any': '- '},"{'Phy': '86 ', 'Mag': '44 ', 'Fir': '27 ', 'Lit': '40 ', 'Hol': '56 ', 'Bst': '49.92 ', 'Rst': '22 '}"
9570,Sun Realm Shield,Standard +6 ,"{'Phy': '99 ', 'Mag': '- ', 'Fir': '- ', 'Lit': '- ', 'Hol': '- ', 'Sta': '71 '}","{'Str': 'D ', 'Dex': '- ', 'Int': '- ', 'Fai': '- ', 'Arc': '- '}",{'Any': '- '},"{'Phy': '86 ', 'Mag': '44 ', 'Fir': '27 ', 'Lit': '40 ', 'Hol': '56 ', 'Bst': '50.4 ', 'Rst': '22 '}"
9571,Sun Realm Shield,Standard +7 ,"{'Phy': '104 ', 'Mag': '- ', 'Fir': '- ', 'Lit': '- ', 'Hol': '- ', 'Sta': '74 '}","{'Str': 'D ', 'Dex': '- ', 'Int': '- ', 'Fai': '- ', 'Arc': '- '}",{'Any': '- '},"{'Phy': '86 ', 'Mag': '44 ', 'Fir': '27 ', 'Lit': '40 ', 'Hol': '56 ', 'Bst': '50.88 ', 'Rst': '22 '}"
9572,Sun Realm Shield,Standard +8 ,"{'Phy': '108 ', 'Mag': '- ', 'Fir': '- ', 'Lit': '- ', 'Hol': '- ', 'Sta': '76 '}","{'Str': 'D ', 'Dex': '- ', 'Int': '- ', 'Fai': '- ', 'Arc': '- '}",{'Any': '- '},"{'Phy': '86 ', 'Mag': '44 ', 'Fir': '27 ', 'Lit': '40 ', 'Hol': '56 ', 'Bst': '51.36 ', 'Rst': '22 '}"
9573,Sun Realm Shield,Standard +9 ,"{'Phy': '112 ', 'Mag': '- ', 'Fir': '- ', 'Lit': '- ', 'Hol': '- ', 'Sta': '78 '}","{'Str': 'D ', 'Dex': '- ', 'Int': '- ', 'Fai': '- ', 'Arc': '- '}",{'Any': '- '},"{'Phy': '86 ', 'Mag': '44 ', 'Fir': '27 ', 'Lit': '40 ', 'Hol': '56 ', 'Bst': '51.84 ', 'Rst': '22 '}"
9574,Sun Realm Shield,Standard +10 ,"{'Phy': '116 ', 'Mag': '- ', 'Fir': '- ', 'Lit': '- ', 'Hol': '- ', 'Sta': '81 '}","{'Str': 'D ', 'Dex': '- ', 'Int': '- ', 'Fai': '- ', 'Arc': '- '}",{'Any': '- '},"{'Phy': '86 ', 'Mag': '44 ', 'Fir': '27 ', 'Lit': '40 ', 'Hol': '56 ', 'Bst': '52.32 ', 'Rst': '22 '}"
9575,Sun Realm Shield,Standard +11 ,"{'Phy': '121 ', 'Mag': '- ', 'Fir': '- ', 'Lit': '- ', 'Hol': '- ', 'Sta': '83 '}","{'Str': 'D ', 'Dex': '- ', 'Int': '- ', 'Fai': '- ', 'Arc': '- '}",{'Any': '- '},"{'Phy': '86 ', 'Mag': '44 ', 'Fir': '27 ', 'Lit': '40 ', 'Hol': '56 ', 'Bst': '52.8 ', 'Rst': '22 '}"
9576,Sun Realm Shield,Standard +12 ,"{'Phy': '125 ', 'Mag': '- ', 'Fir': '- ', 'Lit': '- ', 'Hol': '- ', 'Sta': '85 '}","{'Str': 'D ', 'Dex': '- ', 'Int': '- ', 'Fai': '- ', 'Arc': '- '}",{'Any': '- '},"{'Phy': '86 ', 'Mag': '44 ', 'Fir': '27 ', 'Lit': '40 ', 'Hol': '56 ', 'Bst': '53.28 ', 'Rst': '22 '}"
9577,Sun Realm Shield,Standard +13 ,"{'Phy': '129 ', 'Mag': '- ', 'Fir': '- ', 'Lit': '- ', 'Hol': '- ', 'Sta': '88 '}","{'Str': 'D ', 'Dex': '- ', 'Int': '- ', 'Fai': '- ', 'Arc': '- '}",{'Any': '- '},"{'Phy': '86 ', 'Mag': '44 ', 'Fir': '27 ', 'Lit': '40 ', 'Hol': '56 ', 'Bst': '53.76 ', 'Rst': '22 '}"
9578,Sun Realm Shield,Standard +14 ,"{'Phy': '134 ', 'Mag': '- ', 'Fir': '- ', 'Lit': '- ', 'Hol': '- ', 'Sta': '90 '}","{'Str': 'C ', 'Dex': '- ', 'Int': '- ', 'Fai': '- ', 'Arc': '- '}",{'Any': '- '},"{'Phy': '86 ', 'Mag': '44 ', 'Fir': '27 ', 'Lit': '40 ', 'Hol': '56 ', 'Bst': '54.24 ', 'Rst': '22 '}"
9579,Sun Realm Shield,Standard +15 ,"{'Phy': '138 ', 'Mag': '- ', 'Fir': '- ', 'Lit': '- ', 'Hol': '- ', 'Sta': '92 '}","{'Str': 'C ', 'Dex': '- ', 'Int': '- ', 'Fai': '- ', 'Arc': '- '}",{'Any': '- '},"{'Phy': '86 ', 'Mag': '44 ', 'Fir': '27 ', 'Lit': '40 ', 'Hol': '56 ', 'Bst': '54.72 ', 'Rst': '22 '}"
9580,Sun Realm Shield,Standard +16 ,"{'Phy': '142 ', 'Mag': '- ', 'Fir': '- ', 'Lit': '- ', 'Hol': '- ', 'Sta': '95 '}","{'Str': 'C ', 'Dex': '- ', 'Int': '- ', 'Fai': '- ', 'Arc': '- '}",{'Any': '- '},"{'Phy': '86 ', 'Mag': '44 ', 'Fir': '27 ', 'Lit': '40 ', 'Hol': '56 ', 'Bst': '55.2 ', 'Rst': '22 '}"
9581,Sun Realm Shield,Standard +17 ,"{'Phy': '146 ', 'Mag': '- ', 'Fir': '- ', 'Lit': '- ', 'Hol': '- ', 'Sta': '97 '}","{'Str': 'C ', 'Dex': '- ', 'Int': '- ', 'Fai': '- ', 'Arc': '- '}",{'Any': '- '},"{'Phy': '86 ', 'Mag': '44 ', 'Fir': '27 ', 'Lit': '40 ', 'Hol': '56 ', 'Bst': '55.68 ', 'Rst': '22 '}"
9582,Sun Realm Shield,Standard +18 ,"{'Phy': '151 ', 'Mag': '- ', 'Fir': '- ', 'Lit': '- ', 'Hol': '- ', 'Sta': '99 '}","{'Str': 'C ', 'Dex': '- ', 'Int': '- ', 'Fai': '- ', 'Arc': '- '}",{'Any': '- '},"{'Phy': '86 ', 'Mag': '44 ', 'Fir': '27 ', 'Lit': '40 ', 'Hol': '56 ', 'Bst': '56.16 ', 'Rst': '22 '}"
9583,Sun Realm Shield,Standard +19 ,"{'Phy': '155 ', 'Mag': '- ', 'Fir': '- ', 'Lit': '- ', 'Hol': '- ', 'Sta': '102 '}","{'Str': 'C ', 'Dex': '- ', 'Int': '- ', 'Fai': '- ', 'Arc': '- '}",{'Any': '- '},"{'Phy': '86 ', 'Mag': '44 ', 'Fir': '27 ', 'Lit': '40 ', 'Hol': '56 ', 'Bst': '56.64 ', 'Rst': '22 '}"
9584,Sun Realm Shield,Standard +20 ,"{'Phy': '159 ', 'Mag': '- ', 'Fir': '- ', 'Lit': '- ', 'Hol': '- ', 'Sta': '104 '}","{'Str': 'C ', 'Dex': '- ', 'Int': '- ', 'Fai': '- ', 'Arc': '- '}",{'Any': '- '},"{'Phy': '86 ', 'Mag': '44 ', 'Fir': '27 ', 'Lit': '40 ', 'Hol': '56 ', 'Bst': '57.12 ', 'Rst': '22 '}"
9585,Sun Realm Shield,Standard +21 ,"{'Phy': '164 ', 'Mag': '- ', 'Fir': '- ', 'Lit': '- ', 'Hol': '- ', 'Sta': '106 '}","{'Str': 'C ', 'Dex': '- ', 'Int': '- ', 'Fai': '- ', 'Arc': '- '}",{'Any': '- '},"{'Phy': '86 ', 'Mag': '44 ', 'Fir': '27 ', 'Lit': '40 ', 'Hol': '56 ', 'Bst': '57.6 ', 'Rst': '22 '}"
9586,Sun Realm Shield,Standard +22 ,"{'Phy': '168 ', 'Mag': '- ', 'Fir': '- ', 'Lit': '- ', 'Hol': '- ', 'Sta': '109 '}","{'Str': 'C ', 'Dex': '- ', 'Int': '- ', 'Fai': '- ', 'Arc': '- '}",{'Any': '- '},"{'Phy': '86 ', 'Mag': '44 ', 'Fir': '27 ', 'Lit': '40 ', 'Hol': '56 ', 'Bst': '58.08 ', 'Rst': '22 '}"
9587,Sun Realm Shield,Standard +23 ,"{'Phy': '172 ', 'Mag': '- ', 'Fir': '- ', 'Lit': '- ', 'Hol': '- ', 'Sta': '111 '}","{'Str': 'C ', 'Dex': '- ', 'Int': '- ', 'Fai': '- ', 'Arc': '- '}",{'Any': '- '},"{'Phy': '86 ', 'Mag': '44 ', 'Fir': '27 ', 'Lit': '40 ', 'Hol': '56 ', 'Bst': '58.56 ', 'Rst': '22 '}"
9588,Sun Realm Shield,Standard +24 ,"{'Phy': '177 ', 'Mag': '- ', 'Fir': '- ', 'Lit': '- ', 'Hol': '- ', 'Sta': '113 '}","{'Str': 'C ', 'Dex': '- ', 'Int': '- ', 'Fai': '- ', 'Arc': '- '}",{'Any': '- '},"{'Phy': '86 ', 'Mag': '44 ', 'Fir': '27 ', 'Lit': '40 ', 'Hol': '56 ', 'Bst': '59.04 ', 'Rst': '22 '}"
9589,Sun Realm Shield,Standard +25 ,"{'Phy': '181 ', 'Mag': '- ', 'Fir': '- ', 'Lit': '- ', 'Hol': '- ', 'Sta': '116 '}","{'Str': 'C ', 'Dex': '- ', 'Int': '- ', 'Fai': '- ', 'Arc': '- '}",{'Any': '- '},"{'Phy': '86 ', 'Mag': '44 ', 'Fir': '27 ', 'Lit': '40 ', 'Hol': '56 ', 'Bst': '59.52 ', 'Rst': '22 '}"
9902,Round Shield,Standard ,"{'Phy': '76 ', 'Mag': '- ', 'Fir': '- ', 'Lit': '- ', 'Hol': '- ', 'Sta': '60 '}","{'Str': 'D ', 'Dex': '- ', 'Int': '- ', 'Fai': '- ', 'Arc': '- '}",{'Any': '- '},"{'Phy': '88 ', 'Mag': '50 ', 'Fir': '37 ', 'Lit': '43 ', 'Hol': '50 ', 'Bst': '47 ', 'Rst': '23 '}"
9903,Round Shield,Standard +1 ,"{'Phy': '80 ', 'Mag': '- ', 'Fir': '- ', 'Lit': '- ', 'Hol': '- ', 'Sta': '62 '}","{'Str': 'D ', 'Dex': '- ', 'Int': '- ', 'Fai': '- ', 'Arc': '- '}",{'Any': '- '},"{'Phy': '88 ', 'Mag': '50 ', 'Fir': '37 ', 'Lit': '43 ', 'Hol': '50 ', 'Bst': '47 ', 'Rst': '23 '}"
9904,Round Shield,Standard +2 ,"{'Phy': '84 ', 'Mag': '- ', 'Fir': '- ', 'Lit': '- ', 'Hol': '- ', 'Sta': '64 '}","{'Str': 'D ', 'Dex': '- ', 'Int': '- ', 'Fai': '- ', 'Arc': '- '}",{'Any': '- '},"{'Phy': '88 ', 'Mag': '50 ', 'Fir': '37 ', 'Lit': '43 ', 'Hol': '50 ', 'Bst': '47.47 ', 'Rst': '23 '}"
9905,Round Shield,Standard +3 ,"{'Phy': '89 ', 'Mag': '- ', 'Fir': '- ', 'Lit': '- ', 'Hol': '- ', 'Sta': '67 '}","{'Str': 'D ', 'Dex': '- ', 'Int': '- ', 'Fai': '- ', 'Arc': '- '}",{'Any': '- '},"{'Phy': '88 ', 'Mag': '50 ', 'Fir': '37 ', 'Lit': '43 ', 'Hol': '50 ', 'Bst': '47.94 ', 'Rst': '23 '}"
9906,Round Shield,Standard +4 ,"{'Phy': '93 ', 'Mag': '- ', 'Fir': '- ', 'Lit': '- ', 'Hol': '- ', 'Sta': '69 '}","{'Str': 'D ', 'Dex': '- ', 'Int': '- ', 'Fai': '- ', 'Arc': '- '}",{'Any': '- '},"{'Phy': '88 ', 'Mag': '50 ', 'Fir': '37 ', 'Lit': '43 ', 'Hol': '50 ', 'Bst': '48.41 ', 'Rst': '23 '}"
9907,Round Shield,Standard +5 ,"{'Phy': '98 ', 'Mag': '- ', 'Fir': '- ', 'Lit': '- ', 'Hol': '- ', 'Sta': '72 '}","{'Str': 'D ', 'Dex': '- ', 'Int': '- ', 'Fai': '- ', 'Arc': '- '}",{'Any': '- '},"{'Phy': '88 ', 'Mag': '50 ', 'Fir': '37 ', 'Lit': '43 ', 'Hol': '50 ', 'Bst': '48.88 ', 'Rst': '23 '}"
9908,Round Shield,Standard +6 ,"{'Phy': '102 ', 'Mag': '- ', 'Fir': '- ', 'Lit': '- ', 'Hol': '- ', 'Sta': '74 '}","{'Str': 'D ', 'Dex': '- ', 'Int': '- ', 'Fai': '- ', 'Arc': '- '}",{'Any': '- '},"{'Phy': '88 ', 'Mag': '50 ', 'Fir': '37 ', 'Lit': '43 ', 'Hol': '50 ', 'Bst': '49.35 ', 'Rst': '23 '}"
9909,Round Shield,Standard +7 ,"{'Phy': '106 ', 'Mag': '- ', 'Fir': '- ', 'Lit': '- ', 'Hol': '- ', 'Sta': '76 '}","{'Str': 'D ', 'Dex': '- ', 'Int': '- ', 'Fai': '- ', 'Arc': '- '}",{'Any': '- '},"{'Phy': '88 ', 'Mag': '50 ', 'Fir': '37 ', 'Lit': '43 ', 'Hol': '50 ', 'Bst': '49.82 ', 'Rst': '23 '}"
9910,Round Shield,Standard +8 ,"{'Phy': '111 ', 'Mag': '- ', 'Fir': '- ', 'Lit': '- ', 'Hol': '- ', 'Sta': '79 '}","{'Str': 'D ', 'Dex': '- ', 'Int': '- ', 'Fai': '- ', 'Arc': '- '}",{'Any': '- '},"{'Phy': '88 ', 'Mag': '50 ', 'Fir': '37 ', 'Lit': '43 ', 'Hol': '50 ', 'Bst': '50.29 ', 'Rst': '23 '}"
9911,Round Shield,Standard +9 ,"{'Phy': '115 ', 'Mag': '- ', 'Fir': '- ', 'Lit': '- ', 'Hol': '- ', 'Sta': '81 '}","{'Str': 'D ', 'Dex': '- ', 'Int': '- ', 'Fai': '- ', 'Arc': '- '}",{'Any': '- '},"{'Phy': '88 ', 'Mag': '50 ', 'Fir': '37 ', 'Lit': '43 ', 'Hol': '50 ', 'Bst': '50.76 ', 'Rst': '23 '}"
9912,Round Shield,Standard +10 ,"{'Phy': '120 ', 'Mag': '- ', 'Fir': '- ', 'Lit': '- ', 'Hol': '- ', 'Sta': '84 '}","{'Str': 'D ', 'Dex': '- ', 'Int': '- ', 'Fai': '- ', 'Arc': '- '}",{'Any': '- '},"{'Phy': '88 ', 'Mag': '50 ', 'Fir': '37 ', 'Lit': '43 ', 'Hol': '50 ', 'Bst': '51.23 ', 'Rst': '23 '}"
9913,Round Shield,Standard +11 ,"{'Phy': '124 ', 'Mag': '- ', 'Fir': '- ', 'Lit': '- ', 'Hol': '- ', 'Sta': '86 '}","{'Str': 'D ', 'Dex': '- ', 'Int': '- ', 'Fai': '- ', 'Arc': '- '}",{'Any': '- '},"{'Phy': '88 ', 'Mag': '50 ', 'Fir': '37 ', 'Lit': '43 ', 'Hol': '50 ', 'Bst': '51.7 ', 'Rst': '23 '}"
9914,Round Shield,Standard +12 ,"{'Phy': '128 ', 'Mag': '- ', 'Fir': '- ', 'Lit': '- ', 'Hol': '- ', 'Sta': '88 '}","{'Str': 'D ', 'Dex': '- ', 'Int': '- ', 'Fai': '- ', 'Arc': '- '}",{'Any': '- '},"{'Phy': '88 ', 'Mag': '50 ', 'Fir': '37 ', 'Lit': '43 ', 'Hol': '50 ', 'Bst': '52.17 ', 'Rst': '23 '}"
9915,Round Shield,Standard +13 ,"{'Phy': '133 ', 'Mag': '- ', 'Fir': '- ', 'Lit': '- ', 'Hol': '- ', 'Sta': '91 '}","{'Str': 'D ', 'Dex': '- ', 'Int': '- ', 'Fai': '- ', 'Arc': '- '}",{'Any': '- '},"{'Phy': '88 ', 'Mag': '50 ', 'Fir': '37 ', 'Lit': '43 ', 'Hol': '50 ', 'Bst': '52.64 ', 'Rst': '23 '}"
9916,Round Shield,Standard +14 ,"{'Phy': '137 ', 'Mag': '- ', 'Fir': '- ', 'Lit': '- ', 'Hol': '- ', 'Sta': '93 '}","{'Str': 'C ', 'Dex': '- ', 'Int': '- ', 'Fai': '- ', 'Arc': '- '}",{'Any': '- '},"{'Phy': '88 ', 'Mag': '50 ', 'Fir': '37 ', 'Lit': '43 ', 'Hol': '50 ', 'Bst': '53.11 ', 'Rst': '23 '}"
9917,Round Shield,Standard +15 ,"{'Phy': '142 ', 'Mag': '- ', 'Fir': '- ', 'Lit': '- ', 'Hol': '- ', 'Sta': '96 '}","{'Str': 'C ', 'Dex': '- ', 'Int': '- ', 'Fai': '- ', 'Arc': '- '}",{'Any': '- '},"{'Phy': '88 ', 'Mag': '50 ', 'Fir': '37 ', 'Lit': '43 ', 'Hol': '50 ', 'Bst': '53.58 ', 'Rst': '23 '}"
9918,Round Shield,Standard +16 ,"{'Phy': '146 ', 'Mag': '- ', 'Fir': '- ', 'Lit': '- ', 'Hol': '- ', 'Sta': '98 '}","{'Str': 'C ', 'Dex': '- ', 'Int': '- ', 'Fai': '- ', 'Arc': '- '}",{'Any': '- '},"{'Phy': '88 ', 'Mag': '50 ', 'Fir': '37 ', 'Lit': '43 ', 'Hol': '50 ', 'Bst': '54.05 ', 'Rst': '23 '}"
9919,Round Shield,Standard +17 ,"{'Phy': '150 ', 'Mag': '- ', 'Fir': '- ', 'Lit': '- ', 'Hol': '- ', 'Sta': '100 '}","{'Str': 'C ', 'Dex': '- ', 'Int': '- ', 'Fai': '- ', 'Arc': '- '}",{'Any': '- '},"{'Phy': '88 ', 'Mag': '50 ', 'Fir': '37 ', 'Lit': '43 ', 'Hol': '50 ', 'Bst': '54.52 ', 'Rst': '23 '}"
9920,Round Shield,Standard +18 ,"{'Phy': '155 ', 'Mag': '- ', 'Fir': '- ', 'Lit': '- ', 'Hol': '- ', 'Sta': '103 '}","{'Str': 'C ', 'Dex': '- ', 'Int': '- ', 'Fai': '- ', 'Arc': '- '}",{'Any': '- '},"{'Phy': '88 ', 'Mag': '50 ', 'Fir': '37 ', 'Lit': '43 ', 'Hol': '50 ', 'Bst': '54.99 ', 'Rst': '23 '}"
9921,Round Shield,Standard +19 ,"{'Phy': '159 ', 'Mag': '- ', 'Fir': '- ', 'Lit': '- ', 'Hol': '- ', 'Sta': '105 '}","{'Str': 'C ', 'Dex': '- ', 'Int': '- ', 'Fai': '- ', 'Arc': '- '}",{'Any': '- '},"{'Phy': '88 ', 'Mag': '50 ', 'Fir': '37 ', 'Lit': '43 ', 'Hol': '50 ', 'Bst': '55.46 ', 'Rst': '23 '}"
9922,Round Shield,Standard +20 ,"{'Phy': '164 ', 'Mag': '- ', 'Fir': '- ', 'Lit': '- ', 'Hol': '- ', 'Sta': '108 '}","{'Str': 'C ', 'Dex': '- ', 'Int': '- ', 'Fai': '- ', 'Arc': '- '}",{'Any': '- '},"{'Phy': '88 ', 'Mag': '50 ', 'Fir': '37 ', 'Lit': '43 ', 'Hol': '50 ', 'Bst': '55.93 ', 'Rst': '23 '}"
9923,Round Shield,Standard +21 ,"{'Phy': '168 ', 'Mag': '- ', 'Fir': '- ', 'Lit': '- ', 'Hol': '- ', 'Sta': '110 '}","{'Str': 'C ', 'Dex': '- ', 'Int': '- ', 'Fai': '- ', 'Arc': '- '}",{'Any': '- '},"{'Phy': '88 ', 'Mag': '50 ', 'Fir': '37 ', 'Lit': '43 ', 'Hol': '50 ', 'Bst': '56.4 ', 'Rst': '23 '}"
9924,Round Shield,Standard +22 ,"{'Phy': '172 ', 'Mag': '- ', 'Fir': '- ', 'Lit': '- ', 'Hol': '- ', 'Sta': '112 '}","{'Str': 'C ', 'Dex': '- ', 'Int': '- ', 'Fai': '- ', 'Arc': '- '}",{'Any': '- '},"{'Phy': '88 ', 'Mag': '50 ', 'Fir': '37 ', 'Lit': '43 ', 'Hol': '50 ', 'Bst': '56.87 ', 'Rst': '23 '}"
9925,Round Shield,Standard +23 ,"{'Phy': '177 ', 'Mag': '- ', 'Fir': '- ', 'Lit': '- ', 'Hol': '- ', 'Sta': '115 '}","{'Str': 'C ', 'Dex': '- ', 'Int': '- ', 'Fai': '- ', 'Arc': '- '}",{'Any': '- '},"{'Phy': '88 ', 'Mag': '50 ', 'Fir': '37 ', 'Lit': '43 ', 'Hol': '50 ', 'Bst': '57.34 ', 'Rst': '23 '}"
9926,Round Shield,Standard +24 ,"{'Phy': '181 ', 'Mag': '- ', 'Fir': '- ', 'Lit': '- ', 'Hol': '- ', 'Sta': '117 '}","{'Str': 'C ', 'Dex': '- ', 'Int': '- ', 'Fai': '- ', 'Arc': '- '}",{'Any': '- '},"{'Phy': '88 ', 'Mag': '50 ', 'Fir': '37 ', 'Lit': '43 ', 'Hol': '50 ', 'Bst': '57.81 ', 'Rst': '23 '}"
9927,Round Shield,Standard +25 ,"{'Phy': '186 ', 'Mag': '- ', 'Fir': '- ', 'Lit': '- ', 'Hol': '- ', 'Sta': '120 '}","{'Str': 'C ', 'Dex': '- ', 'Int': '- ', 'Fai': '- ', 'Arc': '- '}",{'Any': '- '},"{'Phy': '88 ', 'Mag': '50 ', 'Fir': '37 ', 'Lit': '43 ', 'Hol': '50 ', 'Bst': '58.28 ', 'Rst': '23 '}"
10240,Large Leather Shield,Standard ,"{'Phy': '75 ', 'Mag': '- ', 'Fir': '- ', 'Lit': '- ', 'Hol': '- ', 'Sta': '61 '}","{'Str': 'D ', 'Dex': '- ', 'Int': '- ', 'Fai': '- ', 'Arc': '- '}",{'Any': '- '},"{'Phy': '85 ', 'Mag': '49 ', 'Fir': '36 ', 'Lit': '45 ', 'Hol': '45 ', 'Bst': '46 ', 'Rst': '22 '}"
10241,Large Leather Shield,Standard +1 ,"{'Phy': '79 ', 'Mag': '- ', 'Fir': '- ', 'Lit': '- ', 'Hol': '- ', 'Sta': '63 '}","{'Str': 'D ', 'Dex': '- ', 'Int': '- ', 'Fai': '- ', 'Arc': '- '}",{'Any': '- '},"{'Phy': '85 ', 'Mag': '49 ', 'Fir': '36 ', 'Lit': '45 ', 'Hol': '45 ', 'Bst': '46 ', 'Rst': '22 '}"
10242,Large Leather Shield,Standard +2 ,"{'Phy': '83 ', 'Mag': '- ', 'Fir': '- ', 'Lit': '- ', 'Hol': '- ', 'Sta': '65 '}","{'Str': 'D ', 'Dex': '- ', 'Int': '- ', 'Fai': '- ', 'Arc': '- '}",{'Any': '- '},"{'Phy': '85 ', 'Mag': '49 ', 'Fir': '36 ', 'Lit': '45 ', 'Hol': '45 ', 'Bst': '46.46 ', 'Rst': '22 '}"
10243,Large Leather Shield,Standard +3 ,"{'Phy': '88 ', 'Mag': '- ', 'Fir': '- ', 'Lit': '- ', 'Hol': '- ', 'Sta': '68 '}","{'Str': 'D ', 'Dex': '- ', 'Int': '- ', 'Fai': '- ', 'Arc': '- '}",{'Any': '- '},"{'Phy': '85 ', 'Mag': '49 ', 'Fir': '36 ', 'Lit': '45 ', 'Hol': '45 ', 'Bst': '46.92 ', 'Rst': '22 '}"
10244,Large Leather Shield,Standard +4 ,"{'Phy': '92 ', 'Mag': '- ', 'Fir': '- ', 'Lit': '- ', 'Hol': '- ', 'Sta': '70 '}","{'Str': 'D ', 'Dex': '- ', 'Int': '- ', 'Fai': '- ', 'Arc': '- '}",{'Any': '- '},"{'Phy': '85 ', 'Mag': '49 ', 'Fir': '36 ', 'Lit': '45 ', 'Hol': '45 ', 'Bst': '47.38 ', 'Rst': '22 '}"
10245,Large Leather Shield,Standard +5 ,"{'Phy': '96 ', 'Mag': '- ', 'Fir': '- ', 'Lit': '- ', 'Hol': '- ', 'Sta': '73 '}","{'Str': 'D ', 'Dex': '- ', 'Int': '- ', 'Fai': '- ', 'Arc': '- '}",{'Any': '- '},"{'Phy': '85 ', 'Mag': '49 ', 'Fir': '36 ', 'Lit': '45 ', 'Hol': '45 ', 'Bst': '47.84 ', 'Rst': '22 '}"
10246,Large Leather Shield,Standard +6 ,"{'Phy': '101 ', 'Mag': '- ', 'Fir': '- ', 'Lit': '- ', 'Hol': '- ', 'Sta': '75 '}","{'Str': 'D ', 'Dex': '- ', 'Int': '- ', 'Fai': '- ', 'Arc': '- '}",{'Any': '- '},"{'Phy': '85 ', 'Mag': '49 ', 'Fir': '36 ', 'Lit': '45 ', 'Hol': '45 ', 'Bst': '48.3 ', 'Rst': '22 '}"
10247,Large Leather Shield,Standard +7 ,"{'Phy': '105 ', 'Mag': '- ', 'Fir': '- ', 'Lit': '- ', 'Hol': '- ', 'Sta': '78 '}","{'Str': 'D ', 'Dex': '- ', 'Int': '- ', 'Fai': '- ', 'Arc': '- '}",{'Any': '- '},"{'Phy': '85 ', 'Mag': '49 ', 'Fir': '36 ', 'Lit': '45 ', 'Hol': '45 ', 'Bst': '48.76 ', 'Rst': '22 '}"
10248,Large Leather Shield,Standard +8 ,"{'Phy': '109 ', 'Mag': '- ', 'Fir': '- ', 'Lit': '- ', 'Hol': '- ', 'Sta': '80 '}","{'Str': 'D ', 'Dex': '- ', 'Int': '- ', 'Fai': '- ', 'Arc': '- '}",{'Any': '- '},"{'Phy': '85 ', 'Mag': '49 ', 'Fir': '36 ', 'Lit': '45 ', 'Hol': '45 ', 'Bst': '49.22 ', 'Rst': '22 '}"
10249,Large Leather Shield,Standard +9 ,"{'Phy': '114 ', 'Mag': '- ', 'Fir': '- ', 'Lit': '- ', 'Hol': '- ', 'Sta': '82 '}","{'Str': 'D ', 'Dex': '- ', 'Int': '- ', 'Fai': '- ', 'Arc': '- '}",{'Any': '- '},"{'Phy': '85 ', 'Mag': '49 ', 'Fir': '36 ', 'Lit': '45 ', 'Hol': '45 ', 'Bst': '49.68 ', 'Rst': '22 '}"
10250,Large Leather Shield,Standard +10 ,"{'Phy': '118 ', 'Mag': '- ', 'Fir': '- ', 'Lit': '- ', 'Hol': '- ', 'Sta': '85 '}","{'Str': 'D ', 'Dex': '- ', 'Int': '- ', 'Fai': '- ', 'Arc': '- '}",{'Any': '- '},"{'Phy': '85 ', 'Mag': '49 ', 'Fir': '36 ', 'Lit': '45 ', 'Hol': '45 ', 'Bst': '50.14 ', 'Rst': '22 '}"
10251,Large Leather Shield,Standard +11 ,"{'Phy': '122 ', 'Mag': '- ', 'Fir': '- ', 'Lit': '- ', 'Hol': '- ', 'Sta': '87 '}","{'Str': 'D ', 'Dex': '- ', 'Int': '- ', 'Fai': '- ', 'Arc': '- '}",{'Any': '- '},"{'Phy': '85 ', 'Mag': '49 ', 'Fir': '36 ', 'Lit': '45 ', 'Hol': '45 ', 'Bst': '50.6 ', 'Rst': '22 '}"
10252,Large Leather Shield,Standard +12 ,"{'Phy': '127 ', 'Mag': '- ', 'Fir': '- ', 'Lit': '- ', 'Hol': '- ', 'Sta': '90 '}","{'Str': 'D ', 'Dex': '- ', 'Int': '- ', 'Fai': '- ', 'Arc': '- '}",{'Any': '- '},"{'Phy': '85 ', 'Mag': '49 ', 'Fir': '36 ', 'Lit': '45 ', 'Hol': '45 ', 'Bst': '51.06 ', 'Rst': '22 '}"
10253,Large Leather Shield,Standard +13 ,"{'Phy': '131 ', 'Mag': '- ', 'Fir': '- ', 'Lit': '- ', 'Hol': '- ', 'Sta': '92 '}","{'Str': 'D ', 'Dex': '- ', 'Int': '- ', 'Fai': '- ', 'Arc': '- '}",{'Any': '- '},"{'Phy': '85 ', 'Mag': '49 ', 'Fir': '36 ', 'Lit': '45 ', 'Hol': '45 ', 'Bst': '51.52 ', 'Rst': '22 '}"
10254,Large Leather Shield,Standard +14 ,"{'Phy': '135 ', 'Mag': '- ', 'Fir': '- ', 'Lit': '- ', 'Hol': '- ', 'Sta': '95 '}","{'Str': 'C ', 'Dex': '- ', 'Int': '- ', 'Fai': '- ', 'Arc': '- '}",{'Any': '- '},"{'Phy': '85 ', 'Mag': '49 ', 'Fir': '36 ', 'Lit': '45 ', 'Hol': '45 ', 'Bst': '51.98 ', 'Rst': '22 '}"
10255,Large Leather Shield,Standard +15 ,"{'Phy': '140 ', 'Mag': '- ', 'Fir': '- ', 'Lit': '- ', 'Hol': '- ', 'Sta': '97 '}","{'Str': 'C ', 'Dex': '- ', 'Int': '- ', 'Fai': '- ', 'Arc': '- '}",{'Any': '- '},"{'Phy': '85 ', 'Mag': '49 ', 'Fir': '36 ', 'Lit': '45 ', 'Hol': '45 ', 'Bst': '52.44 ', 'Rst': '22 '}"
10256,Large Leather Shield,Standard +16 ,"{'Phy': '144 ', 'Mag': '- ', 'Fir': '- ', 'Lit': '- ', 'Hol': '- ', 'Sta': '100 '}","{'Str': 'C ', 'Dex': '- ', 'Int': '- ', 'Fai': '- ', 'Arc': '- '}",{'Any': '- '},"{'Phy': '85 ', 'Mag': '49 ', 'Fir': '36 ', 'Lit': '45 ', 'Hol': '45 ', 'Bst': '52.9 ', 'Rst': '22 '}"
10257,Large Leather Shield,Standard +17 ,"{'Phy': '148 ', 'Mag': '- ', 'Fir': '- ', 'Lit': '- ', 'Hol': '- ', 'Sta': '102 '}","{'Str': 'C ', 'Dex': '- ', 'Int': '- ', 'Fai': '- ', 'Arc': '- '}",{'Any': '- '},"{'Phy': '85 ', 'Mag': '49 ', 'Fir': '36 ', 'Lit': '45 ', 'Hol': '45 ', 'Bst': '53.36 ', 'Rst': '22 '}"
10258,Large Leather Shield,Standard +18 ,"{'Phy': '153 ', 'Mag': '- ', 'Fir': '- ', 'Lit': '- ', 'Hol': '- ', 'Sta': '104 '}","{'Str': 'C ', 'Dex': '- ', 'Int': '- ', 'Fai': '- ', 'Arc': '- '}",{'Any': '- '},"{'Phy': '85 ', 'Mag': '49 ', 'Fir': '36 ', 'Lit': '45 ', 'Hol': '45 ', 'Bst': '53.82 ', 'Rst': '22 '}"
10259,Large Leather Shield,Standard +19 ,"{'Phy': '157 ', 'Mag': '- ', 'Fir': '- ', 'Lit': '- ', 'Hol': '- ', 'Sta': '107 '}","{'Str': 'C ', 'Dex': '- ', 'Int': '- ', 'Fai': '- ', 'Arc': '- '}",{'Any': '- '},"{'Phy': '85 ', 'Mag': '49 ', 'Fir': '36 ', 'Lit': '45 ', 'Hol': '45 ', 'Bst': '54.28 ', 'Rst': '22 '}"
10260,Large Leather Shield,Standard +20 ,"{'Phy': '162 ', 'Mag': '- ', 'Fir': '- ', 'Lit': '- ', 'Hol': '- ', 'Sta': '109 '}","{'Str': 'C ', 'Dex': '- ', 'Int': '- ', 'Fai': '- ', 'Arc': '- '}",{'Any': '- '},"{'Phy': '85 ', 'Mag': '49 ', 'Fir': '36 ', 'Lit': '45 ', 'Hol': '45 ', 'Bst': '54.74 ', 'Rst': '22 '}"
10261,Large Leather Shield,Standard +21 ,"{'Phy': '166 ', 'Mag': '- ', 'Fir': '- ', 'Lit': '- ', 'Hol': '- ', 'Sta': '112 '}","{'Str': 'C ', 'Dex': '- ', 'Int': '- ', 'Fai': '- ', 'Arc': '- '}",{'Any': '- '},"{'Phy': '85 ', 'Mag': '49 ', 'Fir': '36 ', 'Lit': '45 ', 'Hol': '45 ', 'Bst': '55.2 ', 'Rst': '22 '}"
10262,Large Leather Shield,Standard +22 ,"{'Phy': '170 ', 'Mag': '- ', 'Fir': '- ', 'Lit': '- ', 'Hol': '- ', 'Sta': '114 '}","{'Str': 'C ', 'Dex': '- ', 'Int': '- ', 'Fai': '- ', 'Arc': '- '}",{'Any': '- '},"{'Phy': '85 ', 'Mag': '49 ', 'Fir': '36 ', 'Lit': '45 ', 'Hol': '45 ', 'Bst': '55.66 ', 'Rst': '22 '}"
10263,Large Leather Shield,Standard +23 ,"{'Phy': '175 ', 'Mag': '- ', 'Fir': '- ', 'Lit': '- ', 'Hol': '- ', 'Sta': '117 '}","{'Str': 'C ', 'Dex': '- ', 'Int': '- ', 'Fai': '- ', 'Arc': '- '}",{'Any': '- '},"{'Phy': '85 ', 'Mag': '49 ', 'Fir': '36 ', 'Lit': '45 ', 'Hol': '45 ', 'Bst': '56.12 ', 'Rst': '22 '}"
10264,Large Leather Shield,Standard +24 ,"{'Phy': '179 ', 'Mag': '- ', 'Fir': '- ', 'Lit': '- ', 'Hol': '- ', 'Sta': '119 '}","{'Str': 'C ', 'Dex': '- ', 'Int': '- ', 'Fai': '- ', 'Arc': '- '}",{'Any': '- '},"{'Phy': '85 ', 'Mag': '49 ', 'Fir': '36 ', 'Lit': '45 ', 'Hol': '45 ', 'Bst': '56.58 ', 'Rst': '22 '}"
10265,Large Leather Shield,Standard +25 ,"{'Phy': '183 ', 'Mag': '- ', 'Fir': '- ', 'Lit': '- ', 'Hol': '- ', 'Sta': '122 '}","{'Str': 'C ', 'Dex': '- ', 'Int': '- ', 'Fai': '- ', 'Arc': '- '}",{'Any': '- '},"{'Phy': '85 ', 'Mag': '49 ', 'Fir': '36 ', 'Lit': '45 ', 'Hol': '45 ', 'Bst': '57.04 ', 'Rst': '22 '}"
10578,Large Leather Shield,Standard ,"{'Phy': '75 ', 'Mag': '- ', 'Fir': '- ', 'Lit': '- ', 'Hol': '- ', 'Sta': '61 '}","{'Str': 'D ', 'Dex': '- ', 'Int': '- ', 'Fai': '- ', 'Arc': '- '}",{'Any': '- '},"{'Phy': '85 ', 'Mag': '49 ', 'Fir': '36 ', 'Lit': '45 ', 'Hol': '45 ', 'Bst': '46 ', 'Rst': '22 '}"
10579,Large Leather Shield,Standard +1 ,"{'Phy': '79 ', 'Mag': '- ', 'Fir': '- ', 'Lit': '- ', 'Hol': '- ', 'Sta': '63 '}","{'Str': 'D ', 'Dex': '- ', 'Int': '- ', 'Fai': '- ', 'Arc': '- '}",{'Any': '- '},"{'Phy': '85 ', 'Mag': '49 ', 'Fir': '36 ', 'Lit': '45 ', 'Hol': '45 ', 'Bst': '46 ', 'Rst': '22 '}"
10580,Large Leather Shield,Standard +2 ,"{'Phy': '83 ', 'Mag': '- ', 'Fir': '- ', 'Lit': '- ', 'Hol': '- ', 'Sta': '65 '}","{'Str': 'D ', 'Dex': '- ', 'Int': '- ', 'Fai': '- ', 'Arc': '- '}",{'Any': '- '},"{'Phy': '85 ', 'Mag': '49 ', 'Fir': '36 ', 'Lit': '45 ', 'Hol': '45 ', 'Bst': '46.46 ', 'Rst': '22 '}"
10581,Large Leather Shield,Standard +3 ,"{'Phy': '88 ', 'Mag': '- ', 'Fir': '- ', 'Lit': '- ', 'Hol': '- ', 'Sta': '68 '}","{'Str': 'D ', 'Dex': '- ', 'Int': '- ', 'Fai': '- ', 'Arc': '- '}",{'Any': '- '},"{'Phy': '85 ', 'Mag': '49 ', 'Fir': '36 ', 'Lit': '45 ', 'Hol': '45 ', 'Bst': '46.92 ', 'Rst': '22 '}"
10582,Large Leather Shield,Standard +4 ,"{'Phy': '92 ', 'Mag': '- ', 'Fir': '- ', 'Lit': '- ', 'Hol': '- ', 'Sta': '70 '}","{'Str': 'D ', 'Dex': '- ', 'Int': '- ', 'Fai': '- ', 'Arc': '- '}",{'Any': '- '},"{'Phy': '85 ', 'Mag': '49 ', 'Fir': '36 ', 'Lit': '45 ', 'Hol': '45 ', 'Bst': '47.38 ', 'Rst': '22 '}"
10583,Large Leather Shield,Standard +5 ,"{'Phy': '96 ', 'Mag': '- ', 'Fir': '- ', 'Lit': '- ', 'Hol': '- ', 'Sta': '73 '}","{'Str': 'D ', 'Dex': '- ', 'Int': '- ', 'Fai': '- ', 'Arc': '- '}",{'Any': '- '},"{'Phy': '85 ', 'Mag': '49 ', 'Fir': '36 ', 'Lit': '45 ', 'Hol': '45 ', 'Bst': '47.84 ', 'Rst': '22 '}"
10584,Large Leather Shield,Standard +6 ,"{'Phy': '101 ', 'Mag': '- ', 'Fir': '- ', 'Lit': '- ', 'Hol': '- ', 'Sta': '75 '}","{'Str': 'D ', 'Dex': '- ', 'Int': '- ', 'Fai': '- ', 'Arc': '- '}",{'Any': '- '},"{'Phy': '85 ', 'Mag': '49 ', 'Fir': '36 ', 'Lit': '45 ', 'Hol': '45 ', 'Bst': '48.3 ', 'Rst': '22 '}"
10585,Large Leather Shield,Standard +7 ,"{'Phy': '105 ', 'Mag': '- ', 'Fir': '- ', 'Lit': '- ', 'Hol': '- ', 'Sta': '78 '}","{'Str': 'D ', 'Dex': '- ', 'Int': '- ', 'Fai': '- ', 'Arc': '- '}",{'Any': '- '},"{'Phy': '85 ', 'Mag': '49 ', 'Fir': '36 ', 'Lit': '45 ', 'Hol': '45 ', 'Bst': '48.76 ', 'Rst': '22 '}"
10586,Large Leather Shield,Standard +8 ,"{'Phy': '109 ', 'Mag': '- ', 'Fir': '- ', 'Lit': '- ', 'Hol': '- ', 'Sta': '80 '}","{'Str': 'D ', 'Dex': '- ', 'Int': '- ', 'Fai': '- ', 'Arc': '- '}",{'Any': '- '},"{'Phy': '85 ', 'Mag': '49 ', 'Fir': '36 ', 'Lit': '45 ', 'Hol': '45 ', 'Bst': '49.22 ', 'Rst': '22 '}"
10587,Large Leather Shield,Standard +9 ,"{'Phy': '114 ', 'Mag': '- ', 'Fir': '- ', 'Lit': '- ', 'Hol': '- ', 'Sta': '82 '}","{'Str': 'D ', 'Dex': '- ', 'Int': '- ', 'Fai': '- ', 'Arc': '- '}",{'Any': '- '},"{'Phy': '85 ', 'Mag': '49 ', 'Fir': '36 ', 'Lit': '45 ', 'Hol': '45 ', 'Bst': '49.68 ', 'Rst': '22 '}"
10588,Large Leather Shield,Standard +10 ,"{'Phy': '118 ', 'Mag': '- ', 'Fir': '- ', 'Lit': '- ', 'Hol': '- ', 'Sta': '85 '}","{'Str': 'D ', 'Dex': '- ', 'Int': '- ', 'Fai': '- ', 'Arc': '- '}",{'Any': '- '},"{'Phy': '85 ', 'Mag': '49 ', 'Fir': '36 ', 'Lit': '45 ', 'Hol': '45 ', 'Bst': '50.14 ', 'Rst': '22 '}"
10589,Large Leather Shield,Standard +11 ,"{'Phy': '122 ', 'Mag': '- ', 'Fir': '- ', 'Lit': '- ', 'Hol': '- ', 'Sta': '87 '}","{'Str': 'D ', 'Dex': '- ', 'Int': '- ', 'Fai': '- ', 'Arc': '- '}",{'Any': '- '},"{'Phy': '85 ', 'Mag': '49 ', 'Fir': '36 ', 'Lit': '45 ', 'Hol': '45 ', 'Bst': '50.6 ', 'Rst': '22 '}"
10590,Large Leather Shield,Standard +12 ,"{'Phy': '127 ', 'Mag': '- ', 'Fir': '- ', 'Lit': '- ', 'Hol': '- ', 'Sta': '90 '}","{'Str': 'D ', 'Dex': '- ', 'Int': '- ', 'Fai': '- ', 'Arc': '- '}",{'Any': '- '},"{'Phy': '85 ', 'Mag': '49 ', 'Fir': '36 ', 'Lit': '45 ', 'Hol': '45 ', 'Bst': '51.06 ', 'Rst': '22 '}"
10591,Large Leather Shield,Standard +13 ,"{'Phy': '131 ', 'Mag': '- ', 'Fir': '- ', 'Lit': '- ', 'Hol': '- ', 'Sta': '92 '}","{'Str': 'D ', 'Dex': '- ', 'Int': '- ', 'Fai': '- ', 'Arc': '- '}",{'Any': '- '},"{'Phy': '85 ', 'Mag': '49 ', 'Fir': '36 ', 'Lit': '45 ', 'Hol': '45 ', 'Bst': '51.52 ', 'Rst': '22 '}"
10592,Large Leather Shield,Standard +14 ,"{'Phy': '135 ', 'Mag': '- ', 'Fir': '- ', 'Lit': '- ', 'Hol': '- ', 'Sta': '95 '}","{'Str': 'C ', 'Dex': '- ', 'Int': '- ', 'Fai': '- ', 'Arc': '- '}",{'Any': '- '},"{'Phy': '85 ', 'Mag': '49 ', 'Fir': '36 ', 'Lit': '45 ', 'Hol': '45 ', 'Bst': '51.98 ', 'Rst': '22 '}"
10593,Large Leather Shield,Standard +15 ,"{'Phy': '140 ', 'Mag': '- ', 'Fir': '- ', 'Lit': '- ', 'Hol': '- ', 'Sta': '97 '}","{'Str': 'C ', 'Dex': '- ', 'Int': '- ', 'Fai': '- ', 'Arc': '- '}",{'Any': '- '},"{'Phy': '85 ', 'Mag': '49 ', 'Fir': '36 ', 'Lit': '45 ', 'Hol': '45 ', 'Bst': '52.44 ', 'Rst': '22 '}"
10594,Large Leather Shield,Standard +16 ,"{'Phy': '144 ', 'Mag': '- ', 'Fir': '- ', 'Lit': '- ', 'Hol': '- ', 'Sta': '100 '}","{'Str': 'C ', 'Dex': '- ', 'Int': '- ', 'Fai': '- ', 'Arc': '- '}",{'Any': '- '},"{'Phy': '85 ', 'Mag': '49 ', 'Fir': '36 ', 'Lit': '45 ', 'Hol': '45 ', 'Bst': '52.9 ', 'Rst': '22 '}"
10595,Large Leather Shield,Standard +17 ,"{'Phy': '148 ', 'Mag': '- ', 'Fir': '- ', 'Lit': '- ', 'Hol': '- ', 'Sta': '102 '}","{'Str': 'C ', 'Dex': '- ', 'Int': '- ', 'Fai': '- ', 'Arc': '- '}",{'Any': '- '},"{'Phy': '85 ', 'Mag': '49 ', 'Fir': '36 ', 'Lit': '45 ', 'Hol': '45 ', 'Bst': '53.36 ', 'Rst': '22 '}"
10596,Large Leather Shield,Standard +18 ,"{'Phy': '153 ', 'Mag': '- ', 'Fir': '- ', 'Lit': '- ', 'Hol': '- ', 'Sta': '104 '}","{'Str': 'C ', 'Dex': '- ', 'Int': '- ', 'Fai': '- ', 'Arc': '- '}",{'Any': '- '},"{'Phy': '85 ', 'Mag': '49 ', 'Fir': '36 ', 'Lit': '45 ', 'Hol': '45 ', 'Bst': '53.82 ', 'Rst': '22 '}"
10597,Large Leather Shield,Standard +19 ,"{'Phy': '157 ', 'Mag': '- ', 'Fir': '- ', 'Lit': '- ', 'Hol': '- ', 'Sta': '107 '}","{'Str': 'C ', 'Dex': '- ', 'Int': '- ', 'Fai': '- ', 'Arc': '- '}",{'Any': '- '},"{'Phy': '85 ', 'Mag': '49 ', 'Fir': '36 ', 'Lit': '45 ', 'Hol': '45 ', 'Bst': '54.28 ', 'Rst': '22 '}"
10598,Large Leather Shield,Standard +20 ,"{'Phy': '162 ', 'Mag': '- ', 'Fir': '- ', 'Lit': '- ', 'Hol': '- ', 'Sta': '109 '}","{'Str': 'C ', 'Dex': '- ', 'Int': '- ', 'Fai': '- ', 'Arc': '- '}",{'Any': '- '},"{'Phy': '85 ', 'Mag': '49 ', 'Fir': '36 ', 'Lit': '45 ', 'Hol': '45 ', 'Bst': '54.74 ', 'Rst': '22 '}"
10599,Large Leather Shield,Standard +21 ,"{'Phy': '166 ', 'Mag': '- ', 'Fir': '- ', 'Lit': '- ', 'Hol': '- ', 'Sta': '112 '}","{'Str': 'C ', 'Dex': '- ', 'Int': '- ', 'Fai': '- ', 'Arc': '- '}",{'Any': '- '},"{'Phy': '85 ', 'Mag': '49 ', 'Fir': '36 ', 'Lit': '45 ', 'Hol': '45 ', 'Bst': '55.2 ', 'Rst': '22 '}"
10600,Large Leather Shield,Standard +22 ,"{'Phy': '170 ', 'Mag': '- ', 'Fir': '- ', 'Lit': '- ', 'Hol': '- ', 'Sta': '114 '}","{'Str': 'C ', 'Dex': '- ', 'Int': '- ', 'Fai': '- ', 'Arc': '- '}",{'Any': '- '},"{'Phy': '85 ', 'Mag': '49 ', 'Fir': '36 ', 'Lit': '45 ', 'Hol': '45 ', 'Bst': '55.66 ', 'Rst': '22 '}"
10601,Large Leather Shield,Standard +23 ,"{'Phy': '175 ', 'Mag': '- ', 'Fir': '- ', 'Lit': '- ', 'Hol': '- ', 'Sta': '117 '}","{'Str': 'C ', 'Dex': '- ', 'Int': '- ', 'Fai': '- ', 'Arc': '- '}",{'Any': '- '},"{'Phy': '85 ', 'Mag': '49 ', 'Fir': '36 ', 'Lit': '45 ', 'Hol': '45 ', 'Bst': '56.12 ', 'Rst': '22 '}"
10602,Large Leather Shield,Standard +24 ,"{'Phy': '179 ', 'Mag': '- ', 'Fir': '- ', 'Lit': '- ', 'Hol': '- ', 'Sta': '119 '}","{'Str': 'C ', 'Dex': '- ', 'Int': '- ', 'Fai': '- ', 'Arc': '- '}",{'Any': '- '},"{'Phy': '85 ', 'Mag': '49 ', 'Fir': '36 ', 'Lit': '45 ', 'Hol': '45 ', 'Bst': '56.58 ', 'Rst': '22 '}"
10603,Large Leather Shield,Standard +25 ,"{'Phy': '183 ', 'Mag': '- ', 'Fir': '- ', 'Lit': '- ', 'Hol': '- ', 'Sta': '122 '}","{'Str': 'C ', 'Dex': '- ', 'Int': '- ', 'Fai': '- ', 'Arc': '- '}",{'Any': '- '},"{'Phy': '85 ', 'Mag': '49 ', 'Fir': '36 ', 'Lit': '45 ', 'Hol': '45 ', 'Bst': '57.04 ', 'Rst': '22 '}"
10916,Black Leather Shield,Standard ,"{'Phy': '75 ', 'Mag': '- ', 'Fir': '- ', 'Lit': '- ', 'Hol': '- ', 'Sta': '61 '}","{'Str': 'D ', 'Dex': '- ', 'Int': '- ', 'Fai': '- ', 'Arc': '- '}",{'Any': '- '},"{'Phy': '88 ', 'Mag': '45 ', 'Fir': '31 ', 'Lit': '46 ', 'Hol': '47 ', 'Bst': '44 ', 'Rst': '22 '}"
10917,Black Leather Shield,Standard +1 ,"{'Phy': '79 ', 'Mag': '- ', 'Fir': '- ', 'Lit': '- ', 'Hol': '- ', 'Sta': '63 '}","{'Str': 'D ', 'Dex': '- ', 'Int': '- ', 'Fai': '- ', 'Arc': '- '}",{'Any': '- '},"{'Phy': '88 ', 'Mag': '45 ', 'Fir': '31 ', 'Lit': '46 ', 'Hol': '47 ', 'Bst': '44 ', 'Rst': '22 '}"
10918,Black Leather Shield,Standard +2 ,"{'Phy': '83 ', 'Mag': '- ', 'Fir': '- ', 'Lit': '- ', 'Hol': '- ', 'Sta': '65 '}","{'Str': 'D ', 'Dex': '- ', 'Int': '- ', 'Fai': '- ', 'Arc': '- '}",{'Any': '- '},"{'Phy': '88 ', 'Mag': '45 ', 'Fir': '31 ', 'Lit': '46 ', 'Hol': '47 ', 'Bst': '44.44 ', 'Rst': '22 '}"
10919,Black Leather Shield,Standard +3 ,"{'Phy': '88 ', 'Mag': '- ', 'Fir': '- ', 'Lit': '- ', 'Hol': '- ', 'Sta': '68 '}","{'Str': 'D ', 'Dex': '- ', 'Int': '- ', 'Fai': '- ', 'Arc': '- '}",{'Any': '- '},"{'Phy': '88 ', 'Mag': '45 ', 'Fir': '31 ', 'Lit': '46 ', 'Hol': '47 ', 'Bst': '44.88 ', 'Rst': '22 '}"
10920,Black Leather Shield,Standard +4 ,"{'Phy': '92 ', 'Mag': '- ', 'Fir': '- ', 'Lit': '- ', 'Hol': '- ', 'Sta': '70 '}","{'Str': 'D ', 'Dex': '- ', 'Int': '- ', 'Fai': '- ', 'Arc': '- '}",{'Any': '- '},"{'Phy': '88 ', 'Mag': '45 ', 'Fir': '31 ', 'Lit': '46 ', 'Hol': '47 ', 'Bst': '45.32 ', 'Rst': '22 '}"
10921,Black Leather Shield,Standard +5 ,"{'Phy': '96 ', 'Mag': '- ', 'Fir': '- ', 'Lit': '- ', 'Hol': '- ', 'Sta': '73 '}","{'Str': 'D ', 'Dex': '- ', 'Int': '- ', 'Fai': '- ', 'Arc': '- '}",{'Any': '- '},"{'Phy': '88 ', 'Mag': '45 ', 'Fir': '31 ', 'Lit': '46 ', 'Hol': '47 ', 'Bst': '45.76 ', 'Rst': '22 '}"
10922,Black Leather Shield,Standard +6 ,"{'Phy': '101 ', 'Mag': '- ', 'Fir': '- ', 'Lit': '- ', 'Hol': '- ', 'Sta': '75 '}","{'Str': 'D ', 'Dex': '- ', 'Int': '- ', 'Fai': '- ', 'Arc': '- '}",{'Any': '- '},"{'Phy': '88 ', 'Mag': '45 ', 'Fir': '31 ', 'Lit': '46 ', 'Hol': '47 ', 'Bst': '46.2 ', 'Rst': '22 '}"
10923,Black Leather Shield,Standard +7 ,"{'Phy': '105 ', 'Mag': '- ', 'Fir': '- ', 'Lit': '- ', 'Hol': '- ', 'Sta': '78 '}","{'Str': 'D ', 'Dex': '- ', 'Int': '- ', 'Fai': '- ', 'Arc': '- '}",{'Any': '- '},"{'Phy': '88 ', 'Mag': '45 ', 'Fir': '31 ', 'Lit': '46 ', 'Hol': '47 ', 'Bst': '46.64 ', 'Rst': '22 '}"
10924,Black Leather Shield,Standard +8 ,"{'Phy': '109 ', 'Mag': '- ', 'Fir': '- ', 'Lit': '- ', 'Hol': '- ', 'Sta': '80 '}","{'Str': 'D ', 'Dex': '- ', 'Int': '- ', 'Fai': '- ', 'Arc': '- '}",{'Any': '- '},"{'Phy': '88 ', 'Mag': '45 ', 'Fir': '31 ', 'Lit': '46 ', 'Hol': '47 ', 'Bst': '47.08 ', 'Rst': '22 '}"
10925,Black Leather Shield,Standard +9 ,"{'Phy': '114 ', 'Mag': '- ', 'Fir': '- ', 'Lit': '- ', 'Hol': '- ', 'Sta': '82 '}","{'Str': 'D ', 'Dex': '- ', 'Int': '- ', 'Fai': '- ', 'Arc': '- '}",{'Any': '- '},"{'Phy': '88 ', 'Mag': '45 ', 'Fir': '31 ', 'Lit': '46 ', 'Hol': '47 ', 'Bst': '47.52 ', 'Rst': '22 '}"
10926,Black Leather Shield,Standard +10 ,"{'Phy': '118 ', 'Mag': '- ', 'Fir': '- ', 'Lit': '- ', 'Hol': '- ', 'Sta': '85 '}","{'Str': 'D ', 'Dex': '- ', 'Int': '- ', 'Fai': '- ', 'Arc': '- '}",{'Any': '- '},"{'Phy': '88 ', 'Mag': '45 ', 'Fir': '31 ', 'Lit': '46 ', 'Hol': '47 ', 'Bst': '47.96 ', 'Rst': '22 '}"
10927,Black Leather Shield,Standard +11 ,"{'Phy': '122 ', 'Mag': '- ', 'Fir': '- ', 'Lit': '- ', 'Hol': '- ', 'Sta': '87 '}","{'Str': 'D ', 'Dex': '- ', 'Int': '- ', 'Fai': '- ', 'Arc': '- '}",{'Any': '- '},"{'Phy': '88 ', 'Mag': '45 ', 'Fir': '31 ', 'Lit': '46 ', 'Hol': '47 ', 'Bst': '48.4 ', 'Rst': '22 '}"
10928,Black Leather Shield,Standard +12 ,"{'Phy': '127 ', 'Mag': '- ', 'Fir': '- ', 'Lit': '- ', 'Hol': '- ', 'Sta': '90 '}","{'Str': 'D ', 'Dex': '- ', 'Int': '- ', 'Fai': '- ', 'Arc': '- '}",{'Any': '- '},"{'Phy': '88 ', 'Mag': '45 ', 'Fir': '31 ', 'Lit': '46 ', 'Hol': '47 ', 'Bst': '48.84 ', 'Rst': '22 '}"
10929,Black Leather Shield,Standard +13 ,"{'Phy': '131 ', 'Mag': '- ', 'Fir': '- ', 'Lit': '- ', 'Hol': '- ', 'Sta': '92 '}","{'Str': 'D ', 'Dex': '- ', 'Int': '- ', 'Fai': '- ', 'Arc': '- '}",{'Any': '- '},"{'Phy': '88 ', 'Mag': '45 ', 'Fir': '31 ', 'Lit': '46 ', 'Hol': '47 ', 'Bst': '49.28 ', 'Rst': '22 '}"
10930,Black Leather Shield,Standard +14 ,"{'Phy': '135 ', 'Mag': '- ', 'Fir': '- ', 'Lit': '- ', 'Hol': '- ', 'Sta': '95 '}","{'Str': 'C ', 'Dex': '- ', 'Int': '- ', 'Fai': '- ', 'Arc': '- '}",{'Any': '- '},"{'Phy': '88 ', 'Mag': '45 ', 'Fir': '31 ', 'Lit': '46 ', 'Hol': '47 ', 'Bst': '49.72 ', 'Rst': '22 '}"
10931,Black Leather Shield,Standard +15 ,"{'Phy': '140 ', 'Mag': '- ', 'Fir': '- ', 'Lit': '- ', 'Hol': '- ', 'Sta': '97 '}","{'Str': 'C ', 'Dex': '- ', 'Int': '- ', 'Fai': '- ', 'Arc': '- '}",{'Any': '- '},"{'Phy': '88 ', 'Mag': '45 ', 'Fir': '31 ', 'Lit': '46 ', 'Hol': '47 ', 'Bst': '50.16 ', 'Rst': '22 '}"
10932,Black Leather Shield,Standard +16 ,"{'Phy': '144 ', 'Mag': '- ', 'Fir': '- ', 'Lit': '- ', 'Hol': '- ', 'Sta': '100 '}","{'Str': 'C ', 'Dex': '- ', 'Int': '- ', 'Fai': '- ', 'Arc': '- '}",{'Any': '- '},"{'Phy': '88 ', 'Mag': '45 ', 'Fir': '31 ', 'Lit': '46 ', 'Hol': '47 ', 'Bst': '50.6 ', 'Rst': '22 '}"
10933,Black Leather Shield,Standard +17 ,"{'Phy': '148 ', 'Mag': '- ', 'Fir': '- ', 'Lit': '- ', 'Hol': '- ', 'Sta': '102 '}","{'Str': 'C ', 'Dex': '- ', 'Int': '- ', 'Fai': '- ', 'Arc': '- '}",{'Any': '- '},"{'Phy': '88 ', 'Mag': '45 ', 'Fir': '31 ', 'Lit': '46 ', 'Hol': '47 ', 'Bst': '51.04 ', 'Rst': '22 '}"
10934,Black Leather Shield,Standard +18 ,"{'Phy': '153 ', 'Mag': '- ', 'Fir': '- ', 'Lit': '- ', 'Hol': '- ', 'Sta': '104 '}","{'Str': 'C ', 'Dex': '- ', 'Int': '- ', 'Fai': '- ', 'Arc': '- '}",{'Any': '- '},"{'Phy': '88 ', 'Mag': '45 ', 'Fir': '31 ', 'Lit': '46 ', 'Hol': '47 ', 'Bst': '51.48 ', 'Rst': '22 '}"
10935,Black Leather Shield,Standard +19 ,"{'Phy': '157 ', 'Mag': '- ', 'Fir': '- ', 'Lit': '- ', 'Hol': '- ', 'Sta': '107 '}","{'Str': 'C ', 'Dex': '- ', 'Int': '- ', 'Fai': '- ', 'Arc': '- '}",{'Any': '- '},"{'Phy': '88 ', 'Mag': '45 ', 'Fir': '31 ', 'Lit': '46 ', 'Hol': '47 ', 'Bst': '51.92 ', 'Rst': '22 '}"
10936,Black Leather Shield,Standard +20 ,"{'Phy': '162 ', 'Mag': '- ', 'Fir': '- ', 'Lit': '- ', 'Hol': '- ', 'Sta': '109 '}","{'Str': 'C ', 'Dex': '- ', 'Int': '- ', 'Fai': '- ', 'Arc': '- '}",{'Any': '- '},"{'Phy': '88 ', 'Mag': '45 ', 'Fir': '31 ', 'Lit': '46 ', 'Hol': '47 ', 'Bst': '52.36 ', 'Rst': '22 '}"
10937,Black Leather Shield,Standard +21 ,"{'Phy': '166 ', 'Mag': '- ', 'Fir': '- ', 'Lit': '- ', 'Hol': '- ', 'Sta': '112 '}","{'Str': 'C ', 'Dex': '- ', 'Int': '- ', 'Fai': '- ', 'Arc': '- '}",{'Any': '- '},"{'Phy': '88 ', 'Mag': '45 ', 'Fir': '31 ', 'Lit': '46 ', 'Hol': '47 ', 'Bst': '52.8 ', 'Rst': '22 '}"
10938,Black Leather Shield,Standard +22 ,"{'Phy': '170 ', 'Mag': '- ', 'Fir': '- ', 'Lit': '- ', 'Hol': '- ', 'Sta': '114 '}","{'Str': 'C ', 'Dex': '- ', 'Int': '- ', 'Fai': '- ', 'Arc': '- '}",{'Any': '- '},"{'Phy': '88 ', 'Mag': '45 ', 'Fir': '31 ', 'Lit': '46 ', 'Hol': '47 ', 'Bst': '53.24 ', 'Rst': '22 '}"
10939,Black Leather Shield,Standard +23 ,"{'Phy': '175 ', 'Mag': '- ', 'Fir': '- ', 'Lit': '- ', 'Hol': '- ', 'Sta': '117 '}","{'Str': 'C ', 'Dex': '- ', 'Int': '- ', 'Fai': '- ', 'Arc': '- '}",{'Any': '- '},"{'Phy': '88 ', 'Mag': '45 ', 'Fir': '31 ', 'Lit': '46 ', 'Hol': '47 ', 'Bst': '53.68 ', 'Rst': '22 '}"
10940,Black Leather Shield,Standard +24 ,"{'Phy': '179 ', 'Mag': '- ', 'Fir': '- ', 'Lit': '- ', 'Hol': '- ', 'Sta': '119 '}","{'Str': 'C ', 'Dex': '- ', 'Int': '- ', 'Fai': '- ', 'Arc': '- '}",{'Any': '- '},"{'Phy': '88 ', 'Mag': '45 ', 'Fir': '31 ', 'Lit': '46 ', 'Hol': '47 ', 'Bst': '54.12 ', 'Rst': '22 '}"
10941,Black Leather Shield,Standard +25 ,"{'Phy': '183 ', 'Mag': '- ', 'Fir': '- ', 'Lit': '- ', 'Hol': '- ', 'Sta': '122 '}","{'Str': 'C ', 'Dex': '- ', 'Int': '- ', 'Fai': '- ', 'Arc': '- '}",{'Any': '- '},"{'Phy': '88 ', 'Mag': '45 ', 'Fir': '31 ', 'Lit': '46 ', 'Hol': '47 ', 'Bst': '54.56 ', 'Rst': '22 '}"
11254,Marred Leather Shield,Standard ,"{'Phy': '75 ', 'Mag': '- ', 'Fir': '- ', 'Lit': '- ', 'Hol': '- ', 'Sta': '61 '}","{'Str': 'D ', 'Dex': '- ', 'Int': '- ', 'Fai': '- ', 'Arc': '- '}",{'Any': '(50) Hemorrhage '},"{'Phy': '81 ', 'Mag': '49 ', 'Fir': '36 ', 'Lit': '45 ', 'Hol': '45 ', 'Bst': '46 ', 'Rst': '22 '}"
11255,Marred Leather Shield,Standard +1 ,"{'Phy': '79 ', 'Mag': '- ', 'Fir': '- ', 'Lit': '- ', 'Hol': '- ', 'Sta': '63 '}","{'Str': 'D ', 'Dex': '- ', 'Int': '- ', 'Fai': '- ', 'Arc': '- '}",{'Any': '(50) Hemorrhage '},"{'Phy': '81 ', 'Mag': '49 ', 'Fir': '36 ', 'Lit': '45 ', 'Hol': '45 ', 'Bst': '46 ', 'Rst': '22 '}"
11256,Marred Leather Shield,Standard +2 ,"{'Phy': '83 ', 'Mag': '- ', 'Fir': '- ', 'Lit': '- ', 'Hol': '- ', 'Sta': '65 '}","{'Str': 'D ', 'Dex': '- ', 'Int': '- ', 'Fai': '- ', 'Arc': '- '}",{'Any': '(50) Hemorrhage '},"{'Phy': '81 ', 'Mag': '49 ', 'Fir': '36 ', 'Lit': '45 ', 'Hol': '45 ', 'Bst': '46.46 ', 'Rst': '22 '}"
11257,Marred Leather Shield,Standard +3 ,"{'Phy': '88 ', 'Mag': '- ', 'Fir': '- ', 'Lit': '- ', 'Hol': '- ', 'Sta': '68 '}","{'Str': 'D ', 'Dex': '- ', 'Int': '- ', 'Fai': '- ', 'Arc': '- '}",{'Any': '(50) Hemorrhage '},"{'Phy': '81 ', 'Mag': '49 ', 'Fir': '36 ', 'Lit': '45 ', 'Hol': '45 ', 'Bst': '46.92 ', 'Rst': '22 '}"
11258,Marred Leather Shield,Standard +4 ,"{'Phy': '92 ', 'Mag': '- ', 'Fir': '- ', 'Lit': '- ', 'Hol': '- ', 'Sta': '70 '}","{'Str': 'D ', 'Dex': '- ', 'Int': '- ', 'Fai': '- ', 'Arc': '- '}",{'Any': '(50) Hemorrhage '},"{'Phy': '81 ', 'Mag': '49 ', 'Fir': '36 ', 'Lit': '45 ', 'Hol': '45 ', 'Bst': '47.38 ', 'Rst': '22 '}"
11259,Marred Leather Shield,Standard +5 ,"{'Phy': '96 ', 'Mag': '- ', 'Fir': '- ', 'Lit': '- ', 'Hol': '- ', 'Sta': '73 '}","{'Str': 'D ', 'Dex': '- ', 'Int': '- ', 'Fai': '- ', 'Arc': '- '}",{'Any': '(50) Hemorrhage '},"{'Phy': '81 ', 'Mag': '49 ', 'Fir': '36 ', 'Lit': '45 ', 'Hol': '45 ', 'Bst': '47.84 ', 'Rst': '22 '}"
11260,Marred Leather Shield,Standard +6 ,"{'Phy': '101 ', 'Mag': '- ', 'Fir': '- ', 'Lit': '- ', 'Hol': '- ', 'Sta': '75 '}","{'Str': 'D ', 'Dex': '- ', 'Int': '- ', 'Fai': '- ', 'Arc': '- '}",{'Any': '(50) Hemorrhage '},"{'Phy': '81 ', 'Mag': '49 ', 'Fir': '36 ', 'Lit': '45 ', 'Hol': '45 ', 'Bst': '48.3 ', 'Rst': '22 '}"
11261,Marred Leather Shield,Standard +7 ,"{'Phy': '105 ', 'Mag': '- ', 'Fir': '- ', 'Lit': '- ', 'Hol': '- ', 'Sta': '78 '}","{'Str': 'D ', 'Dex': '- ', 'Int': '- ', 'Fai': '- ', 'Arc': '- '}",{'Any': '(50) Hemorrhage '},"{'Phy': '81 ', 'Mag': '49 ', 'Fir': '36 ', 'Lit': '45 ', 'Hol': '45 ', 'Bst': '48.76 ', 'Rst': '22 '}"
11262,Marred Leather Shield,Standard +8 ,"{'Phy': '109 ', 'Mag': '- ', 'Fir': '- ', 'Lit': '- ', 'Hol': '- ', 'Sta': '80 '}","{'Str': 'D ', 'Dex': '- ', 'Int': '- ', 'Fai': '- ', 'Arc': '- '}",{'Any': '(50) Hemorrhage '},"{'Phy': '81 ', 'Mag': '49 ', 'Fir': '36 ', 'Lit': '45 ', 'Hol': '45 ', 'Bst': '49.22 ', 'Rst': '22 '}"
11263,Marred Leather Shield,Standard +9 ,"{'Phy': '114 ', 'Mag': '- ', 'Fir': '- ', 'Lit': '- ', 'Hol': '- ', 'Sta': '82 '}","{'Str': 'D ', 'Dex': '- ', 'Int': '- ', 'Fai': '- ', 'Arc': '- '}",{'Any': '(50) Hemorrhage '},"{'Phy': '81 ', 'Mag': '49 ', 'Fir': '36 ', 'Lit': '45 ', 'Hol': '45 ', 'Bst': '49.68 ', 'Rst': '22 '}"
11264,Marred Leather Shield,Standard +10 ,"{'Phy': '118 ', 'Mag': '- ', 'Fir': '- ', 'Lit': '- ', 'Hol': '- ', 'Sta': '85 '}","{'Str': 'D ', 'Dex': '- ', 'Int': '- ', 'Fai': '- ', 'Arc': '- '}",{'Any': '(50) Hemorrhage '},"{'Phy': '81 ', 'Mag': '49 ', 'Fir': '36 ', 'Lit': '45 ', 'Hol': '45 ', 'Bst': '50.14 ', 'Rst': '22 '}"
11265,Marred Leather Shield,Standard +11 ,"{'Phy': '122 ', 'Mag': '- ', 'Fir': '- ', 'Lit': '- ', 'Hol': '- ', 'Sta': '87 '}","{'Str': 'D ', 'Dex': '- ', 'Int': '- ', 'Fai': '- ', 'Arc': '- '}",{'Any': '(50) Hemorrhage '},"{'Phy': '81 ', 'Mag': '49 ', 'Fir': '36 ', 'Lit': '45 ', 'Hol': '45 ', 'Bst': '50.6 ', 'Rst': '22 '}"
11266,Marred Leather Shield,Standard +12 ,"{'Phy': '127 ', 'Mag': '- ', 'Fir': '- ', 'Lit': '- ', 'Hol': '- ', 'Sta': '90 '}","{'Str': 'D ', 'Dex': '- ', 'Int': '- ', 'Fai': '- ', 'Arc': '- '}",{'Any': '(50) Hemorrhage '},"{'Phy': '81 ', 'Mag': '49 ', 'Fir': '36 ', 'Lit': '45 ', 'Hol': '45 ', 'Bst': '51.06 ', 'Rst': '22 '}"
11267,Marred Leather Shield,Standard +13 ,"{'Phy': '131 ', 'Mag': '- ', 'Fir': '- ', 'Lit': '- ', 'Hol': '- ', 'Sta': '92 '}","{'Str': 'D ', 'Dex': '- ', 'Int': '- ', 'Fai': '- ', 'Arc': '- '}",{'Any': '(50) Hemorrhage '},"{'Phy': '81 ', 'Mag': '49 ', 'Fir': '36 ', 'Lit': '45 ', 'Hol': '45 ', 'Bst': '51.52 ', 'Rst': '22 '}"
11268,Marred Leather Shield,Standard +14 ,"{'Phy': '135 ', 'Mag': '- ', 'Fir': '- ', 'Lit': '- ', 'Hol': '- ', 'Sta': '95 '}","{'Str': 'C ', 'Dex': '- ', 'Int': '- ', 'Fai': '- ', 'Arc': '- '}",{'Any': '(50) Hemorrhage '},"{'Phy': '81 ', 'Mag': '49 ', 'Fir': '36 ', 'Lit': '45 ', 'Hol': '45 ', 'Bst': '51.98 ', 'Rst': '22 '}"
11269,Marred Leather Shield,Standard +15 ,"{'Phy': '140 ', 'Mag': '- ', 'Fir': '- ', 'Lit': '- ', 'Hol': '- ', 'Sta': '97 '}","{'Str': 'C ', 'Dex': '- ', 'Int': '- ', 'Fai': '- ', 'Arc': '- '}",{'Any': '(50) Hemorrhage '},"{'Phy': '81 ', 'Mag': '49 ', 'Fir': '36 ', 'Lit': '45 ', 'Hol': '45 ', 'Bst': '52.44 ', 'Rst': '22 '}"
11270,Marred Leather Shield,Standard +16 ,"{'Phy': '144 ', 'Mag': '- ', 'Fir': '- ', 'Lit': '- ', 'Hol': '- ', 'Sta': '100 '}","{'Str': 'C ', 'Dex': '- ', 'Int': '- ', 'Fai': '- ', 'Arc': '- '}",{'Any': '(50) Hemorrhage '},"{'Phy': '81 ', 'Mag': '49 ', 'Fir': '36 ', 'Lit': '45 ', 'Hol': '45 ', 'Bst': '52.9 ', 'Rst': '22 '}"
11271,Marred Leather Shield,Standard +17 ,"{'Phy': '148 ', 'Mag': '- ', 'Fir': '- ', 'Lit': '- ', 'Hol': '- ', 'Sta': '102 '}","{'Str': 'C ', 'Dex': '- ', 'Int': '- ', 'Fai': '- ', 'Arc': '- '}",{'Any': '(50) Hemorrhage '},"{'Phy': '81 ', 'Mag': '49 ', 'Fir': '36 ', 'Lit': '45 ', 'Hol': '45 ', 'Bst': '53.36 ', 'Rst': '22 '}"
11272,Marred Leather Shield,Standard +18 ,"{'Phy': '153 ', 'Mag': '- ', 'Fir': '- ', 'Lit': '- ', 'Hol': '- ', 'Sta': '104 '}","{'Str': 'C ', 'Dex': '- ', 'Int': '- ', 'Fai': '- ', 'Arc': '- '}",{'Any': '(50) Hemorrhage '},"{'Phy': '81 ', 'Mag': '49 ', 'Fir': '36 ', 'Lit': '45 ', 'Hol': '45 ', 'Bst': '53.82 ', 'Rst': '22 '}"
11273,Marred Leather Shield,Standard +19 ,"{'Phy': '157 ', 'Mag': '- ', 'Fir': '- ', 'Lit': '- ', 'Hol': '- ', 'Sta': '107 '}","{'Str': 'C ', 'Dex': '- ', 'Int': '- ', 'Fai': '- ', 'Arc': '- '}",{'Any': '(50) Hemorrhage '},"{'Phy': '81 ', 'Mag': '49 ', 'Fir': '36 ', 'Lit': '45 ', 'Hol': '45 ', 'Bst': '54.28 ', 'Rst': '22 '}"
11274,Marred Leather Shield,Standard +20 ,"{'Phy': '162 ', 'Mag': '- ', 'Fir': '- ', 'Lit': '- ', 'Hol': '- ', 'Sta': '109 '}","{'Str': 'C ', 'Dex': '- ', 'Int': '- ', 'Fai': '- ', 'Arc': '- '}",{'Any': '(50) Hemorrhage '},"{'Phy': '81 ', 'Mag': '49 ', 'Fir': '36 ', 'Lit': '45 ', 'Hol': '45 ', 'Bst': '54.74 ', 'Rst': '22 '}"
11275,Marred Leather Shield,Standard +21 ,"{'Phy': '166 ', 'Mag': '- ', 'Fir': '- ', 'Lit': '- ', 'Hol': '- ', 'Sta': '112 '}","{'Str': 'C ', 'Dex': '- ', 'Int': '- ', 'Fai': '- ', 'Arc': '- '}",{'Any': '(50) Hemorrhage '},"{'Phy': '81 ', 'Mag': '49 ', 'Fir': '36 ', 'Lit': '45 ', 'Hol': '45 ', 'Bst': '55.2 ', 'Rst': '22 '}"
11276,Marred Leather Shield,Standard +22 ,"{'Phy': '170 ', 'Mag': '- ', 'Fir': '- ', 'Lit': '- ', 'Hol': '- ', 'Sta': '114 '}","{'Str': 'C ', 'Dex': '- ', 'Int': '- ', 'Fai': '- ', 'Arc': '- '}",{'Any': '(50) Hemorrhage '},"{'Phy': '81 ', 'Mag': '49 ', 'Fir': '36 ', 'Lit': '45 ', 'Hol': '45 ', 'Bst': '55.66 ', 'Rst': '22 '}"
11277,Marred Leather Shield,Standard +23 ,"{'Phy': '175 ', 'Mag': '- ', 'Fir': '- ', 'Lit': '- ', 'Hol': '- ', 'Sta': '117 '}","{'Str': 'C ', 'Dex': '- ', 'Int': '- ', 'Fai': '- ', 'Arc': '- '}",{'Any': '(50) Hemorrhage '},"{'Phy': '81 ', 'Mag': '49 ', 'Fir': '36 ', 'Lit': '45 ', 'Hol': '45 ', 'Bst': '56.12 ', 'Rst': '22 '}"
11278,Marred Leather Shield,Standard +24 ,"{'Phy': '179 ', 'Mag': '- ', 'Fir': '- ', 'Lit': '- ', 'Hol': '- ', 'Sta': '119 '}","{'Str': 'C ', 'Dex': '- ', 'Int': '- ', 'Fai': '- ', 'Arc': '- '}",{'Any': '(50) Hemorrhage '},"{'Phy': '81 ', 'Mag': '49 ', 'Fir': '36 ', 'Lit': '45 ', 'Hol': '45 ', 'Bst': '56.58 ', 'Rst': '22 '}"
11279,Marred Leather Shield,Standard +25 ,"{'Phy': '183 ', 'Mag': '- ', 'Fir': '- ', 'Lit': '- ', 'Hol': '- ', 'Sta': '122 '}","{'Str': 'C ', 'Dex': '- ', 'Int': '- ', 'Fai': '- ', 'Arc': '- '}",{'Any': '(50) Hemorrhage '},"{'Phy': '81 ', 'Mag': '49 ', 'Fir': '36 ', 'Lit': '45 ', 'Hol': '45 ', 'Bst': '57.04 ', 'Rst': '22 '}"
11592,Heater Shield,Standard ,"{'Phy': '77 ', 'Mag': '- ', 'Fir': '- ', 'Lit': '- ', 'Hol': '- ', 'Sta': '63 '}","{'Str': 'D ', 'Dex': '- ', 'Int': '- ', 'Fai': '- ', 'Arc': '- '}",{'Any': '- '},"{'Phy': '100 ', 'Mag': '43 ', 'Fir': '43 ', 'Lit': '27 ', 'Hol': '43 ', 'Bst': '49 ', 'Rst': '23 '}"
11593,Heater Shield,Standard +1 ,"{'Phy': '81 ', 'Mag': '- ', 'Fir': '- ', 'Lit': '- ', 'Hol': '- ', 'Sta': '65 '}","{'Str': 'D ', 'Dex': '- ', 'Int': '- ', 'Fai': '- ', 'Arc': '- '}",{'Any': '- '},"{'Phy': '100 ', 'Mag': '43 ', 'Fir': '43 ', 'Lit': '27 ', 'Hol': '43 ', 'Bst': '49 ', 'Rst': '23 '}"
11594,Heater Shield,Standard +2 ,"{'Phy': '85 ', 'Mag': '- ', 'Fir': '- ', 'Lit': '- ', 'Hol': '- ', 'Sta': '68 '}","{'Str': 'D ', 'Dex': '- ', 'Int': '- ', 'Fai': '- ', 'Arc': '- '}",{'Any': '- '},"{'Phy': '100 ', 'Mag': '43 ', 'Fir': '43 ', 'Lit': '27 ', 'Hol': '43 ', 'Bst': '49.49 ', 'Rst': '23 '}"
11595,Heater Shield,Standard +3 ,"{'Phy': '90 ', 'Mag': '- ', 'Fir': '- ', 'Lit': '- ', 'Hol': '- ', 'Sta': '70 '}","{'Str': 'D ', 'Dex': '- ', 'Int': '- ', 'Fai': '- ', 'Arc': '- '}",{'Any': '- '},"{'Phy': '100 ', 'Mag': '43 ', 'Fir': '43 ', 'Lit': '27 ', 'Hol': '43 ', 'Bst': '49.98 ', 'Rst': '23 '}"
11596,Heater Shield,Standard +4 ,"{'Phy': '94 ', 'Mag': '- ', 'Fir': '- ', 'Lit': '- ', 'Hol': '- ', 'Sta': '73 '}","{'Str': 'D ', 'Dex': '- ', 'Int': '- ', 'Fai': '- ', 'Arc': '- '}",{'Any': '- '},"{'Phy': '100 ', 'Mag': '43 ', 'Fir': '43 ', 'Lit': '27 ', 'Hol': '43 ', 'Bst': '50.47 ', 'Rst': '23 '}"
11597,Heater Shield,Standard +5 ,"{'Phy': '99 ', 'Mag': '- ', 'Fir': '- ', 'Lit': '- ', 'Hol': '- ', 'Sta': '75 '}","{'Str': 'D ', 'Dex': '- ', 'Int': '- ', 'Fai': '- ', 'Arc': '- '}",{'Any': '- '},"{'Phy': '100 ', 'Mag': '43 ', 'Fir': '43 ', 'Lit': '27 ', 'Hol': '43 ', 'Bst': '50.96 ', 'Rst': '23 '}"
11598,Heater Shield,Standard +6 ,"{'Phy': '103 ', 'Mag': '- ', 'Fir': '- ', 'Lit': '- ', 'Hol': '- ', 'Sta': '78 '}","{'Str': 'D ', 'Dex': '- ', 'Int': '- ', 'Fai': '- ', 'Arc': '- '}",{'Any': '- '},"{'Phy': '100 ', 'Mag': '43 ', 'Fir': '43 ', 'Lit': '27 ', 'Hol': '43 ', 'Bst': '51.45 ', 'Rst': '23 '}"
11599,Heater Shield,Standard +7 ,"{'Phy': '108 ', 'Mag': '- ', 'Fir': '- ', 'Lit': '- ', 'Hol': '- ', 'Sta': '80 '}","{'Str': 'D ', 'Dex': '- ', 'Int': '- ', 'Fai': '- ', 'Arc': '- '}",{'Any': '- '},"{'Phy': '100 ', 'Mag': '43 ', 'Fir': '43 ', 'Lit': '27 ', 'Hol': '43 ', 'Bst': '51.94 ', 'Rst': '23 '}"
11600,Heater Shield,Standard +8 ,"{'Phy': '112 ', 'Mag': '- ', 'Fir': '- ', 'Lit': '- ', 'Hol': '- ', 'Sta': '83 '}","{'Str': 'D ', 'Dex': '- ', 'Int': '- ', 'Fai': '- ', 'Arc': '- '}",{'Any': '- '},"{'Phy': '100 ', 'Mag': '43 ', 'Fir': '43 ', 'Lit': '27 ', 'Hol': '43 ', 'Bst': '52.43 ', 'Rst': '23 '}"
11601,Heater Shield,Standard +9 ,"{'Phy': '117 ', 'Mag': '- ', 'Fir': '- ', 'Lit': '- ', 'Hol': '- ', 'Sta': '85 '}","{'Str': 'D ', 'Dex': '- ', 'Int': '- ', 'Fai': '- ', 'Arc': '- '}",{'Any': '- '},"{'Phy': '100 ', 'Mag': '43 ', 'Fir': '43 ', 'Lit': '27 ', 'Hol': '43 ', 'Bst': '52.92 ', 'Rst': '23 '}"
11602,Heater Shield,Standard +10 ,"{'Phy': '121 ', 'Mag': '- ', 'Fir': '- ', 'Lit': '- ', 'Hol': '- ', 'Sta': '88 '}","{'Str': 'D ', 'Dex': '- ', 'Int': '- ', 'Fai': '- ', 'Arc': '- '}",{'Any': '- '},"{'Phy': '100 ', 'Mag': '43 ', 'Fir': '43 ', 'Lit': '27 ', 'Hol': '43 ', 'Bst': '53.41 ', 'Rst': '23 '}"
11603,Heater Shield,Standard +11 ,"{'Phy': '126 ', 'Mag': '- ', 'Fir': '- ', 'Lit': '- ', 'Hol': '- ', 'Sta': '90 '}","{'Str': 'D ', 'Dex': '- ', 'Int': '- ', 'Fai': '- ', 'Arc': '- '}",{'Any': '- '},"{'Phy': '100 ', 'Mag': '43 ', 'Fir': '43 ', 'Lit': '27 ', 'Hol': '43 ', 'Bst': '53.9 ', 'Rst': '23 '}"
11604,Heater Shield,Standard +12 ,"{'Phy': '130 ', 'Mag': '- ', 'Fir': '- ', 'Lit': '- ', 'Hol': '- ', 'Sta': '93 '}","{'Str': 'D ', 'Dex': '- ', 'Int': '- ', 'Fai': '- ', 'Arc': '- '}",{'Any': '- '},"{'Phy': '100 ', 'Mag': '43 ', 'Fir': '43 ', 'Lit': '27 ', 'Hol': '43 ', 'Bst': '54.39 ', 'Rst': '23 '}"
11605,Heater Shield,Standard +13 ,"{'Phy': '135 ', 'Mag': '- ', 'Fir': '- ', 'Lit': '- ', 'Hol': '- ', 'Sta': '95 '}","{'Str': 'D ', 'Dex': '- ', 'Int': '- ', 'Fai': '- ', 'Arc': '- '}",{'Any': '- '},"{'Phy': '100 ', 'Mag': '43 ', 'Fir': '43 ', 'Lit': '27 ', 'Hol': '43 ', 'Bst': '54.88 ', 'Rst': '23 '}"
11606,Heater Shield,Standard +14 ,"{'Phy': '139 ', 'Mag': '- ', 'Fir': '- ', 'Lit': '- ', 'Hol': '- ', 'Sta': '98 '}","{'Str': 'C ', 'Dex': '- ', 'Int': '- ', 'Fai': '- ', 'Arc': '- '}",{'Any': '- '},"{'Phy': '100 ', 'Mag': '43 ', 'Fir': '43 ', 'Lit': '27 ', 'Hol': '43 ', 'Bst': '55.37 ', 'Rst': '23 '}"
11607,Heater Shield,Standard +15 ,"{'Phy': '143 ', 'Mag': '- ', 'Fir': '- ', 'Lit': '- ', 'Hol': '- ', 'Sta': '100 '}","{'Str': 'C ', 'Dex': '- ', 'Int': '- ', 'Fai': '- ', 'Arc': '- '}",{'Any': '- '},"{'Phy': '100 ', 'Mag': '43 ', 'Fir': '43 ', 'Lit': '27 ', 'Hol': '43 ', 'Bst': '55.86 ', 'Rst': '23 '}"
11608,Heater Shield,Standard +16 ,"{'Phy': '148 ', 'Mag': '- ', 'Fir': '- ', 'Lit': '- ', 'Hol': '- ', 'Sta': '103 '}","{'Str': 'C ', 'Dex': '- ', 'Int': '- ', 'Fai': '- ', 'Arc': '- '}",{'Any': '- '},"{'Phy': '100 ', 'Mag': '43 ', 'Fir': '43 ', 'Lit': '27 ', 'Hol': '43 ', 'Bst': '56.35 ', 'Rst': '23 '}"
11609,Heater Shield,Standard +17 ,"{'Phy': '152 ', 'Mag': '- ', 'Fir': '- ', 'Lit': '- ', 'Hol': '- ', 'Sta': '105 '}","{'Str': 'C ', 'Dex': '- ', 'Int': '- ', 'Fai': '- ', 'Arc': '- '}",{'Any': '- '},"{'Phy': '100 ', 'Mag': '43 ', 'Fir': '43 ', 'Lit': '27 ', 'Hol': '43 ', 'Bst': '56.84 ', 'Rst': '23 '}"
11610,Heater Shield,Standard +18 ,"{'Phy': '157 ', 'Mag': '- ', 'Fir': '- ', 'Lit': '- ', 'Hol': '- ', 'Sta': '108 '}","{'Str': 'C ', 'Dex': '- ', 'Int': '- ', 'Fai': '- ', 'Arc': '- '}",{'Any': '- '},"{'Phy': '100 ', 'Mag': '43 ', 'Fir': '43 ', 'Lit': '27 ', 'Hol': '43 ', 'Bst': '57.33 ', 'Rst': '23 '}"
11611,Heater Shield,Standard +19 ,"{'Phy': '161 ', 'Mag': '- ', 'Fir': '- ', 'Lit': '- ', 'Hol': '- ', 'Sta': '110 '}","{'Str': 'C ', 'Dex': '- ', 'Int': '- ', 'Fai': '- ', 'Arc': '- '}",{'Any': '- '},"{'Phy': '100 ', 'Mag': '43 ', 'Fir': '43 ', 'Lit': '27 ', 'Hol': '43 ', 'Bst': '57.82 ', 'Rst': '23 '}"
11612,Heater Shield,Standard +20 ,"{'Phy': '166 ', 'Mag': '- ', 'Fir': '- ', 'Lit': '- ', 'Hol': '- ', 'Sta': '113 '}","{'Str': 'C ', 'Dex': '- ', 'Int': '- ', 'Fai': '- ', 'Arc': '- '}",{'Any': '- '},"{'Phy': '100 ', 'Mag': '43 ', 'Fir': '43 ', 'Lit': '27 ', 'Hol': '43 ', 'Bst': '58.31 ', 'Rst': '23 '}"
11613,Heater Shield,Standard +21 ,"{'Phy': '170 ', 'Mag': '- ', 'Fir': '- ', 'Lit': '- ', 'Hol': '- ', 'Sta': '115 '}","{'Str': 'C ', 'Dex': '- ', 'Int': '- ', 'Fai': '- ', 'Arc': '- '}",{'Any': '- '},"{'Phy': '100 ', 'Mag': '43 ', 'Fir': '43 ', 'Lit': '27 ', 'Hol': '43 ', 'Bst': '58.8 ', 'Rst': '23 '}"
11614,Heater Shield,Standard +22 ,"{'Phy': '175 ', 'Mag': '- ', 'Fir': '- ', 'Lit': '- ', 'Hol': '- ', 'Sta': '118 '}","{'Str': 'C ', 'Dex': '- ', 'Int': '- ', 'Fai': '- ', 'Arc': '- '}",{'Any': '- '},"{'Phy': '100 ', 'Mag': '43 ', 'Fir': '43 ', 'Lit': '27 ', 'Hol': '43 ', 'Bst': '59.29 ', 'Rst': '23 '}"
11615,Heater Shield,Standard +23 ,"{'Phy': '179 ', 'Mag': '- ', 'Fir': '- ', 'Lit': '- ', 'Hol': '- ', 'Sta': '120 '}","{'Str': 'C ', 'Dex': '- ', 'Int': '- ', 'Fai': '- ', 'Arc': '- '}",{'Any': '- '},"{'Phy': '100 ', 'Mag': '43 ', 'Fir': '43 ', 'Lit': '27 ', 'Hol': '43 ', 'Bst': '59.78 ', 'Rst': '23 '}"
11616,Heater Shield,Standard +24 ,"{'Phy': '184 ', 'Mag': '- ', 'Fir': '- ', 'Lit': '- ', 'Hol': '- ', 'Sta': '123 '}","{'Str': 'C ', 'Dex': '- ', 'Int': '- ', 'Fai': '- ', 'Arc': '- '}",{'Any': '- '},"{'Phy': '100 ', 'Mag': '43 ', 'Fir': '43 ', 'Lit': '27 ', 'Hol': '43 ', 'Bst': '60.27 ', 'Rst': '23 '}"
11617,Heater Shield,Standard +25 ,"{'Phy': '188 ', 'Mag': '- ', 'Fir': '- ', 'Lit': '- ', 'Hol': '- ', 'Sta': '126 '}","{'Str': 'C ', 'Dex': '- ', 'Int': '- ', 'Fai': '- ', 'Arc': '- '}",{'Any': '- '},"{'Phy': '100 ', 'Mag': '43 ', 'Fir': '43 ', 'Lit': '27 ', 'Hol': '43 ', 'Bst': '60.76 ', 'Rst': '23 '}"
11930,Blue Crest Heater Shield,Standard ,"{'Phy': '77 ', 'Mag': '- ', 'Fir': '- ', 'Lit': '- ', 'Hol': '- ', 'Sta': '63 '}","{'Str': 'D ', 'Dex': '- ', 'Int': '- ', 'Fai': '- ', 'Arc': '- '}",{'Any': '- '},"{'Phy': '100 ', 'Mag': '43 ', 'Fir': '42 ', 'Lit': '32 ', 'Hol': '50 ', 'Bst': '50 ', 'Rst': '23 '}"
11931,Blue Crest Heater Shield,Standard +1 ,"{'Phy': '81 ', 'Mag': '- ', 'Fir': '- ', 'Lit': '- ', 'Hol': '- ', 'Sta': '65 '}","{'Str': 'D ', 'Dex': '- ', 'Int': '- ', 'Fai': '- ', 'Arc': '- '}",{'Any': '- '},"{'Phy': '100 ', 'Mag': '43 ', 'Fir': '42 ', 'Lit': '32 ', 'Hol': '50 ', 'Bst': '50 ', 'Rst': '23 '}"
11932,Blue Crest Heater Shield,Standard +2 ,"{'Phy': '85 ', 'Mag': '- ', 'Fir': '- ', 'Lit': '- ', 'Hol': '- ', 'Sta': '68 '}","{'Str': 'D ', 'Dex': '- ', 'Int': '- ', 'Fai': '- ', 'Arc': '- '}",{'Any': '- '},"{'Phy': '100 ', 'Mag': '43 ', 'Fir': '42 ', 'Lit': '32 ', 'Hol': '50 ', 'Bst': '50.5 ', 'Rst': '23 '}"
11933,Blue Crest Heater Shield,Standard +3 ,"{'Phy': '90 ', 'Mag': '- ', 'Fir': '- ', 'Lit': '- ', 'Hol': '- ', 'Sta': '70 '}","{'Str': 'D ', 'Dex': '- ', 'Int': '- ', 'Fai': '- ', 'Arc': '- '}",{'Any': '- '},"{'Phy': '100 ', 'Mag': '43 ', 'Fir': '42 ', 'Lit': '32 ', 'Hol': '50 ', 'Bst': '51 ', 'Rst': '23 '}"
11934,Blue Crest Heater Shield,Standard +4 ,"{'Phy': '94 ', 'Mag': '- ', 'Fir': '- ', 'Lit': '- ', 'Hol': '- ', 'Sta': '73 '}","{'Str': 'D ', 'Dex': '- ', 'Int': '- ', 'Fai': '- ', 'Arc': '- '}",{'Any': '- '},"{'Phy': '100 ', 'Mag': '43 ', 'Fir': '42 ', 'Lit': '32 ', 'Hol': '50 ', 'Bst': '51.5 ', 'Rst': '23 '}"
11935,Blue Crest Heater Shield,Standard +5 ,"{'Phy': '99 ', 'Mag': '- ', 'Fir': '- ', 'Lit': '- ', 'Hol': '- ', 'Sta': '75 '}","{'Str': 'D ', 'Dex': '- ', 'Int': '- ', 'Fai': '- ', 'Arc': '- '}",{'Any': '- '},"{'Phy': '100 ', 'Mag': '43 ', 'Fir': '42 ', 'Lit': '32 ', 'Hol': '50 ', 'Bst': '52 ', 'Rst': '23 '}"
11936,Blue Crest Heater Shield,Standard +6 ,"{'Phy': '103 ', 'Mag': '- ', 'Fir': '- ', 'Lit': '- ', 'Hol': '- ', 'Sta': '78 '}","{'Str': 'D ', 'Dex': '- ', 'Int': '- ', 'Fai': '- ', 'Arc': '- '}",{'Any': '- '},"{'Phy': '100 ', 'Mag': '43 ', 'Fir': '42 ', 'Lit': '32 ', 'Hol': '50 ', 'Bst': '52.5 ', 'Rst': '23 '}"
11937,Blue Crest Heater Shield,Standard +7 ,"{'Phy': '108 ', 'Mag': '- ', 'Fir': '- ', 'Lit': '- ', 'Hol': '- ', 'Sta': '80 '}","{'Str': 'D ', 'Dex': '- ', 'Int': '- ', 'Fai': '- ', 'Arc': '- '}",{'Any': '- '},"{'Phy': '100 ', 'Mag': '43 ', 'Fir': '42 ', 'Lit': '32 ', 'Hol': '50 ', 'Bst': '53 ', 'Rst': '23 '}"
11938,Blue Crest Heater Shield,Standard +8 ,"{'Phy': '112 ', 'Mag': '- ', 'Fir': '- ', 'Lit': '- ', 'Hol': '- ', 'Sta': '83 '}","{'Str': 'D ', 'Dex': '- ', 'Int': '- ', 'Fai': '- ', 'Arc': '- '}",{'Any': '- '},"{'Phy': '100 ', 'Mag': '43 ', 'Fir': '42 ', 'Lit': '32 ', 'Hol': '50 ', 'Bst': '53.5 ', 'Rst': '23 '}"
11939,Blue Crest Heater Shield,Standard +9 ,"{'Phy': '117 ', 'Mag': '- ', 'Fir': '- ', 'Lit': '- ', 'Hol': '- ', 'Sta': '85 '}","{'Str': 'D ', 'Dex': '- ', 'Int': '- ', 'Fai': '- ', 'Arc': '- '}",{'Any': '- '},"{'Phy': '100 ', 'Mag': '43 ', 'Fir': '42 ', 'Lit': '32 ', 'Hol': '50 ', 'Bst': '54 ', 'Rst': '23 '}"
11940,Blue Crest Heater Shield,Standard +10 ,"{'Phy': '121 ', 'Mag': '- ', 'Fir': '- ', 'Lit': '- ', 'Hol': '- ', 'Sta': '88 '}","{'Str': 'D ', 'Dex': '- ', 'Int': '- ', 'Fai': '- ', 'Arc': '- '}",{'Any': '- '},"{'Phy': '100 ', 'Mag': '43 ', 'Fir': '42 ', 'Lit': '32 ', 'Hol': '50 ', 'Bst': '54.5 ', 'Rst': '23 '}"
11941,Blue Crest Heater Shield,Standard +11 ,"{'Phy': '126 ', 'Mag': '- ', 'Fir': '- ', 'Lit': '- ', 'Hol': '- ', 'Sta': '90 '}","{'Str': 'D ', 'Dex': '- ', 'Int': '- ', 'Fai': '- ', 'Arc': '- '}",{'Any': '- '},"{'Phy': '100 ', 'Mag': '43 ', 'Fir': '42 ', 'Lit': '32 ', 'Hol': '50 ', 'Bst': '55 ', 'Rst': '23 '}"
11942,Blue Crest Heater Shield,Standard +12 ,"{'Phy': '130 ', 'Mag': '- ', 'Fir': '- ', 'Lit': '- ', 'Hol': '- ', 'Sta': '93 '}","{'Str': 'D ', 'Dex': '- ', 'Int': '- ', 'Fai': '- ', 'Arc': '- '}",{'Any': '- '},"{'Phy': '100 ', 'Mag': '43 ', 'Fir': '42 ', 'Lit': '32 ', 'Hol': '50 ', 'Bst': '55.5 ', 'Rst': '23 '}"
11943,Blue Crest Heater Shield,Standard +13 ,"{'Phy': '135 ', 'Mag': '- ', 'Fir': '- ', 'Lit': '- ', 'Hol': '- ', 'Sta': '95 '}","{'Str': 'D ', 'Dex': '- ', 'Int': '- ', 'Fai': '- ', 'Arc': '- '}",{'Any': '- '},"{'Phy': '100 ', 'Mag': '43 ', 'Fir': '42 ', 'Lit': '32 ', 'Hol': '50 ', 'Bst': '56 ', 'Rst': '23 '}"
11944,Blue Crest Heater Shield,Standard +14 ,"{'Phy': '139 ', 'Mag': '- ', 'Fir': '- ', 'Lit': '- ', 'Hol': '- ', 'Sta': '98 '}","{'Str': 'C ', 'Dex': '- ', 'Int': '- ', 'Fai': '- ', 'Arc': '- '}",{'Any': '- '},"{'Phy': '100 ', 'Mag': '43 ', 'Fir': '42 ', 'Lit': '32 ', 'Hol': '50 ', 'Bst': '56.5 ', 'Rst': '23 '}"
11945,Blue Crest Heater Shield,Standard +15 ,"{'Phy': '143 ', 'Mag': '- ', 'Fir': '- ', 'Lit': '- ', 'Hol': '- ', 'Sta': '100 '}","{'Str': 'C ', 'Dex': '- ', 'Int': '- ', 'Fai': '- ', 'Arc': '- '}",{'Any': '- '},"{'Phy': '100 ', 'Mag': '43 ', 'Fir': '42 ', 'Lit': '32 ', 'Hol': '50 ', 'Bst': '57 ', 'Rst': '23 '}"
11946,Blue Crest Heater Shield,Standard +16 ,"{'Phy': '148 ', 'Mag': '- ', 'Fir': '- ', 'Lit': '- ', 'Hol': '- ', 'Sta': '103 '}","{'Str': 'C ', 'Dex': '- ', 'Int': '- ', 'Fai': '- ', 'Arc': '- '}",{'Any': '- '},"{'Phy': '100 ', 'Mag': '43 ', 'Fir': '42 ', 'Lit': '32 ', 'Hol': '50 ', 'Bst': '57.5 ', 'Rst': '23 '}"
11947,Blue Crest Heater Shield,Standard +17 ,"{'Phy': '152 ', 'Mag': '- ', 'Fir': '- ', 'Lit': '- ', 'Hol': '- ', 'Sta': '105 '}","{'Str': 'C ', 'Dex': '- ', 'Int': '- ', 'Fai': '- ', 'Arc': '- '}",{'Any': '- '},"{'Phy': '100 ', 'Mag': '43 ', 'Fir': '42 ', 'Lit': '32 ', 'Hol': '50 ', 'Bst': '58 ', 'Rst': '23 '}"
11948,Blue Crest Heater Shield,Standard +18 ,"{'Phy': '157 ', 'Mag': '- ', 'Fir': '- ', 'Lit': '- ', 'Hol': '- ', 'Sta': '108 '}","{'Str': 'C ', 'Dex': '- ', 'Int': '- ', 'Fai': '- ', 'Arc': '- '}",{'Any': '- '},"{'Phy': '100 ', 'Mag': '43 ', 'Fir': '42 ', 'Lit': '32 ', 'Hol': '50 ', 'Bst': '58.5 ', 'Rst': '23 '}"
11949,Blue Crest Heater Shield,Standard +19 ,"{'Phy': '161 ', 'Mag': '- ', 'Fir': '- ', 'Lit': '- ', 'Hol': '- ', 'Sta': '110 '}","{'Str': 'C ', 'Dex': '- ', 'Int': '- ', 'Fai': '- ', 'Arc': '- '}",{'Any': '- '},"{'Phy': '100 ', 'Mag': '43 ', 'Fir': '42 ', 'Lit': '32 ', 'Hol': '50 ', 'Bst': '59 ', 'Rst': '23 '}"
11950,Blue Crest Heater Shield,Standard +20 ,"{'Phy': '166 ', 'Mag': '- ', 'Fir': '- ', 'Lit': '- ', 'Hol': '- ', 'Sta': '113 '}","{'Str': 'C ', 'Dex': '- ', 'Int': '- ', 'Fai': '- ', 'Arc': '- '}",{'Any': '- '},"{'Phy': '100 ', 'Mag': '43 ', 'Fir': '42 ', 'Lit': '32 ', 'Hol': '50 ', 'Bst': '59.5 ', 'Rst': '23 '}"
11951,Blue Crest Heater Shield,Standard +21 ,"{'Phy': '170 ', 'Mag': '- ', 'Fir': '- ', 'Lit': '- ', 'Hol': '- ', 'Sta': '115 '}","{'Str': 'C ', 'Dex': '- ', 'Int': '- ', 'Fai': '- ', 'Arc': '- '}",{'Any': '- '},"{'Phy': '100 ', 'Mag': '43 ', 'Fir': '42 ', 'Lit': '32 ', 'Hol': '50 ', 'Bst': '60 ', 'Rst': '23 '}"
11952,Blue Crest Heater Shield,Standard +22 ,"{'Phy': '175 ', 'Mag': '- ', 'Fir': '- ', 'Lit': '- ', 'Hol': '- ', 'Sta': '118 '}","{'Str': 'C ', 'Dex': '- ', 'Int': '- ', 'Fai': '- ', 'Arc': '- '}",{'Any': '- '},"{'Phy': '100 ', 'Mag': '43 ', 'Fir': '42 ', 'Lit': '32 ', 'Hol': '50 ', 'Bst': '60.5 ', 'Rst': '23 '}"
11953,Blue Crest Heater Shield,Standard +23 ,"{'Phy': '179 ', 'Mag': '- ', 'Fir': '- ', 'Lit': '- ', 'Hol': '- ', 'Sta': '120 '}","{'Str': 'C ', 'Dex': '- ', 'Int': '- ', 'Fai': '- ', 'Arc': '- '}",{'Any': '- '},"{'Phy': '100 ', 'Mag': '43 ', 'Fir': '42 ', 'Lit': '32 ', 'Hol': '50 ', 'Bst': '61 ', 'Rst': '23 '}"
11954,Blue Crest Heater Shield,Standard +24 ,"{'Phy': '184 ', 'Mag': '- ', 'Fir': '- ', 'Lit': '- ', 'Hol': '- ', 'Sta': '123 '}","{'Str': 'C ', 'Dex': '- ', 'Int': '- ', 'Fai': '- ', 'Arc': '- '}",{'Any': '- '},"{'Phy': '100 ', 'Mag': '43 ', 'Fir': '42 ', 'Lit': '32 ', 'Hol': '50 ', 'Bst': '61.5 ', 'Rst': '23 '}"
11955,Blue Crest Heater Shield,Standard +25 ,"{'Phy': '188 ', 'Mag': '- ', 'Fir': '- ', 'Lit': '- ', 'Hol': '- ', 'Sta': '126 '}","{'Str': 'C ', 'Dex': '- ', 'Int': '- ', 'Fai': '- ', 'Arc': '- '}",{'Any': '- '},"{'Phy': '100 ', 'Mag': '43 ', 'Fir': '42 ', 'Lit': '32 ', 'Hol': '50 ', 'Bst': '62 ', 'Rst': '23 '}"
12268,Red Crest Heater Shield,Standard ,"{'Phy': '77 ', 'Mag': '- ', 'Fir': '- ', 'Lit': '- ', 'Hol': '- ', 'Sta': '63 '}","{'Str': 'D ', 'Dex': '- ', 'Int': '- ', 'Fai': '- ', 'Arc': '- '}",{'Any': '- '},"{'Phy': '100 ', 'Mag': '42 ', 'Fir': '50 ', 'Lit': '32 ', 'Hol': '43 ', 'Bst': '50 ', 'Rst': '23 '}"
12269,Red Crest Heater Shield,Standard +1 ,"{'Phy': '81 ', 'Mag': '- ', 'Fir': '- ', 'Lit': '- ', 'Hol': '- ', 'Sta': '65 '}","{'Str': 'D ', 'Dex': '- ', 'Int': '- ', 'Fai': '- ', 'Arc': '- '}",{'Any': '- '},"{'Phy': '100 ', 'Mag': '42 ', 'Fir': '50 ', 'Lit': '32 ', 'Hol': '43 ', 'Bst': '50 ', 'Rst': '23 '}"
12270,Red Crest Heater Shield,Standard +2 ,"{'Phy': '85 ', 'Mag': '- ', 'Fir': '- ', 'Lit': '- ', 'Hol': '- ', 'Sta': '68 '}","{'Str': 'D ', 'Dex': '- ', 'Int': '- ', 'Fai': '- ', 'Arc': '- '}",{'Any': '- '},"{'Phy': '100 ', 'Mag': '42 ', 'Fir': '50 ', 'Lit': '32 ', 'Hol': '43 ', 'Bst': '50.5 ', 'Rst': '23 '}"
12271,Red Crest Heater Shield,Standard +3 ,"{'Phy': '90 ', 'Mag': '- ', 'Fir': '- ', 'Lit': '- ', 'Hol': '- ', 'Sta': '70 '}","{'Str': 'D ', 'Dex': '- ', 'Int': '- ', 'Fai': '- ', 'Arc': '- '}",{'Any': '- '},"{'Phy': '100 ', 'Mag': '42 ', 'Fir': '50 ', 'Lit': '32 ', 'Hol': '43 ', 'Bst': '51 ', 'Rst': '23 '}"
12272,Red Crest Heater Shield,Standard +4 ,"{'Phy': '94 ', 'Mag': '- ', 'Fir': '- ', 'Lit': '- ', 'Hol': '- ', 'Sta': '73 '}","{'Str': 'D ', 'Dex': '- ', 'Int': '- ', 'Fai': '- ', 'Arc': '- '}",{'Any': '- '},"{'Phy': '100 ', 'Mag': '42 ', 'Fir': '50 ', 'Lit': '32 ', 'Hol': '43 ', 'Bst': '51.5 ', 'Rst': '23 '}"
12273,Red Crest Heater Shield,Standard +5 ,"{'Phy': '99 ', 'Mag': '- ', 'Fir': '- ', 'Lit': '- ', 'Hol': '- ', 'Sta': '75 '}","{'Str': 'D ', 'Dex': '- ', 'Int': '- ', 'Fai': '- ', 'Arc': '- '}",{'Any': '- '},"{'Phy': '100 ', 'Mag': '42 ', 'Fir': '50 ', 'Lit': '32 ', 'Hol': '43 ', 'Bst': '52 ', 'Rst': '23 '}"
12274,Red Crest Heater Shield,Standard +6 ,"{'Phy': '103 ', 'Mag': '- ', 'Fir': '- ', 'Lit': '- ', 'Hol': '- ', 'Sta': '78 '}","{'Str': 'D ', 'Dex': '- ', 'Int': '- ', 'Fai': '- ', 'Arc': '- '}",{'Any': '- '},"{'Phy': '100 ', 'Mag': '42 ', 'Fir': '50 ', 'Lit': '32 ', 'Hol': '43 ', 'Bst': '52.5 ', 'Rst': '23 '}"
12275,Red Crest Heater Shield,Standard +7 ,"{'Phy': '108 ', 'Mag': '- ', 'Fir': '- ', 'Lit': '- ', 'Hol': '- ', 'Sta': '80 '}","{'Str': 'D ', 'Dex': '- ', 'Int': '- ', 'Fai': '- ', 'Arc': '- '}",{'Any': '- '},"{'Phy': '100 ', 'Mag': '42 ', 'Fir': '50 ', 'Lit': '32 ', 'Hol': '43 ', 'Bst': '53 ', 'Rst': '23 '}"
12276,Red Crest Heater Shield,Standard +8 ,"{'Phy': '112 ', 'Mag': '- ', 'Fir': '- ', 'Lit': '- ', 'Hol': '- ', 'Sta': '83 '}","{'Str': 'D ', 'Dex': '- ', 'Int': '- ', 'Fai': '- ', 'Arc': '- '}",{'Any': '- '},"{'Phy': '100 ', 'Mag': '42 ', 'Fir': '50 ', 'Lit': '32 ', 'Hol': '43 ', 'Bst': '53.5 ', 'Rst': '23 '}"
12277,Red Crest Heater Shield,Standard +9 ,"{'Phy': '117 ', 'Mag': '- ', 'Fir': '- ', 'Lit': '- ', 'Hol': '- ', 'Sta': '85 '}","{'Str': 'D ', 'Dex': '- ', 'Int': '- ', 'Fai': '- ', 'Arc': '- '}",{'Any': '- '},"{'Phy': '100 ', 'Mag': '42 ', 'Fir': '50 ', 'Lit': '32 ', 'Hol': '43 ', 'Bst': '54 ', 'Rst': '23 '}"
12278,Red Crest Heater Shield,Standard +10 ,"{'Phy': '121 ', 'Mag': '- ', 'Fir': '- ', 'Lit': '- ', 'Hol': '- ', 'Sta': '88 '}","{'Str': 'D ', 'Dex': '- ', 'Int': '- ', 'Fai': '- ', 'Arc': '- '}",{'Any': '- '},"{'Phy': '100 ', 'Mag': '42 ', 'Fir': '50 ', 'Lit': '32 ', 'Hol': '43 ', 'Bst': '54.5 ', 'Rst': '23 '}"
12279,Red Crest Heater Shield,Standard +11 ,"{'Phy': '126 ', 'Mag': '- ', 'Fir': '- ', 'Lit': '- ', 'Hol': '- ', 'Sta': '90 '}","{'Str': 'D ', 'Dex': '- ', 'Int': '- ', 'Fai': '- ', 'Arc': '- '}",{'Any': '- '},"{'Phy': '100 ', 'Mag': '42 ', 'Fir': '50 ', 'Lit': '32 ', 'Hol': '43 ', 'Bst': '55 ', 'Rst': '23 '}"
12280,Red Crest Heater Shield,Standard +12 ,"{'Phy': '130 ', 'Mag': '- ', 'Fir': '- ', 'Lit': '- ', 'Hol': '- ', 'Sta': '93 '}","{'Str': 'D ', 'Dex': '- ', 'Int': '- ', 'Fai': '- ', 'Arc': '- '}",{'Any': '- '},"{'Phy': '100 ', 'Mag': '42 ', 'Fir': '50 ', 'Lit': '32 ', 'Hol': '43 ', 'Bst': '55.5 ', 'Rst': '23 '}"
12281,Red Crest Heater Shield,Standard +13 ,"{'Phy': '135 ', 'Mag': '- ', 'Fir': '- ', 'Lit': '- ', 'Hol': '- ', 'Sta': '95 '}","{'Str': 'D ', 'Dex': '- ', 'Int': '- ', 'Fai': '- ', 'Arc': '- '}",{'Any': '- '},"{'Phy': '100 ', 'Mag': '42 ', 'Fir': '50 ', 'Lit': '32 ', 'Hol': '43 ', 'Bst': '56 ', 'Rst': '23 '}"
12282,Red Crest Heater Shield,Standard +14 ,"{'Phy': '139 ', 'Mag': '- ', 'Fir': '- ', 'Lit': '- ', 'Hol': '- ', 'Sta': '98 '}","{'Str': 'C ', 'Dex': '- ', 'Int': '- ', 'Fai': '- ', 'Arc': '- '}",{'Any': '- '},"{'Phy': '100 ', 'Mag': '42 ', 'Fir': '50 ', 'Lit': '32 ', 'Hol': '43 ', 'Bst': '56.5 ', 'Rst': '23 '}"
12283,Red Crest Heater Shield,Standard +15 ,"{'Phy': '143 ', 'Mag': '- ', 'Fir': '- ', 'Lit': '- ', 'Hol': '- ', 'Sta': '100 '}","{'Str': 'C ', 'Dex': '- ', 'Int': '- ', 'Fai': '- ', 'Arc': '- '}",{'Any': '- '},"{'Phy': '100 ', 'Mag': '42 ', 'Fir': '50 ', 'Lit': '32 ', 'Hol': '43 ', 'Bst': '57 ', 'Rst': '23 '}"
12284,Red Crest Heater Shield,Standard +16 ,"{'Phy': '148 ', 'Mag': '- ', 'Fir': '- ', 'Lit': '- ', 'Hol': '- ', 'Sta': '103 '}","{'Str': 'C ', 'Dex': '- ', 'Int': '- ', 'Fai': '- ', 'Arc': '- '}",{'Any': '- '},"{'Phy': '100 ', 'Mag': '42 ', 'Fir': '50 ', 'Lit': '32 ', 'Hol': '43 ', 'Bst': '57.5 ', 'Rst': '23 '}"
12285,Red Crest Heater Shield,Standard +17 ,"{'Phy': '152 ', 'Mag': '- ', 'Fir': '- ', 'Lit': '- ', 'Hol': '- ', 'Sta': '105 '}","{'Str': 'C ', 'Dex': '- ', 'Int': '- ', 'Fai': '- ', 'Arc': '- '}",{'Any': '- '},"{'Phy': '100 ', 'Mag': '42 ', 'Fir': '50 ', 'Lit': '32 ', 'Hol': '43 ', 'Bst': '58 ', 'Rst': '23 '}"
12286,Red Crest Heater Shield,Standard +18 ,"{'Phy': '157 ', 'Mag': '- ', 'Fir': '- ', 'Lit': '- ', 'Hol': '- ', 'Sta': '108 '}","{'Str': 'C ', 'Dex': '- ', 'Int': '- ', 'Fai': '- ', 'Arc': '- '}",{'Any': '- '},"{'Phy': '100 ', 'Mag': '42 ', 'Fir': '50 ', 'Lit': '32 ', 'Hol': '43 ', 'Bst': '58.5 ', 'Rst': '23 '}"
12287,Red Crest Heater Shield,Standard +19 ,"{'Phy': '161 ', 'Mag': '- ', 'Fir': '- ', 'Lit': '- ', 'Hol': '- ', 'Sta': '110 '}","{'Str': 'C ', 'Dex': '- ', 'Int': '- ', 'Fai': '- ', 'Arc': '- '}",{'Any': '- '},"{'Phy': '100 ', 'Mag': '42 ', 'Fir': '50 ', 'Lit': '32 ', 'Hol': '43 ', 'Bst': '59 ', 'Rst': '23 '}"
12288,Red Crest Heater Shield,Standard +20 ,"{'Phy': '166 ', 'Mag': '- ', 'Fir': '- ', 'Lit': '- ', 'Hol': '- ', 'Sta': '113 '}","{'Str': 'C ', 'Dex': '- ', 'Int': '- ', 'Fai': '- ', 'Arc': '- '}",{'Any': '- '},"{'Phy': '100 ', 'Mag': '42 ', 'Fir': '50 ', 'Lit': '32 ', 'Hol': '43 ', 'Bst': '59.5 ', 'Rst': '23 '}"
12289,Red Crest Heater Shield,Standard +21 ,"{'Phy': '170 ', 'Mag': '- ', 'Fir': '- ', 'Lit': '- ', 'Hol': '- ', 'Sta': '115 '}","{'Str': 'C ', 'Dex': '- ', 'Int': '- ', 'Fai': '- ', 'Arc': '- '}",{'Any': '- '},"{'Phy': '100 ', 'Mag': '42 ', 'Fir': '50 ', 'Lit': '32 ', 'Hol': '43 ', 'Bst': '60 ', 'Rst': '23 '}"
12290,Red Crest Heater Shield,Standard +22 ,"{'Phy': '175 ', 'Mag': '- ', 'Fir': '- ', 'Lit': '- ', 'Hol': '- ', 'Sta': '118 '}","{'Str': 'C ', 'Dex': '- ', 'Int': '- ', 'Fai': '- ', 'Arc': '- '}",{'Any': '- '},"{'Phy': '100 ', 'Mag': '42 ', 'Fir': '50 ', 'Lit': '32 ', 'Hol': '43 ', 'Bst': '60.5 ', 'Rst': '23 '}"
12291,Red Crest Heater Shield,Standard +23 ,"{'Phy': '179 ', 'Mag': '- ', 'Fir': '- ', 'Lit': '- ', 'Hol': '- ', 'Sta': '120 '}","{'Str': 'C ', 'Dex': '- ', 'Int': '- ', 'Fai': '- ', 'Arc': '- '}",{'Any': '- '},"{'Phy': '100 ', 'Mag': '42 ', 'Fir': '50 ', 'Lit': '32 ', 'Hol': '43 ', 'Bst': '61 ', 'Rst': '23 '}"
12292,Red Crest Heater Shield,Standard +24 ,"{'Phy': '184 ', 'Mag': '- ', 'Fir': '- ', 'Lit': '- ', 'Hol': '- ', 'Sta': '123 '}","{'Str': 'C ', 'Dex': '- ', 'Int': '- ', 'Fai': '- ', 'Arc': '- '}",{'Any': '- '},"{'Phy': '100 ', 'Mag': '42 ', 'Fir': '50 ', 'Lit': '32 ', 'Hol': '43 ', 'Bst': '61.5 ', 'Rst': '23 '}"
12293,Red Crest Heater Shield,Standard +25 ,"{'Phy': '188 ', 'Mag': '- ', 'Fir': '- ', 'Lit': '- ', 'Hol': '- ', 'Sta': '126 '}","{'Str': 'C ', 'Dex': '- ', 'Int': '- ', 'Fai': '- ', 'Arc': '- '}",{'Any': '- '},"{'Phy': '100 ', 'Mag': '42 ', 'Fir': '50 ', 'Lit': '32 ', 'Hol': '43 ', 'Bst': '62 ', 'Rst': '23 '}"
12606,Beast Crest Heater Shield,Standard ,"{'Phy': '77 ', 'Mag': '- ', 'Fir': '- ', 'Lit': '- ', 'Hol': '- ', 'Sta': '63 '}","{'Str': 'D ', 'Dex': '- ', 'Int': '- ', 'Fai': '- ', 'Arc': '- '}",{'Any': '- '},"{'Phy': '100 ', 'Mag': '50 ', 'Fir': '43 ', 'Lit': '32 ', 'Hol': '42 ', 'Bst': '51 ', 'Rst': '23 '}"
12607,Beast Crest Heater Shield,Standard +1 ,"{'Phy': '81 ', 'Mag': '- ', 'Fir': '- ', 'Lit': '- ', 'Hol': '- ', 'Sta': '65 '}","{'Str': 'D ', 'Dex': '- ', 'Int': '- ', 'Fai': '- ', 'Arc': '- '}",{'Any': '- '},"{'Phy': '100 ', 'Mag': '50 ', 'Fir': '43 ', 'Lit': '32 ', 'Hol': '42 ', 'Bst': '51 ', 'Rst': '23 '}"
12608,Beast Crest Heater Shield,Standard +2 ,"{'Phy': '85 ', 'Mag': '- ', 'Fir': '- ', 'Lit': '- ', 'Hol': '- ', 'Sta': '68 '}","{'Str': 'D ', 'Dex': '- ', 'Int': '- ', 'Fai': '- ', 'Arc': '- '}",{'Any': '- '},"{'Phy': '100 ', 'Mag': '50 ', 'Fir': '43 ', 'Lit': '32 ', 'Hol': '42 ', 'Bst': '51.51 ', 'Rst': '23 '}"
12609,Beast Crest Heater Shield,Standard +3 ,"{'Phy': '90 ', 'Mag': '- ', 'Fir': '- ', 'Lit': '- ', 'Hol': '- ', 'Sta': '70 '}","{'Str': 'D ', 'Dex': '- ', 'Int': '- ', 'Fai': '- ', 'Arc': '- '}",{'Any': '- '},"{'Phy': '100 ', 'Mag': '50 ', 'Fir': '43 ', 'Lit': '32 ', 'Hol': '42 ', 'Bst': '52.02 ', 'Rst': '23 '}"
12610,Beast Crest Heater Shield,Standard +4 ,"{'Phy': '94 ', 'Mag': '- ', 'Fir': '- ', 'Lit': '- ', 'Hol': '- ', 'Sta': '73 '}","{'Str': 'D ', 'Dex': '- ', 'Int': '- ', 'Fai': '- ', 'Arc': '- '}",{'Any': '- '},"{'Phy': '100 ', 'Mag': '50 ', 'Fir': '43 ', 'Lit': '32 ', 'Hol': '42 ', 'Bst': '52.53 ', 'Rst': '23 '}"
12611,Beast Crest Heater Shield,Standard +5 ,"{'Phy': '99 ', 'Mag': '- ', 'Fir': '- ', 'Lit': '- ', 'Hol': '- ', 'Sta': '75 '}","{'Str': 'D ', 'Dex': '- ', 'Int': '- ', 'Fai': '- ', 'Arc': '- '}",{'Any': '- '},"{'Phy': '100 ', 'Mag': '50 ', 'Fir': '43 ', 'Lit': '32 ', 'Hol': '42 ', 'Bst': '53.04 ', 'Rst': '23 '}"
12612,Beast Crest Heater Shield,Standard +6 ,"{'Phy': '103 ', 'Mag': '- ', 'Fir': '- ', 'Lit': '- ', 'Hol': '- ', 'Sta': '78 '}","{'Str': 'D ', 'Dex': '- ', 'Int': '- ', 'Fai': '- ', 'Arc': '- '}",{'Any': '- '},"{'Phy': '100 ', 'Mag': '50 ', 'Fir': '43 ', 'Lit': '32 ', 'Hol': '42 ', 'Bst': '53.55 ', 'Rst': '23 '}"
12613,Beast Crest Heater Shield,Standard +7 ,"{'Phy': '108 ', 'Mag': '- ', 'Fir': '- ', 'Lit': '- ', 'Hol': '- ', 'Sta': '80 '}","{'Str': 'D ', 'Dex': '- ', 'Int': '- ', 'Fai': '- ', 'Arc': '- '}",{'Any': '- '},"{'Phy': '100 ', 'Mag': '50 ', 'Fir': '43 ', 'Lit': '32 ', 'Hol': '42 ', 'Bst': '54.06 ', 'Rst': '23 '}"
12614,Beast Crest Heater Shield,Standard +8 ,"{'Phy': '112 ', 'Mag': '- ', 'Fir': '- ', 'Lit': '- ', 'Hol': '- ', 'Sta': '83 '}","{'Str': 'D ', 'Dex': '- ', 'Int': '- ', 'Fai': '- ', 'Arc': '- '}",{'Any': '- '},"{'Phy': '100 ', 'Mag': '50 ', 'Fir': '43 ', 'Lit': '32 ', 'Hol': '42 ', 'Bst': '54.57 ', 'Rst': '23 '}"
12615,Beast Crest Heater Shield,Standard +9 ,"{'Phy': '117 ', 'Mag': '- ', 'Fir': '- ', 'Lit': '- ', 'Hol': '- ', 'Sta': '85 '}","{'Str': 'D ', 'Dex': '- ', 'Int': '- ', 'Fai': '- ', 'Arc': '- '}",{'Any': '- '},"{'Phy': '100 ', 'Mag': '50 ', 'Fir': '43 ', 'Lit': '32 ', 'Hol': '42 ', 'Bst': '55.08 ', 'Rst': '23 '}"
12616,Beast Crest Heater Shield,Standard +10 ,"{'Phy': '121 ', 'Mag': '- ', 'Fir': '- ', 'Lit': '- ', 'Hol': '- ', 'Sta': '88 '}","{'Str': 'D ', 'Dex': '- ', 'Int': '- ', 'Fai': '- ', 'Arc': '- '}",{'Any': '- '},"{'Phy': '100 ', 'Mag': '50 ', 'Fir': '43 ', 'Lit': '32 ', 'Hol': '42 ', 'Bst': '55.59 ', 'Rst': '23 '}"
12617,Beast Crest Heater Shield,Standard +11 ,"{'Phy': '126 ', 'Mag': '- ', 'Fir': '- ', 'Lit': '- ', 'Hol': '- ', 'Sta': '90 '}","{'Str': 'D ', 'Dex': '- ', 'Int': '- ', 'Fai': '- ', 'Arc': '- '}",{'Any': '- '},"{'Phy': '100 ', 'Mag': '50 ', 'Fir': '43 ', 'Lit': '32 ', 'Hol': '42 ', 'Bst': '56.1 ', 'Rst': '23 '}"
12618,Beast Crest Heater Shield,Standard +12 ,"{'Phy': '130 ', 'Mag': '- ', 'Fir': '- ', 'Lit': '- ', 'Hol': '- ', 'Sta': '93 '}","{'Str': 'D ', 'Dex': '- ', 'Int': '- ', 'Fai': '- ', 'Arc': '- '}",{'Any': '- '},"{'Phy': '100 ', 'Mag': '50 ', 'Fir': '43 ', 'Lit': '32 ', 'Hol': '42 ', 'Bst': '56.61 ', 'Rst': '23 '}"
12619,Beast Crest Heater Shield,Standard +13 ,"{'Phy': '135 ', 'Mag': '- ', 'Fir': '- ', 'Lit': '- ', 'Hol': '- ', 'Sta': '95 '}","{'Str': 'D ', 'Dex': '- ', 'Int': '- ', 'Fai': '- ', 'Arc': '- '}",{'Any': '- '},"{'Phy': '100 ', 'Mag': '50 ', 'Fir': '43 ', 'Lit': '32 ', 'Hol': '42 ', 'Bst': '57.12 ', 'Rst': '23 '}"
12620,Beast Crest Heater Shield,Standard +14 ,"{'Phy': '139 ', 'Mag': '- ', 'Fir': '- ', 'Lit': '- ', 'Hol': '- ', 'Sta': '98 '}","{'Str': 'C ', 'Dex': '- ', 'Int': '- ', 'Fai': '- ', 'Arc': '- '}",{'Any': '- '},"{'Phy': '100 ', 'Mag': '50 ', 'Fir': '43 ', 'Lit': '32 ', 'Hol': '42 ', 'Bst': '57.63 ', 'Rst': '23 '}"
12621,Beast Crest Heater Shield,Standard +15 ,"{'Phy': '143 ', 'Mag': '- ', 'Fir': '- ', 'Lit': '- ', 'Hol': '- ', 'Sta': '100 '}","{'Str': 'C ', 'Dex': '- ', 'Int': '- ', 'Fai': '- ', 'Arc': '- '}",{'Any': '- '},"{'Phy': '100 ', 'Mag': '50 ', 'Fir': '43 ', 'Lit': '32 ', 'Hol': '42 ', 'Bst': '58.14 ', 'Rst': '23 '}"
12622,Beast Crest Heater Shield,Standard +16 ,"{'Phy': '148 ', 'Mag': '- ', 'Fir': '- ', 'Lit': '- ', 'Hol': '- ', 'Sta': '103 '}","{'Str': 'C ', 'Dex': '- ', 'Int': '- ', 'Fai': '- ', 'Arc': '- '}",{'Any': '- '},"{'Phy': '100 ', 'Mag': '50 ', 'Fir': '43 ', 'Lit': '32 ', 'Hol': '42 ', 'Bst': '58.65 ', 'Rst': '23 '}"
12623,Beast Crest Heater Shield,Standard +17 ,"{'Phy': '152 ', 'Mag': '- ', 'Fir': '- ', 'Lit': '- ', 'Hol': '- ', 'Sta': '105 '}","{'Str': 'C ', 'Dex': '- ', 'Int': '- ', 'Fai': '- ', 'Arc': '- '}",{'Any': '- '},"{'Phy': '100 ', 'Mag': '50 ', 'Fir': '43 ', 'Lit': '32 ', 'Hol': '42 ', 'Bst': '59.16 ', 'Rst': '23 '}"
12624,Beast Crest Heater Shield,Standard +18 ,"{'Phy': '157 ', 'Mag': '- ', 'Fir': '- ', 'Lit': '- ', 'Hol': '- ', 'Sta': '108 '}","{'Str': 'C ', 'Dex': '- ', 'Int': '- ', 'Fai': '- ', 'Arc': '- '}",{'Any': '- '},"{'Phy': '100 ', 'Mag': '50 ', 'Fir': '43 ', 'Lit': '32 ', 'Hol': '42 ', 'Bst': '59.67 ', 'Rst': '23 '}"
12625,Beast Crest Heater Shield,Standard +19 ,"{'Phy': '161 ', 'Mag': '- ', 'Fir': '- ', 'Lit': '- ', 'Hol': '- ', 'Sta': '110 '}","{'Str': 'C ', 'Dex': '- ', 'Int': '- ', 'Fai': '- ', 'Arc': '- '}",{'Any': '- '},"{'Phy': '100 ', 'Mag': '50 ', 'Fir': '43 ', 'Lit': '32 ', 'Hol': '42 ', 'Bst': '60.18 ', 'Rst': '23 '}"
12626,Beast Crest Heater Shield,Standard +20 ,"{'Phy': '166 ', 'Mag': '- ', 'Fir': '- ', 'Lit': '- ', 'Hol': '- ', 'Sta': '113 '}","{'Str': 'C ', 'Dex': '- ', 'Int': '- ', 'Fai': '- ', 'Arc': '- '}",{'Any': '- '},"{'Phy': '100 ', 'Mag': '50 ', 'Fir': '43 ', 'Lit': '32 ', 'Hol': '42 ', 'Bst': '60.69 ', 'Rst': '23 '}"
12627,Beast Crest Heater Shield,Standard +21 ,"{'Phy': '170 ', 'Mag': '- ', 'Fir': '- ', 'Lit': '- ', 'Hol': '- ', 'Sta': '115 '}","{'Str': 'C ', 'Dex': '- ', 'Int': '- ', 'Fai': '- ', 'Arc': '- '}",{'Any': '- '},"{'Phy': '100 ', 'Mag': '50 ', 'Fir': '43 ', 'Lit': '32 ', 'Hol': '42 ', 'Bst': '61.2 ', 'Rst': '23 '}"
12628,Beast Crest Heater Shield,Standard +22 ,"{'Phy': '175 ', 'Mag': '- ', 'Fir': '- ', 'Lit': '- ', 'Hol': '- ', 'Sta': '118 '}","{'Str': 'C ', 'Dex': '- ', 'Int': '- ', 'Fai': '- ', 'Arc': '- '}",{'Any': '- '},"{'Phy': '100 ', 'Mag': '50 ', 'Fir': '43 ', 'Lit': '32 ', 'Hol': '42 ', 'Bst': '61.71 ', 'Rst': '23 '}"
12629,Beast Crest Heater Shield,Standard +23 ,"{'Phy': '179 ', 'Mag': '- ', 'Fir': '- ', 'Lit': '- ', 'Hol': '- ', 'Sta': '120 '}","{'Str': 'C ', 'Dex': '- ', 'Int': '- ', 'Fai': '- ', 'Arc': '- '}",{'Any': '- '},"{'Phy': '100 ', 'Mag': '50 ', 'Fir': '43 ', 'Lit': '32 ', 'Hol': '42 ', 'Bst': '62.22 ', 'Rst': '23 '}"
12630,Beast Crest Heater Shield,Standard +24 ,"{'Phy': '184 ', 'Mag': '- ', 'Fir': '- ', 'Lit': '- ', 'Hol': '- ', 'Sta': '123 '}","{'Str': 'C ', 'Dex': '- ', 'Int': '- ', 'Fai': '- ', 'Arc': '- '}",{'Any': '- '},"{'Phy': '100 ', 'Mag': '50 ', 'Fir': '43 ', 'Lit': '32 ', 'Hol': '42 ', 'Bst': '62.73 ', 'Rst': '23 '}"
12631,Beast Crest Heater Shield,Standard +25 ,"{'Phy': '188 ', 'Mag': '- ', 'Fir': '- ', 'Lit': '- ', 'Hol': '- ', 'Sta': '126 '}","{'Str': 'C ', 'Dex': '- ', 'Int': '- ', 'Fai': '- ', 'Arc': '- '}",{'Any': '- '},"{'Phy': '100 ', 'Mag': '50 ', 'Fir': '43 ', 'Lit': '32 ', 'Hol': '42 ', 'Bst': '63.24 ', 'Rst': '23 '}"
12944,Inverted Hawk Heater Shield,Standard ,"{'Phy': '77 ', 'Mag': '- ', 'Fir': '- ', 'Lit': '- ', 'Hol': '- ', 'Sta': '63 '}","{'Str': 'D ', 'Dex': '- ', 'Int': '- ', 'Fai': '- ', 'Arc': '- '}",{'Any': '- '},"{'Phy': '100 ', 'Mag': '49 ', 'Fir': '49 ', 'Lit': '34 ', 'Hol': '49 ', 'Bst': '50 ', 'Rst': '23 '}"
12945,Inverted Hawk Heater Shield,Standard +1 ,"{'Phy': '81 ', 'Mag': '- ', 'Fir': '- ', 'Lit': '- ', 'Hol': '- ', 'Sta': '65 '}","{'Str': 'D ', 'Dex': '- ', 'Int': '- ', 'Fai': '- ', 'Arc': '- '}",{'Any': '- '},"{'Phy': '100 ', 'Mag': '49 ', 'Fir': '49 ', 'Lit': '34 ', 'Hol': '49 ', 'Bst': '50 ', 'Rst': '23 '}"
12946,Inverted Hawk Heater Shield,Standard +2 ,"{'Phy': '85 ', 'Mag': '- ', 'Fir': '- ', 'Lit': '- ', 'Hol': '- ', 'Sta': '68 '}","{'Str': 'D ', 'Dex': '- ', 'Int': '- ', 'Fai': '- ', 'Arc': '- '}",{'Any': '- '},"{'Phy': '100 ', 'Mag': '49 ', 'Fir': '49 ', 'Lit': '34 ', 'Hol': '49 ', 'Bst': '50.5 ', 'Rst': '23 '}"
12947,Inverted Hawk Heater Shield,Standard +3 ,"{'Phy': '90 ', 'Mag': '- ', 'Fir': '- ', 'Lit': '- ', 'Hol': '- ', 'Sta': '70 '}","{'Str': 'D ', 'Dex': '- ', 'Int': '- ', 'Fai': '- ', 'Arc': '- '}",{'Any': '- '},"{'Phy': '100 ', 'Mag': '49 ', 'Fir': '49 ', 'Lit': '34 ', 'Hol': '49 ', 'Bst': '51 ', 'Rst': '23 '}"
12948,Inverted Hawk Heater Shield,Standard +4 ,"{'Phy': '94 ', 'Mag': '- ', 'Fir': '- ', 'Lit': '- ', 'Hol': '- ', 'Sta': '73 '}","{'Str': 'D ', 'Dex': '- ', 'Int': '- ', 'Fai': '- ', 'Arc': '- '}",{'Any': '- '},"{'Phy': '100 ', 'Mag': '49 ', 'Fir': '49 ', 'Lit': '34 ', 'Hol': '49 ', 'Bst': '51.5 ', 'Rst': '23 '}"
12949,Inverted Hawk Heater Shield,Standard +5 ,"{'Phy': '99 ', 'Mag': '- ', 'Fir': '- ', 'Lit': '- ', 'Hol': '- ', 'Sta': '75 '}","{'Str': 'D ', 'Dex': '- ', 'Int': '- ', 'Fai': '- ', 'Arc': '- '}",{'Any': '- '},"{'Phy': '100 ', 'Mag': '49 ', 'Fir': '49 ', 'Lit': '34 ', 'Hol': '49 ', 'Bst': '52 ', 'Rst': '23 '}"
12950,Inverted Hawk Heater Shield,Standard +6 ,"{'Phy': '103 ', 'Mag': '- ', 'Fir': '- ', 'Lit': '- ', 'Hol': '- ', 'Sta': '78 '}","{'Str': 'D ', 'Dex': '- ', 'Int': '- ', 'Fai': '- ', 'Arc': '- '}",{'Any': '- '},"{'Phy': '100 ', 'Mag': '49 ', 'Fir': '49 ', 'Lit': '34 ', 'Hol': '49 ', 'Bst': '52.5 ', 'Rst': '23 '}"
12951,Inverted Hawk Heater Shield,Standard +7 ,"{'Phy': '108 ', 'Mag': '- ', 'Fir': '- ', 'Lit': '- ', 'Hol': '- ', 'Sta': '80 '}","{'Str': 'D ', 'Dex': '- ', 'Int': '- ', 'Fai': '- ', 'Arc': '- '}",{'Any': '- '},"{'Phy': '100 ', 'Mag': '49 ', 'Fir': '49 ', 'Lit': '34 ', 'Hol': '49 ', 'Bst': '53 ', 'Rst': '23 '}"
12952,Inverted Hawk Heater Shield,Standard +8 ,"{'Phy': '112 ', 'Mag': '- ', 'Fir': '- ', 'Lit': '- ', 'Hol': '- ', 'Sta': '83 '}","{'Str': 'D ', 'Dex': '- ', 'Int': '- ', 'Fai': '- ', 'Arc': '- '}",{'Any': '- '},"{'Phy': '100 ', 'Mag': '49 ', 'Fir': '49 ', 'Lit': '34 ', 'Hol': '49 ', 'Bst': '53.5 ', 'Rst': '23 '}"
12953,Inverted Hawk Heater Shield,Standard +9 ,"{'Phy': '117 ', 'Mag': '- ', 'Fir': '- ', 'Lit': '- ', 'Hol': '- ', 'Sta': '85 '}","{'Str': 'D ', 'Dex': '- ', 'Int': '- ', 'Fai': '- ', 'Arc': '- '}",{'Any': '- '},"{'Phy': '100 ', 'Mag': '49 ', 'Fir': '49 ', 'Lit': '34 ', 'Hol': '49 ', 'Bst': '54 ', 'Rst': '23 '}"
12954,Inverted Hawk Heater Shield,Standard +10 ,"{'Phy': '121 ', 'Mag': '- ', 'Fir': '- ', 'Lit': '- ', 'Hol': '- ', 'Sta': '88 '}","{'Str': 'D ', 'Dex': '- ', 'Int': '- ', 'Fai': '- ', 'Arc': '- '}",{'Any': '- '},"{'Phy': '100 ', 'Mag': '49 ', 'Fir': '49 ', 'Lit': '34 ', 'Hol': '49 ', 'Bst': '54.5 ', 'Rst': '23 '}"
12955,Inverted Hawk Heater Shield,Standard +11 ,"{'Phy': '126 ', 'Mag': '- ', 'Fir': '- ', 'Lit': '- ', 'Hol': '- ', 'Sta': '90 '}","{'Str': 'D ', 'Dex': '- ', 'Int': '- ', 'Fai': '- ', 'Arc': '- '}",{'Any': '- '},"{'Phy': '100 ', 'Mag': '49 ', 'Fir': '49 ', 'Lit': '34 ', 'Hol': '49 ', 'Bst': '55 ', 'Rst': '23 '}"
12956,Inverted Hawk Heater Shield,Standard +12 ,"{'Phy': '130 ', 'Mag': '- ', 'Fir': '- ', 'Lit': '- ', 'Hol': '- ', 'Sta': '93 '}","{'Str': 'D ', 'Dex': '- ', 'Int': '- ', 'Fai': '- ', 'Arc': '- '}",{'Any': '- '},"{'Phy': '100 ', 'Mag': '49 ', 'Fir': '49 ', 'Lit': '34 ', 'Hol': '49 ', 'Bst': '55.5 ', 'Rst': '23 '}"
12957,Inverted Hawk Heater Shield,Standard +13 ,"{'Phy': '135 ', 'Mag': '- ', 'Fir': '- ', 'Lit': '- ', 'Hol': '- ', 'Sta': '95 '}","{'Str': 'D ', 'Dex': '- ', 'Int': '- ', 'Fai': '- ', 'Arc': '- '}",{'Any': '- '},"{'Phy': '100 ', 'Mag': '49 ', 'Fir': '49 ', 'Lit': '34 ', 'Hol': '49 ', 'Bst': '56 ', 'Rst': '23 '}"
12958,Inverted Hawk Heater Shield,Standard +14 ,"{'Phy': '139 ', 'Mag': '- ', 'Fir': '- ', 'Lit': '- ', 'Hol': '- ', 'Sta': '98 '}","{'Str': 'C ', 'Dex': '- ', 'Int': '- ', 'Fai': '- ', 'Arc': '- '}",{'Any': '- '},"{'Phy': '100 ', 'Mag': '49 ', 'Fir': '49 ', 'Lit': '34 ', 'Hol': '49 ', 'Bst': '56.5 ', 'Rst': '23 '}"
12959,Inverted Hawk Heater Shield,Standard +15 ,"{'Phy': '143 ', 'Mag': '- ', 'Fir': '- ', 'Lit': '- ', 'Hol': '- ', 'Sta': '100 '}","{'Str': 'C ', 'Dex': '- ', 'Int': '- ', 'Fai': '- ', 'Arc': '- '}",{'Any': '- '},"{'Phy': '100 ', 'Mag': '49 ', 'Fir': '49 ', 'Lit': '34 ', 'Hol': '49 ', 'Bst': '57 ', 'Rst': '23 '}"
12960,Inverted Hawk Heater Shield,Standard +16 ,"{'Phy': '148 ', 'Mag': '- ', 'Fir': '- ', 'Lit': '- ', 'Hol': '- ', 'Sta': '103 '}","{'Str': 'C ', 'Dex': '- ', 'Int': '- ', 'Fai': '- ', 'Arc': '- '}",{'Any': '- '},"{'Phy': '100 ', 'Mag': '49 ', 'Fir': '49 ', 'Lit': '34 ', 'Hol': '49 ', 'Bst': '57.5 ', 'Rst': '23 '}"
12961,Inverted Hawk Heater Shield,Standard +17 ,"{'Phy': '152 ', 'Mag': '- ', 'Fir': '- ', 'Lit': '- ', 'Hol': '- ', 'Sta': '105 '}","{'Str': 'C ', 'Dex': '- ', 'Int': '- ', 'Fai': '- ', 'Arc': '- '}",{'Any': '- '},"{'Phy': '100 ', 'Mag': '49 ', 'Fir': '49 ', 'Lit': '34 ', 'Hol': '49 ', 'Bst': '58 ', 'Rst': '23 '}"
12962,Inverted Hawk Heater Shield,Standard +18 ,"{'Phy': '157 ', 'Mag': '- ', 'Fir': '- ', 'Lit': '- ', 'Hol': '- ', 'Sta': '108 '}","{'Str': 'C ', 'Dex': '- ', 'Int': '- ', 'Fai': '- ', 'Arc': '- '}",{'Any': '- '},"{'Phy': '100 ', 'Mag': '49 ', 'Fir': '49 ', 'Lit': '34 ', 'Hol': '49 ', 'Bst': '58.5 ', 'Rst': '23 '}"
12963,Inverted Hawk Heater Shield,Standard +19 ,"{'Phy': '161 ', 'Mag': '- ', 'Fir': '- ', 'Lit': '- ', 'Hol': '- ', 'Sta': '110 '}","{'Str': 'C ', 'Dex': '- ', 'Int': '- ', 'Fai': '- ', 'Arc': '- '}",{'Any': '- '},"{'Phy': '100 ', 'Mag': '49 ', 'Fir': '49 ', 'Lit': '34 ', 'Hol': '49 ', 'Bst': '59 ', 'Rst': '23 '}"
12964,Inverted Hawk Heater Shield,Standard +20 ,"{'Phy': '166 ', 'Mag': '- ', 'Fir': '- ', 'Lit': '- ', 'Hol': '- ', 'Sta': '113 '}","{'Str': 'C ', 'Dex': '- ', 'Int': '- ', 'Fai': '- ', 'Arc': '- '}",{'Any': '- '},"{'Phy': '100 ', 'Mag': '49 ', 'Fir': '49 ', 'Lit': '34 ', 'Hol': '49 ', 'Bst': '59.5 ', 'Rst': '23 '}"
12965,Inverted Hawk Heater Shield,Standard +21 ,"{'Phy': '170 ', 'Mag': '- ', 'Fir': '- ', 'Lit': '- ', 'Hol': '- ', 'Sta': '115 '}","{'Str': 'C ', 'Dex': '- ', 'Int': '- ', 'Fai': '- ', 'Arc': '- '}",{'Any': '- '},"{'Phy': '100 ', 'Mag': '49 ', 'Fir': '49 ', 'Lit': '34 ', 'Hol': '49 ', 'Bst': '60 ', 'Rst': '23 '}"
12966,Inverted Hawk Heater Shield,Standard +22 ,"{'Phy': '175 ', 'Mag': '- ', 'Fir': '- ', 'Lit': '- ', 'Hol': '- ', 'Sta': '118 '}","{'Str': 'C ', 'Dex': '- ', 'Int': '- ', 'Fai': '- ', 'Arc': '- '}",{'Any': '- '},"{'Phy': '100 ', 'Mag': '49 ', 'Fir': '49 ', 'Lit': '34 ', 'Hol': '49 ', 'Bst': '60.5 ', 'Rst': '23 '}"
12967,Inverted Hawk Heater Shield,Standard +23 ,"{'Phy': '179 ', 'Mag': '- ', 'Fir': '- ', 'Lit': '- ', 'Hol': '- ', 'Sta': '120 '}","{'Str': 'C ', 'Dex': '- ', 'Int': '- ', 'Fai': '- ', 'Arc': '- '}",{'Any': '- '},"{'Phy': '100 ', 'Mag': '49 ', 'Fir': '49 ', 'Lit': '34 ', 'Hol': '49 ', 'Bst': '61 ', 'Rst': '23 '}"
12968,Inverted Hawk Heater Shield,Standard +24 ,"{'Phy': '184 ', 'Mag': '- ', 'Fir': '- ', 'Lit': '- ', 'Hol': '- ', 'Sta': '123 '}","{'Str': 'C ', 'Dex': '- ', 'Int': '- ', 'Fai': '- ', 'Arc': '- '}",{'Any': '- '},"{'Phy': '100 ', 'Mag': '49 ', 'Fir': '49 ', 'Lit': '34 ', 'Hol': '49 ', 'Bst': '61.5 ', 'Rst': '23 '}"
12969,Inverted Hawk Heater Shield,Standard +25 ,"{'Phy': '188 ', 'Mag': '- ', 'Fir': '- ', 'Lit': '- ', 'Hol': '- ', 'Sta': '126 '}","{'Str': 'C ', 'Dex': '- ', 'Int': '- ', 'Fai': '- ', 'Arc': '- '}",{'Any': '- '},"{'Phy': '100 ', 'Mag': '49 ', 'Fir': '49 ', 'Lit': '34 ', 'Hol': '49 ', 'Bst': '62 ', 'Rst': '23 '}"
13282,Eclipse Crest Heater Shield,Standard ,"{'Phy': '77 ', 'Mag': '- ', 'Fir': '- ', 'Lit': '- ', 'Hol': '- ', 'Sta': '63 '}","{'Str': 'D ', 'Dex': '- ', 'Int': '- ', 'Fai': '- ', 'Arc': '- '}",{'Any': '- '},"{'Phy': '100 ', 'Mag': '44 ', 'Fir': '44 ', 'Lit': '37 ', 'Hol': '44 ', 'Bst': '51 ', 'Rst': '23 '}"
13283,Eclipse Crest Heater Shield,Standard +1 ,"{'Phy': '81 ', 'Mag': '- ', 'Fir': '- ', 'Lit': '- ', 'Hol': '- ', 'Sta': '65 '}","{'Str': 'D ', 'Dex': '- ', 'Int': '- ', 'Fai': '- ', 'Arc': '- '}",{'Any': '- '},"{'Phy': '100 ', 'Mag': '44 ', 'Fir': '44 ', 'Lit': '37 ', 'Hol': '44 ', 'Bst': '51 ', 'Rst': '23 '}"
13284,Eclipse Crest Heater Shield,Standard +2 ,"{'Phy': '85 ', 'Mag': '- ', 'Fir': '- ', 'Lit': '- ', 'Hol': '- ', 'Sta': '68 '}","{'Str': 'D ', 'Dex': '- ', 'Int': '- ', 'Fai': '- ', 'Arc': '- '}",{'Any': '- '},"{'Phy': '100 ', 'Mag': '44 ', 'Fir': '44 ', 'Lit': '37 ', 'Hol': '44 ', 'Bst': '51.51 ', 'Rst': '23 '}"
13285,Eclipse Crest Heater Shield,Standard +3 ,"{'Phy': '90 ', 'Mag': '- ', 'Fir': '- ', 'Lit': '- ', 'Hol': '- ', 'Sta': '70 '}","{'Str': 'D ', 'Dex': '- ', 'Int': '- ', 'Fai': '- ', 'Arc': '- '}",{'Any': '- '},"{'Phy': '100 ', 'Mag': '44 ', 'Fir': '44 ', 'Lit': '37 ', 'Hol': '44 ', 'Bst': '52.02 ', 'Rst': '23 '}"
13286,Eclipse Crest Heater Shield,Standard +4 ,"{'Phy': '94 ', 'Mag': '- ', 'Fir': '- ', 'Lit': '- ', 'Hol': '- ', 'Sta': '73 '}","{'Str': 'D ', 'Dex': '- ', 'Int': '- ', 'Fai': '- ', 'Arc': '- '}",{'Any': '- '},"{'Phy': '100 ', 'Mag': '44 ', 'Fir': '44 ', 'Lit': '37 ', 'Hol': '44 ', 'Bst': '52.53 ', 'Rst': '23 '}"
13287,Eclipse Crest Heater Shield,Standard +5 ,"{'Phy': '99 ', 'Mag': '- ', 'Fir': '- ', 'Lit': '- ', 'Hol': '- ', 'Sta': '75 '}","{'Str': 'D ', 'Dex': '- ', 'Int': '- ', 'Fai': '- ', 'Arc': '- '}",{'Any': '- '},"{'Phy': '100 ', 'Mag': '44 ', 'Fir': '44 ', 'Lit': '37 ', 'Hol': '44 ', 'Bst': '53.04 ', 'Rst': '23 '}"
13288,Eclipse Crest Heater Shield,Standard +6 ,"{'Phy': '103 ', 'Mag': '- ', 'Fir': '- ', 'Lit': '- ', 'Hol': '- ', 'Sta': '78 '}","{'Str': 'D ', 'Dex': '- ', 'Int': '- ', 'Fai': '- ', 'Arc': '- '}",{'Any': '- '},"{'Phy': '100 ', 'Mag': '44 ', 'Fir': '44 ', 'Lit': '37 ', 'Hol': '44 ', 'Bst': '53.55 ', 'Rst': '23 '}"
13289,Eclipse Crest Heater Shield,Standard +7 ,"{'Phy': '108 ', 'Mag': '- ', 'Fir': '- ', 'Lit': '- ', 'Hol': '- ', 'Sta': '80 '}","{'Str': 'D ', 'Dex': '- ', 'Int': '- ', 'Fai': '- ', 'Arc': '- '}",{'Any': '- '},"{'Phy': '100 ', 'Mag': '44 ', 'Fir': '44 ', 'Lit': '37 ', 'Hol': '44 ', 'Bst': '54.06 ', 'Rst': '23 '}"
13290,Eclipse Crest Heater Shield,Standard +8 ,"{'Phy': '112 ', 'Mag': '- ', 'Fir': '- ', 'Lit': '- ', 'Hol': '- ', 'Sta': '83 '}","{'Str': 'D ', 'Dex': '- ', 'Int': '- ', 'Fai': '- ', 'Arc': '- '}",{'Any': '- '},"{'Phy': '100 ', 'Mag': '44 ', 'Fir': '44 ', 'Lit': '37 ', 'Hol': '44 ', 'Bst': '54.57 ', 'Rst': '23 '}"
13291,Eclipse Crest Heater Shield,Standard +9 ,"{'Phy': '117 ', 'Mag': '- ', 'Fir': '- ', 'Lit': '- ', 'Hol': '- ', 'Sta': '85 '}","{'Str': 'D ', 'Dex': '- ', 'Int': '- ', 'Fai': '- ', 'Arc': '- '}",{'Any': '- '},"{'Phy': '100 ', 'Mag': '44 ', 'Fir': '44 ', 'Lit': '37 ', 'Hol': '44 ', 'Bst': '55.08 ', 'Rst': '23 '}"
13292,Eclipse Crest Heater Shield,Standard +10 ,"{'Phy': '121 ', 'Mag': '- ', 'Fir': '- ', 'Lit': '- ', 'Hol': '- ', 'Sta': '88 '}","{'Str': 'D ', 'Dex': '- ', 'Int': '- ', 'Fai': '- ', 'Arc': '- '}",{'Any': '- '},"{'Phy': '100 ', 'Mag': '44 ', 'Fir': '44 ', 'Lit': '37 ', 'Hol': '44 ', 'Bst': '55.59 ', 'Rst': '23 '}"
13293,Eclipse Crest Heater Shield,Standard +11 ,"{'Phy': '126 ', 'Mag': '- ', 'Fir': '- ', 'Lit': '- ', 'Hol': '- ', 'Sta': '90 '}","{'Str': 'D ', 'Dex': '- ', 'Int': '- ', 'Fai': '- ', 'Arc': '- '}",{'Any': '- '},"{'Phy': '100 ', 'Mag': '44 ', 'Fir': '44 ', 'Lit': '37 ', 'Hol': '44 ', 'Bst': '56.1 ', 'Rst': '23 '}"
13294,Eclipse Crest Heater Shield,Standard +12 ,"{'Phy': '130 ', 'Mag': '- ', 'Fir': '- ', 'Lit': '- ', 'Hol': '- ', 'Sta': '93 '}","{'Str': 'D ', 'Dex': '- ', 'Int': '- ', 'Fai': '- ', 'Arc': '- '}",{'Any': '- '},"{'Phy': '100 ', 'Mag': '44 ', 'Fir': '44 ', 'Lit': '37 ', 'Hol': '44 ', 'Bst': '56.61 ', 'Rst': '23 '}"
13295,Eclipse Crest Heater Shield,Standard +13 ,"{'Phy': '135 ', 'Mag': '- ', 'Fir': '- ', 'Lit': '- ', 'Hol': '- ', 'Sta': '95 '}","{'Str': 'D ', 'Dex': '- ', 'Int': '- ', 'Fai': '- ', 'Arc': '- '}",{'Any': '- '},"{'Phy': '100 ', 'Mag': '44 ', 'Fir': '44 ', 'Lit': '37 ', 'Hol': '44 ', 'Bst': '57.12 ', 'Rst': '23 '}"
13296,Eclipse Crest Heater Shield,Standard +14 ,"{'Phy': '139 ', 'Mag': '- ', 'Fir': '- ', 'Lit': '- ', 'Hol': '- ', 'Sta': '98 '}","{'Str': 'C ', 'Dex': '- ', 'Int': '- ', 'Fai': '- ', 'Arc': '- '}",{'Any': '- '},"{'Phy': '100 ', 'Mag': '44 ', 'Fir': '44 ', 'Lit': '37 ', 'Hol': '44 ', 'Bst': '57.63 ', 'Rst': '23 '}"
13297,Eclipse Crest Heater Shield,Standard +15 ,"{'Phy': '143 ', 'Mag': '- ', 'Fir': '- ', 'Lit': '- ', 'Hol': '- ', 'Sta': '100 '}","{'Str': 'C ', 'Dex': '- ', 'Int': '- ', 'Fai': '- ', 'Arc': '- '}",{'Any': '- '},"{'Phy': '100 ', 'Mag': '44 ', 'Fir': '44 ', 'Lit': '37 ', 'Hol': '44 ', 'Bst': '58.14 ', 'Rst': '23 '}"
13298,Eclipse Crest Heater Shield,Standard +16 ,"{'Phy': '148 ', 'Mag': '- ', 'Fir': '- ', 'Lit': '- ', 'Hol': '- ', 'Sta': '103 '}","{'Str': 'C ', 'Dex': '- ', 'Int': '- ', 'Fai': '- ', 'Arc': '- '}",{'Any': '- '},"{'Phy': '100 ', 'Mag': '44 ', 'Fir': '44 ', 'Lit': '37 ', 'Hol': '44 ', 'Bst': '58.65 ', 'Rst': '23 '}"
13299,Eclipse Crest Heater Shield,Standard +17 ,"{'Phy': '152 ', 'Mag': '- ', 'Fir': '- ', 'Lit': '- ', 'Hol': '- ', 'Sta': '105 '}","{'Str': 'C ', 'Dex': '- ', 'Int': '- ', 'Fai': '- ', 'Arc': '- '}",{'Any': '- '},"{'Phy': '100 ', 'Mag': '44 ', 'Fir': '44 ', 'Lit': '37 ', 'Hol': '44 ', 'Bst': '59.16 ', 'Rst': '23 '}"
13300,Eclipse Crest Heater Shield,Standard +18 ,"{'Phy': '157 ', 'Mag': '- ', 'Fir': '- ', 'Lit': '- ', 'Hol': '- ', 'Sta': '108 '}","{'Str': 'C ', 'Dex': '- ', 'Int': '- ', 'Fai': '- ', 'Arc': '- '}",{'Any': '- '},"{'Phy': '100 ', 'Mag': '44 ', 'Fir': '44 ', 'Lit': '37 ', 'Hol': '44 ', 'Bst': '59.67 ', 'Rst': '23 '}"
13301,Eclipse Crest Heater Shield,Standard +19 ,"{'Phy': '161 ', 'Mag': '- ', 'Fir': '- ', 'Lit': '- ', 'Hol': '- ', 'Sta': '110 '}","{'Str': 'C ', 'Dex': '- ', 'Int': '- ', 'Fai': '- ', 'Arc': '- '}",{'Any': '- '},"{'Phy': '100 ', 'Mag': '44 ', 'Fir': '44 ', 'Lit': '37 ', 'Hol': '44 ', 'Bst': '60.18 ', 'Rst': '23 '}"
13302,Eclipse Crest Heater Shield,Standard +20 ,"{'Phy': '166 ', 'Mag': '- ', 'Fir': '- ', 'Lit': '- ', 'Hol': '- ', 'Sta': '113 '}","{'Str': 'C ', 'Dex': '- ', 'Int': '- ', 'Fai': '- ', 'Arc': '- '}",{'Any': '- '},"{'Phy': '100 ', 'Mag': '44 ', 'Fir': '44 ', 'Lit': '37 ', 'Hol': '44 ', 'Bst': '60.69 ', 'Rst': '23 '}"
13303,Eclipse Crest Heater Shield,Standard +21 ,"{'Phy': '170 ', 'Mag': '- ', 'Fir': '- ', 'Lit': '- ', 'Hol': '- ', 'Sta': '115 '}","{'Str': 'C ', 'Dex': '- ', 'Int': '- ', 'Fai': '- ', 'Arc': '- '}",{'Any': '- '},"{'Phy': '100 ', 'Mag': '44 ', 'Fir': '44 ', 'Lit': '37 ', 'Hol': '44 ', 'Bst': '61.2 ', 'Rst': '23 '}"
13304,Eclipse Crest Heater Shield,Standard +22 ,"{'Phy': '175 ', 'Mag': '- ', 'Fir': '- ', 'Lit': '- ', 'Hol': '- ', 'Sta': '118 '}","{'Str': 'C ', 'Dex': '- ', 'Int': '- ', 'Fai': '- ', 'Arc': '- '}",{'Any': '- '},"{'Phy': '100 ', 'Mag': '44 ', 'Fir': '44 ', 'Lit': '37 ', 'Hol': '44 ', 'Bst': '61.71 ', 'Rst': '23 '}"
13305,Eclipse Crest Heater Shield,Standard +23 ,"{'Phy': '179 ', 'Mag': '- ', 'Fir': '- ', 'Lit': '- ', 'Hol': '- ', 'Sta': '120 '}","{'Str': 'C ', 'Dex': '- ', 'Int': '- ', 'Fai': '- ', 'Arc': '- '}",{'Any': '- '},"{'Phy': '100 ', 'Mag': '44 ', 'Fir': '44 ', 'Lit': '37 ', 'Hol': '44 ', 'Bst': '62.22 ', 'Rst': '23 '}"
13306,Eclipse Crest Heater Shield,Standard +24 ,"{'Phy': '184 ', 'Mag': '- ', 'Fir': '- ', 'Lit': '- ', 'Hol': '- ', 'Sta': '123 '}","{'Str': 'C ', 'Dex': '- ', 'Int': '- ', 'Fai': '- ', 'Arc': '- '}",{'Any': '- '},"{'Phy': '100 ', 'Mag': '44 ', 'Fir': '44 ', 'Lit': '37 ', 'Hol': '44 ', 'Bst': '62.73 ', 'Rst': '23 '}"
13307,Eclipse Crest Heater Shield,Standard +25 ,"{'Phy': '188 ', 'Mag': '- ', 'Fir': '- ', 'Lit': '- ', 'Hol': '- ', 'Sta': '126 '}","{'Str': 'C ', 'Dex': '- ', 'Int': '- ', 'Fai': '- ', 'Arc': '- '}",{'Any': '- '},"{'Phy': '100 ', 'Mag': '44 ', 'Fir': '44 ', 'Lit': '37 ', 'Hol': '44 ', 'Bst': '63.24 ', 'Rst': '23 '}"
13620,Eclipse Crest Heater Shield,Standard ,"{'Phy': '77 ', 'Mag': '- ', 'Fir': '- ', 'Lit': '- ', 'Hol': '- ', 'Sta': '63 '}","{'Str': 'D ', 'Dex': '- ', 'Int': '- ', 'Fai': '- ', 'Arc': '- '}",{'Any': '- '},"{'Phy': '100 ', 'Mag': '44 ', 'Fir': '44 ', 'Lit': '37 ', 'Hol': '44 ', 'Bst': '51 ', 'Rst': '23 '}"
13621,Eclipse Crest Heater Shield,Standard +1 ,"{'Phy': '81 ', 'Mag': '- ', 'Fir': '- ', 'Lit': '- ', 'Hol': '- ', 'Sta': '65 '}","{'Str': 'D ', 'Dex': '- ', 'Int': '- ', 'Fai': '- ', 'Arc': '- '}",{'Any': '- '},"{'Phy': '100 ', 'Mag': '44 ', 'Fir': '44 ', 'Lit': '37 ', 'Hol': '44 ', 'Bst': '51 ', 'Rst': '23 '}"
13622,Eclipse Crest Heater Shield,Standard +2 ,"{'Phy': '85 ', 'Mag': '- ', 'Fir': '- ', 'Lit': '- ', 'Hol': '- ', 'Sta': '68 '}","{'Str': 'D ', 'Dex': '- ', 'Int': '- ', 'Fai': '- ', 'Arc': '- '}",{'Any': '- '},"{'Phy': '100 ', 'Mag': '44 ', 'Fir': '44 ', 'Lit': '37 ', 'Hol': '44 ', 'Bst': '51.51 ', 'Rst': '23 '}"
13623,Eclipse Crest Heater Shield,Standard +3 ,"{'Phy': '90 ', 'Mag': '- ', 'Fir': '- ', 'Lit': '- ', 'Hol': '- ', 'Sta': '70 '}","{'Str': 'D ', 'Dex': '- ', 'Int': '- ', 'Fai': '- ', 'Arc': '- '}",{'Any': '- '},"{'Phy': '100 ', 'Mag': '44 ', 'Fir': '44 ', 'Lit': '37 ', 'Hol': '44 ', 'Bst': '52.02 ', 'Rst': '23 '}"
13624,Eclipse Crest Heater Shield,Standard +4 ,"{'Phy': '94 ', 'Mag': '- ', 'Fir': '- ', 'Lit': '- ', 'Hol': '- ', 'Sta': '73 '}","{'Str': 'D ', 'Dex': '- ', 'Int': '- ', 'Fai': '- ', 'Arc': '- '}",{'Any': '- '},"{'Phy': '100 ', 'Mag': '44 ', 'Fir': '44 ', 'Lit': '37 ', 'Hol': '44 ', 'Bst': '52.53 ', 'Rst': '23 '}"
13625,Eclipse Crest Heater Shield,Standard +5 ,"{'Phy': '99 ', 'Mag': '- ', 'Fir': '- ', 'Lit': '- ', 'Hol': '- ', 'Sta': '75 '}","{'Str': 'D ', 'Dex': '- ', 'Int': '- ', 'Fai': '- ', 'Arc': '- '}",{'Any': '- '},"{'Phy': '100 ', 'Mag': '44 ', 'Fir': '44 ', 'Lit': '37 ', 'Hol': '44 ', 'Bst': '53.04 ', 'Rst': '23 '}"
13626,Eclipse Crest Heater Shield,Standard +6 ,"{'Phy': '103 ', 'Mag': '- ', 'Fir': '- ', 'Lit': '- ', 'Hol': '- ', 'Sta': '78 '}","{'Str': 'D ', 'Dex': '- ', 'Int': '- ', 'Fai': '- ', 'Arc': '- '}",{'Any': '- '},"{'Phy': '100 ', 'Mag': '44 ', 'Fir': '44 ', 'Lit': '37 ', 'Hol': '44 ', 'Bst': '53.55 ', 'Rst': '23 '}"
13627,Eclipse Crest Heater Shield,Standard +7 ,"{'Phy': '108 ', 'Mag': '- ', 'Fir': '- ', 'Lit': '- ', 'Hol': '- ', 'Sta': '80 '}","{'Str': 'D ', 'Dex': '- ', 'Int': '- ', 'Fai': '- ', 'Arc': '- '}",{'Any': '- '},"{'Phy': '100 ', 'Mag': '44 ', 'Fir': '44 ', 'Lit': '37 ', 'Hol': '44 ', 'Bst': '54.06 ', 'Rst': '23 '}"
13628,Eclipse Crest Heater Shield,Standard +8 ,"{'Phy': '112 ', 'Mag': '- ', 'Fir': '- ', 'Lit': '- ', 'Hol': '- ', 'Sta': '83 '}","{'Str': 'D ', 'Dex': '- ', 'Int': '- ', 'Fai': '- ', 'Arc': '- '}",{'Any': '- '},"{'Phy': '100 ', 'Mag': '44 ', 'Fir': '44 ', 'Lit': '37 ', 'Hol': '44 ', 'Bst': '54.57 ', 'Rst': '23 '}"
13629,Eclipse Crest Heater Shield,Standard +9 ,"{'Phy': '117 ', 'Mag': '- ', 'Fir': '- ', 'Lit': '- ', 'Hol': '- ', 'Sta': '85 '}","{'Str': 'D ', 'Dex': '- ', 'Int': '- ', 'Fai': '- ', 'Arc': '- '}",{'Any': '- '},"{'Phy': '100 ', 'Mag': '44 ', 'Fir': '44 ', 'Lit': '37 ', 'Hol': '44 ', 'Bst': '55.08 ', 'Rst': '23 '}"
13630,Eclipse Crest Heater Shield,Standard +10 ,"{'Phy': '121 ', 'Mag': '- ', 'Fir': '- ', 'Lit': '- ', 'Hol': '- ', 'Sta': '88 '}","{'Str': 'D ', 'Dex': '- ', 'Int': '- ', 'Fai': '- ', 'Arc': '- '}",{'Any': '- '},"{'Phy': '100 ', 'Mag': '44 ', 'Fir': '44 ', 'Lit': '37 ', 'Hol': '44 ', 'Bst': '55.59 ', 'Rst': '23 '}"
13631,Eclipse Crest Heater Shield,Standard +11 ,"{'Phy': '126 ', 'Mag': '- ', 'Fir': '- ', 'Lit': '- ', 'Hol': '- ', 'Sta': '90 '}","{'Str': 'D ', 'Dex': '- ', 'Int': '- ', 'Fai': '- ', 'Arc': '- '}",{'Any': '- '},"{'Phy': '100 ', 'Mag': '44 ', 'Fir': '44 ', 'Lit': '37 ', 'Hol': '44 ', 'Bst': '56.1 ', 'Rst': '23 '}"
13632,Eclipse Crest Heater Shield,Standard +12 ,"{'Phy': '130 ', 'Mag': '- ', 'Fir': '- ', 'Lit': '- ', 'Hol': '- ', 'Sta': '93 '}","{'Str': 'D ', 'Dex': '- ', 'Int': '- ', 'Fai': '- ', 'Arc': '- '}",{'Any': '- '},"{'Phy': '100 ', 'Mag': '44 ', 'Fir': '44 ', 'Lit': '37 ', 'Hol': '44 ', 'Bst': '56.61 ', 'Rst': '23 '}"
13633,Eclipse Crest Heater Shield,Standard +13 ,"{'Phy': '135 ', 'Mag': '- ', 'Fir': '- ', 'Lit': '- ', 'Hol': '- ', 'Sta': '95 '}","{'Str': 'D ', 'Dex': '- ', 'Int': '- ', 'Fai': '- ', 'Arc': '- '}",{'Any': '- '},"{'Phy': '100 ', 'Mag': '44 ', 'Fir': '44 ', 'Lit': '37 ', 'Hol': '44 ', 'Bst': '57.12 ', 'Rst': '23 '}"
13634,Eclipse Crest Heater Shield,Standard +14 ,"{'Phy': '139 ', 'Mag': '- ', 'Fir': '- ', 'Lit': '- ', 'Hol': '- ', 'Sta': '98 '}","{'Str': 'C ', 'Dex': '- ', 'Int': '- ', 'Fai': '- ', 'Arc': '- '}",{'Any': '- '},"{'Phy': '100 ', 'Mag': '44 ', 'Fir': '44 ', 'Lit': '37 ', 'Hol': '44 ', 'Bst': '57.63 ', 'Rst': '23 '}"
13635,Eclipse Crest Heater Shield,Standard +15 ,"{'Phy': '143 ', 'Mag': '- ', 'Fir': '- ', 'Lit': '- ', 'Hol': '- ', 'Sta': '100 '}","{'Str': 'C ', 'Dex': '- ', 'Int': '- ', 'Fai': '- ', 'Arc': '- '}",{'Any': '- '},"{'Phy': '100 ', 'Mag': '44 ', 'Fir': '44 ', 'Lit': '37 ', 'Hol': '44 ', 'Bst': '58.14 ', 'Rst': '23 '}"
13636,Eclipse Crest Heater Shield,Standard +16 ,"{'Phy': '148 ', 'Mag': '- ', 'Fir': '- ', 'Lit': '- ', 'Hol': '- ', 'Sta': '103 '}","{'Str': 'C ', 'Dex': '- ', 'Int': '- ', 'Fai': '- ', 'Arc': '- '}",{'Any': '- '},"{'Phy': '100 ', 'Mag': '44 ', 'Fir': '44 ', 'Lit': '37 ', 'Hol': '44 ', 'Bst': '58.65 ', 'Rst': '23 '}"
13637,Eclipse Crest Heater Shield,Standard +17 ,"{'Phy': '152 ', 'Mag': '- ', 'Fir': '- ', 'Lit': '- ', 'Hol': '- ', 'Sta': '105 '}","{'Str': 'C ', 'Dex': '- ', 'Int': '- ', 'Fai': '- ', 'Arc': '- '}",{'Any': '- '},"{'Phy': '100 ', 'Mag': '44 ', 'Fir': '44 ', 'Lit': '37 ', 'Hol': '44 ', 'Bst': '59.16 ', 'Rst': '23 '}"
13638,Eclipse Crest Heater Shield,Standard +18 ,"{'Phy': '157 ', 'Mag': '- ', 'Fir': '- ', 'Lit': '- ', 'Hol': '- ', 'Sta': '108 '}","{'Str': 'C ', 'Dex': '- ', 'Int': '- ', 'Fai': '- ', 'Arc': '- '}",{'Any': '- '},"{'Phy': '100 ', 'Mag': '44 ', 'Fir': '44 ', 'Lit': '37 ', 'Hol': '44 ', 'Bst': '59.67 ', 'Rst': '23 '}"
13639,Eclipse Crest Heater Shield,Standard +19 ,"{'Phy': '161 ', 'Mag': '- ', 'Fir': '- ', 'Lit': '- ', 'Hol': '- ', 'Sta': '110 '}","{'Str': 'C ', 'Dex': '- ', 'Int': '- ', 'Fai': '- ', 'Arc': '- '}",{'Any': '- '},"{'Phy': '100 ', 'Mag': '44 ', 'Fir': '44 ', 'Lit': '37 ', 'Hol': '44 ', 'Bst': '60.18 ', 'Rst': '23 '}"
13640,Eclipse Crest Heater Shield,Standard +20 ,"{'Phy': '166 ', 'Mag': '- ', 'Fir': '- ', 'Lit': '- ', 'Hol': '- ', 'Sta': '113 '}","{'Str': 'C ', 'Dex': '- ', 'Int': '- ', 'Fai': '- ', 'Arc': '- '}",{'Any': '- '},"{'Phy': '100 ', 'Mag': '44 ', 'Fir': '44 ', 'Lit': '37 ', 'Hol': '44 ', 'Bst': '60.69 ', 'Rst': '23 '}"
13641,Eclipse Crest Heater Shield,Standard +21 ,"{'Phy': '170 ', 'Mag': '- ', 'Fir': '- ', 'Lit': '- ', 'Hol': '- ', 'Sta': '115 '}","{'Str': 'C ', 'Dex': '- ', 'Int': '- ', 'Fai': '- ', 'Arc': '- '}",{'Any': '- '},"{'Phy': '100 ', 'Mag': '44 ', 'Fir': '44 ', 'Lit': '37 ', 'Hol': '44 ', 'Bst': '61.2 ', 'Rst': '23 '}"
13642,Eclipse Crest Heater Shield,Standard +22 ,"{'Phy': '175 ', 'Mag': '- ', 'Fir': '- ', 'Lit': '- ', 'Hol': '- ', 'Sta': '118 '}","{'Str': 'C ', 'Dex': '- ', 'Int': '- ', 'Fai': '- ', 'Arc': '- '}",{'Any': '- '},"{'Phy': '100 ', 'Mag': '44 ', 'Fir': '44 ', 'Lit': '37 ', 'Hol': '44 ', 'Bst': '61.71 ', 'Rst': '23 '}"
13643,Eclipse Crest Heater Shield,Standard +23 ,"{'Phy': '179 ', 'Mag': '- ', 'Fir': '- ', 'Lit': '- ', 'Hol': '- ', 'Sta': '120 '}","{'Str': 'C ', 'Dex': '- ', 'Int': '- ', 'Fai': '- ', 'Arc': '- '}",{'Any': '- '},"{'Phy': '100 ', 'Mag': '44 ', 'Fir': '44 ', 'Lit': '37 ', 'Hol': '44 ', 'Bst': '62.22 ', 'Rst': '23 '}"
13644,Eclipse Crest Heater Shield,Standard +24 ,"{'Phy': '184 ', 'Mag': '- ', 'Fir': '- ', 'Lit': '- ', 'Hol': '- ', 'Sta': '123 '}","{'Str': 'C ', 'Dex': '- ', 'Int': '- ', 'Fai': '- ', 'Arc': '- '}",{'Any': '- '},"{'Phy': '100 ', 'Mag': '44 ', 'Fir': '44 ', 'Lit': '37 ', 'Hol': '44 ', 'Bst': '62.73 ', 'Rst': '23 '}"
13645,Eclipse Crest Heater Shield,Standard +25 ,"{'Phy': '188 ', 'Mag': '- ', 'Fir': '- ', 'Lit': '- ', 'Hol': '- ', 'Sta': '126 '}","{'Str': 'C ', 'Dex': '- ', 'Int': '- ', 'Fai': '- ', 'Arc': '- '}",{'Any': '- '},"{'Phy': '100 ', 'Mag': '44 ', 'Fir': '44 ', 'Lit': '37 ', 'Hol': '44 ', 'Bst': '63.24 ', 'Rst': '23 '}"
13958,Kite Shield,Standard ,"{'Phy': '78 ', 'Mag': '- ', 'Fir': '- ', 'Lit': '- ', 'Hol': '- ', 'Sta': '65 '}","{'Str': 'D ', 'Dex': '- ', 'Int': '- ', 'Fai': '- ', 'Arc': '- '}",{'Any': '- '},"{'Phy': '100 ', 'Mag': '47 ', 'Fir': '47 ', 'Lit': '33 ', 'Hol': '47 ', 'Bst': '51 ', 'Rst': '23 '}"
13959,Kite Shield,Standard +1 ,"{'Phy': '82 ', 'Mag': '- ', 'Fir': '- ', 'Lit': '- ', 'Hol': '- ', 'Sta': '67 '}","{'Str': 'D ', 'Dex': '- ', 'Int': '- ', 'Fai': '- ', 'Arc': '- '}",{'Any': '- '},"{'Phy': '100 ', 'Mag': '47 ', 'Fir': '47 ', 'Lit': '33 ', 'Hol': '47 ', 'Bst': '51 ', 'Rst': '23 '}"
13960,Kite Shield,Standard +2 ,"{'Phy': '87 ', 'Mag': '- ', 'Fir': '- ', 'Lit': '- ', 'Hol': '- ', 'Sta': '70 '}","{'Str': 'D ', 'Dex': '- ', 'Int': '- ', 'Fai': '- ', 'Arc': '- '}",{'Any': '- '},"{'Phy': '100 ', 'Mag': '47 ', 'Fir': '47 ', 'Lit': '33 ', 'Hol': '47 ', 'Bst': '51.51 ', 'Rst': '23 '}"
13961,Kite Shield,Standard +3 ,"{'Phy': '91 ', 'Mag': '- ', 'Fir': '- ', 'Lit': '- ', 'Hol': '- ', 'Sta': '72 '}","{'Str': 'D ', 'Dex': '- ', 'Int': '- ', 'Fai': '- ', 'Arc': '- '}",{'Any': '- '},"{'Phy': '100 ', 'Mag': '47 ', 'Fir': '47 ', 'Lit': '33 ', 'Hol': '47 ', 'Bst': '52.02 ', 'Rst': '23 '}"
13962,Kite Shield,Standard +4 ,"{'Phy': '96 ', 'Mag': '- ', 'Fir': '- ', 'Lit': '- ', 'Hol': '- ', 'Sta': '75 '}","{'Str': 'D ', 'Dex': '- ', 'Int': '- ', 'Fai': '- ', 'Arc': '- '}",{'Any': '- '},"{'Phy': '100 ', 'Mag': '47 ', 'Fir': '47 ', 'Lit': '33 ', 'Hol': '47 ', 'Bst': '52.53 ', 'Rst': '23 '}"
13963,Kite Shield,Standard +5 ,"{'Phy': '100 ', 'Mag': '- ', 'Fir': '- ', 'Lit': '- ', 'Hol': '- ', 'Sta': '78 '}","{'Str': 'D ', 'Dex': '- ', 'Int': '- ', 'Fai': '- ', 'Arc': '- '}",{'Any': '- '},"{'Phy': '100 ', 'Mag': '47 ', 'Fir': '47 ', 'Lit': '33 ', 'Hol': '47 ', 'Bst': '53.04 ', 'Rst': '23 '}"
13964,Kite Shield,Standard +6 ,"{'Phy': '105 ', 'Mag': '- ', 'Fir': '- ', 'Lit': '- ', 'Hol': '- ', 'Sta': '80 '}","{'Str': 'D ', 'Dex': '- ', 'Int': '- ', 'Fai': '- ', 'Arc': '- '}",{'Any': '- '},"{'Phy': '100 ', 'Mag': '47 ', 'Fir': '47 ', 'Lit': '33 ', 'Hol': '47 ', 'Bst': '53.55 ', 'Rst': '23 '}"
13965,Kite Shield,Standard +7 ,"{'Phy': '109 ', 'Mag': '- ', 'Fir': '- ', 'Lit': '- ', 'Hol': '- ', 'Sta': '83 '}","{'Str': 'D ', 'Dex': '- ', 'Int': '- ', 'Fai': '- ', 'Arc': '- '}",{'Any': '- '},"{'Phy': '100 ', 'Mag': '47 ', 'Fir': '47 ', 'Lit': '33 ', 'Hol': '47 ', 'Bst': '54.06 ', 'Rst': '23 '}"
13966,Kite Shield,Standard +8 ,"{'Phy': '114 ', 'Mag': '- ', 'Fir': '- ', 'Lit': '- ', 'Hol': '- ', 'Sta': '85 '}","{'Str': 'D ', 'Dex': '- ', 'Int': '- ', 'Fai': '- ', 'Arc': '- '}",{'Any': '- '},"{'Phy': '100 ', 'Mag': '47 ', 'Fir': '47 ', 'Lit': '33 ', 'Hol': '47 ', 'Bst': '54.57 ', 'Rst': '23 '}"
13967,Kite Shield,Standard +9 ,"{'Phy': '118 ', 'Mag': '- ', 'Fir': '- ', 'Lit': '- ', 'Hol': '- ', 'Sta': '88 '}","{'Str': 'D ', 'Dex': '- ', 'Int': '- ', 'Fai': '- ', 'Arc': '- '}",{'Any': '- '},"{'Phy': '100 ', 'Mag': '47 ', 'Fir': '47 ', 'Lit': '33 ', 'Hol': '47 ', 'Bst': '55.08 ', 'Rst': '23 '}"
13968,Kite Shield,Standard +10 ,"{'Phy': '123 ', 'Mag': '- ', 'Fir': '- ', 'Lit': '- ', 'Hol': '- ', 'Sta': '91 '}","{'Str': 'D ', 'Dex': '- ', 'Int': '- ', 'Fai': '- ', 'Arc': '- '}",{'Any': '- '},"{'Phy': '100 ', 'Mag': '47 ', 'Fir': '47 ', 'Lit': '33 ', 'Hol': '47 ', 'Bst': '55.59 ', 'Rst': '23 '}"
13969,Kite Shield,Standard +11 ,"{'Phy': '127 ', 'Mag': '- ', 'Fir': '- ', 'Lit': '- ', 'Hol': '- ', 'Sta': '93 '}","{'Str': 'D ', 'Dex': '- ', 'Int': '- ', 'Fai': '- ', 'Arc': '- '}",{'Any': '- '},"{'Phy': '100 ', 'Mag': '47 ', 'Fir': '47 ', 'Lit': '33 ', 'Hol': '47 ', 'Bst': '56.1 ', 'Rst': '23 '}"
13970,Kite Shield,Standard +12 ,"{'Phy': '132 ', 'Mag': '- ', 'Fir': '- ', 'Lit': '- ', 'Hol': '- ', 'Sta': '96 '}","{'Str': 'D ', 'Dex': '- ', 'Int': '- ', 'Fai': '- ', 'Arc': '- '}",{'Any': '- '},"{'Phy': '100 ', 'Mag': '47 ', 'Fir': '47 ', 'Lit': '33 ', 'Hol': '47 ', 'Bst': '56.61 ', 'Rst': '23 '}"
13971,Kite Shield,Standard +13 ,"{'Phy': '136 ', 'Mag': '- ', 'Fir': '- ', 'Lit': '- ', 'Hol': '- ', 'Sta': '98 '}","{'Str': 'D ', 'Dex': '- ', 'Int': '- ', 'Fai': '- ', 'Arc': '- '}",{'Any': '- '},"{'Phy': '100 ', 'Mag': '47 ', 'Fir': '47 ', 'Lit': '33 ', 'Hol': '47 ', 'Bst': '57.12 ', 'Rst': '23 '}"
13972,Kite Shield,Standard +14 ,"{'Phy': '141 ', 'Mag': '- ', 'Fir': '- ', 'Lit': '- ', 'Hol': '- ', 'Sta': '101 '}","{'Str': 'C ', 'Dex': '- ', 'Int': '- ', 'Fai': '- ', 'Arc': '- '}",{'Any': '- '},"{'Phy': '100 ', 'Mag': '47 ', 'Fir': '47 ', 'Lit': '33 ', 'Hol': '47 ', 'Bst': '57.63 ', 'Rst': '23 '}"
13973,Kite Shield,Standard +15 ,"{'Phy': '145 ', 'Mag': '- ', 'Fir': '- ', 'Lit': '- ', 'Hol': '- ', 'Sta': '104 '}","{'Str': 'C ', 'Dex': '- ', 'Int': '- ', 'Fai': '- ', 'Arc': '- '}",{'Any': '- '},"{'Phy': '100 ', 'Mag': '47 ', 'Fir': '47 ', 'Lit': '33 ', 'Hol': '47 ', 'Bst': '58.14 ', 'Rst': '23 '}"
13974,Kite Shield,Standard +16 ,"{'Phy': '150 ', 'Mag': '- ', 'Fir': '- ', 'Lit': '- ', 'Hol': '- ', 'Sta': '106 '}","{'Str': 'C ', 'Dex': '- ', 'Int': '- ', 'Fai': '- ', 'Arc': '- '}",{'Any': '- '},"{'Phy': '100 ', 'Mag': '47 ', 'Fir': '47 ', 'Lit': '33 ', 'Hol': '47 ', 'Bst': '58.65 ', 'Rst': '23 '}"
13975,Kite Shield,Standard +17 ,"{'Phy': '154 ', 'Mag': '- ', 'Fir': '- ', 'Lit': '- ', 'Hol': '- ', 'Sta': '109 '}","{'Str': 'C ', 'Dex': '- ', 'Int': '- ', 'Fai': '- ', 'Arc': '- '}",{'Any': '- '},"{'Phy': '100 ', 'Mag': '47 ', 'Fir': '47 ', 'Lit': '33 ', 'Hol': '47 ', 'Bst': '59.16 ', 'Rst': '23 '}"
13976,Kite Shield,Standard +18 ,"{'Phy': '159 ', 'Mag': '- ', 'Fir': '- ', 'Lit': '- ', 'Hol': '- ', 'Sta': '111 '}","{'Str': 'C ', 'Dex': '- ', 'Int': '- ', 'Fai': '- ', 'Arc': '- '}",{'Any': '- '},"{'Phy': '100 ', 'Mag': '47 ', 'Fir': '47 ', 'Lit': '33 ', 'Hol': '47 ', 'Bst': '59.67 ', 'Rst': '23 '}"
13977,Kite Shield,Standard +19 ,"{'Phy': '163 ', 'Mag': '- ', 'Fir': '- ', 'Lit': '- ', 'Hol': '- ', 'Sta': '114 '}","{'Str': 'C ', 'Dex': '- ', 'Int': '- ', 'Fai': '- ', 'Arc': '- '}",{'Any': '- '},"{'Phy': '100 ', 'Mag': '47 ', 'Fir': '47 ', 'Lit': '33 ', 'Hol': '47 ', 'Bst': '60.18 ', 'Rst': '23 '}"
13978,Kite Shield,Standard +20 ,"{'Phy': '168 ', 'Mag': '- ', 'Fir': '- ', 'Lit': '- ', 'Hol': '- ', 'Sta': '117 '}","{'Str': 'C ', 'Dex': '- ', 'Int': '- ', 'Fai': '- ', 'Arc': '- '}",{'Any': '- '},"{'Phy': '100 ', 'Mag': '47 ', 'Fir': '47 ', 'Lit': '33 ', 'Hol': '47 ', 'Bst': '60.69 ', 'Rst': '23 '}"
13979,Kite Shield,Standard +21 ,"{'Phy': '173 ', 'Mag': '- ', 'Fir': '- ', 'Lit': '- ', 'Hol': '- ', 'Sta': '119 '}","{'Str': 'C ', 'Dex': '- ', 'Int': '- ', 'Fai': '- ', 'Arc': '- '}",{'Any': '- '},"{'Phy': '100 ', 'Mag': '47 ', 'Fir': '47 ', 'Lit': '33 ', 'Hol': '47 ', 'Bst': '61.2 ', 'Rst': '23 '}"
13980,Kite Shield,Standard +22 ,"{'Phy': '177 ', 'Mag': '- ', 'Fir': '- ', 'Lit': '- ', 'Hol': '- ', 'Sta': '122 '}","{'Str': 'C ', 'Dex': '- ', 'Int': '- ', 'Fai': '- ', 'Arc': '- '}",{'Any': '- '},"{'Phy': '100 ', 'Mag': '47 ', 'Fir': '47 ', 'Lit': '33 ', 'Hol': '47 ', 'Bst': '61.71 ', 'Rst': '23 '}"
13981,Kite Shield,Standard +23 ,"{'Phy': '182 ', 'Mag': '- ', 'Fir': '- ', 'Lit': '- ', 'Hol': '- ', 'Sta': '124 '}","{'Str': 'C ', 'Dex': '- ', 'Int': '- ', 'Fai': '- ', 'Arc': '- '}",{'Any': '- '},"{'Phy': '100 ', 'Mag': '47 ', 'Fir': '47 ', 'Lit': '33 ', 'Hol': '47 ', 'Bst': '62.22 ', 'Rst': '23 '}"
13982,Kite Shield,Standard +24 ,"{'Phy': '186 ', 'Mag': '- ', 'Fir': '- ', 'Lit': '- ', 'Hol': '- ', 'Sta': '127 '}","{'Str': 'C ', 'Dex': '- ', 'Int': '- ', 'Fai': '- ', 'Arc': '- '}",{'Any': '- '},"{'Phy': '100 ', 'Mag': '47 ', 'Fir': '47 ', 'Lit': '33 ', 'Hol': '47 ', 'Bst': '62.73 ', 'Rst': '23 '}"
13983,Kite Shield,Standard +25 ,"{'Phy': '191 ', 'Mag': '- ', 'Fir': '- ', 'Lit': '- ', 'Hol': '- ', 'Sta': '130 '}","{'Str': 'C ', 'Dex': '- ', 'Int': '- ', 'Fai': '- ', 'Arc': '- '}",{'Any': '- '},"{'Phy': '100 ', 'Mag': '47 ', 'Fir': '47 ', 'Lit': '33 ', 'Hol': '47 ', 'Bst': '63.24 ', 'Rst': '23 '}"
14296,Kite Shield,Standard ,"{'Phy': '78 ', 'Mag': '- ', 'Fir': '- ', 'Lit': '- ', 'Hol': '- ', 'Sta': '65 '}","{'Str': 'D ', 'Dex': '- ', 'Int': '- ', 'Fai': '- ', 'Arc': '- '}",{'Any': '- '},"{'Phy': '100 ', 'Mag': '47 ', 'Fir': '47 ', 'Lit': '33 ', 'Hol': '47 ', 'Bst': '51 ', 'Rst': '23 '}"
14297,Kite Shield,Standard +1 ,"{'Phy': '82 ', 'Mag': '- ', 'Fir': '- ', 'Lit': '- ', 'Hol': '- ', 'Sta': '67 '}","{'Str': 'D ', 'Dex': '- ', 'Int': '- ', 'Fai': '- ', 'Arc': '- '}",{'Any': '- '},"{'Phy': '100 ', 'Mag': '47 ', 'Fir': '47 ', 'Lit': '33 ', 'Hol': '47 ', 'Bst': '51 ', 'Rst': '23 '}"
14298,Kite Shield,Standard +2 ,"{'Phy': '87 ', 'Mag': '- ', 'Fir': '- ', 'Lit': '- ', 'Hol': '- ', 'Sta': '70 '}","{'Str': 'D ', 'Dex': '- ', 'Int': '- ', 'Fai': '- ', 'Arc': '- '}",{'Any': '- '},"{'Phy': '100 ', 'Mag': '47 ', 'Fir': '47 ', 'Lit': '33 ', 'Hol': '47 ', 'Bst': '51.51 ', 'Rst': '23 '}"
14299,Kite Shield,Standard +3 ,"{'Phy': '91 ', 'Mag': '- ', 'Fir': '- ', 'Lit': '- ', 'Hol': '- ', 'Sta': '72 '}","{'Str': 'D ', 'Dex': '- ', 'Int': '- ', 'Fai': '- ', 'Arc': '- '}",{'Any': '- '},"{'Phy': '100 ', 'Mag': '47 ', 'Fir': '47 ', 'Lit': '33 ', 'Hol': '47 ', 'Bst': '52.02 ', 'Rst': '23 '}"
14300,Kite Shield,Standard +4 ,"{'Phy': '96 ', 'Mag': '- ', 'Fir': '- ', 'Lit': '- ', 'Hol': '- ', 'Sta': '75 '}","{'Str': 'D ', 'Dex': '- ', 'Int': '- ', 'Fai': '- ', 'Arc': '- '}",{'Any': '- '},"{'Phy': '100 ', 'Mag': '47 ', 'Fir': '47 ', 'Lit': '33 ', 'Hol': '47 ', 'Bst': '52.53 ', 'Rst': '23 '}"
14301,Kite Shield,Standard +5 ,"{'Phy': '100 ', 'Mag': '- ', 'Fir': '- ', 'Lit': '- ', 'Hol': '- ', 'Sta': '78 '}","{'Str': 'D ', 'Dex': '- ', 'Int': '- ', 'Fai': '- ', 'Arc': '- '}",{'Any': '- '},"{'Phy': '100 ', 'Mag': '47 ', 'Fir': '47 ', 'Lit': '33 ', 'Hol': '47 ', 'Bst': '53.04 ', 'Rst': '23 '}"
14302,Kite Shield,Standard +6 ,"{'Phy': '105 ', 'Mag': '- ', 'Fir': '- ', 'Lit': '- ', 'Hol': '- ', 'Sta': '80 '}","{'Str': 'D ', 'Dex': '- ', 'Int': '- ', 'Fai': '- ', 'Arc': '- '}",{'Any': '- '},"{'Phy': '100 ', 'Mag': '47 ', 'Fir': '47 ', 'Lit': '33 ', 'Hol': '47 ', 'Bst': '53.55 ', 'Rst': '23 '}"
14303,Kite Shield,Standard +7 ,"{'Phy': '109 ', 'Mag': '- ', 'Fir': '- ', 'Lit': '- ', 'Hol': '- ', 'Sta': '83 '}","{'Str': 'D ', 'Dex': '- ', 'Int': '- ', 'Fai': '- ', 'Arc': '- '}",{'Any': '- '},"{'Phy': '100 ', 'Mag': '47 ', 'Fir': '47 ', 'Lit': '33 ', 'Hol': '47 ', 'Bst': '54.06 ', 'Rst': '23 '}"
14304,Kite Shield,Standard +8 ,"{'Phy': '114 ', 'Mag': '- ', 'Fir': '- ', 'Lit': '- ', 'Hol': '- ', 'Sta': '85 '}","{'Str': 'D ', 'Dex': '- ', 'Int': '- ', 'Fai': '- ', 'Arc': '- '}",{'Any': '- '},"{'Phy': '100 ', 'Mag': '47 ', 'Fir': '47 ', 'Lit': '33 ', 'Hol': '47 ', 'Bst': '54.57 ', 'Rst': '23 '}"
14305,Kite Shield,Standard +9 ,"{'Phy': '118 ', 'Mag': '- ', 'Fir': '- ', 'Lit': '- ', 'Hol': '- ', 'Sta': '88 '}","{'Str': 'D ', 'Dex': '- ', 'Int': '- ', 'Fai': '- ', 'Arc': '- '}",{'Any': '- '},"{'Phy': '100 ', 'Mag': '47 ', 'Fir': '47 ', 'Lit': '33 ', 'Hol': '47 ', 'Bst': '55.08 ', 'Rst': '23 '}"
14306,Kite Shield,Standard +10 ,"{'Phy': '123 ', 'Mag': '- ', 'Fir': '- ', 'Lit': '- ', 'Hol': '- ', 'Sta': '91 '}","{'Str': 'D ', 'Dex': '- ', 'Int': '- ', 'Fai': '- ', 'Arc': '- '}",{'Any': '- '},"{'Phy': '100 ', 'Mag': '47 ', 'Fir': '47 ', 'Lit': '33 ', 'Hol': '47 ', 'Bst': '55.59 ', 'Rst': '23 '}"
14307,Kite Shield,Standard +11 ,"{'Phy': '127 ', 'Mag': '- ', 'Fir': '- ', 'Lit': '- ', 'Hol': '- ', 'Sta': '93 '}","{'Str': 'D ', 'Dex': '- ', 'Int': '- ', 'Fai': '- ', 'Arc': '- '}",{'Any': '- '},"{'Phy': '100 ', 'Mag': '47 ', 'Fir': '47 ', 'Lit': '33 ', 'Hol': '47 ', 'Bst': '56.1 ', 'Rst': '23 '}"
14308,Kite Shield,Standard +12 ,"{'Phy': '132 ', 'Mag': '- ', 'Fir': '- ', 'Lit': '- ', 'Hol': '- ', 'Sta': '96 '}","{'Str': 'D ', 'Dex': '- ', 'Int': '- ', 'Fai': '- ', 'Arc': '- '}",{'Any': '- '},"{'Phy': '100 ', 'Mag': '47 ', 'Fir': '47 ', 'Lit': '33 ', 'Hol': '47 ', 'Bst': '56.61 ', 'Rst': '23 '}"
14309,Kite Shield,Standard +13 ,"{'Phy': '136 ', 'Mag': '- ', 'Fir': '- ', 'Lit': '- ', 'Hol': '- ', 'Sta': '98 '}","{'Str': 'D ', 'Dex': '- ', 'Int': '- ', 'Fai': '- ', 'Arc': '- '}",{'Any': '- '},"{'Phy': '100 ', 'Mag': '47 ', 'Fir': '47 ', 'Lit': '33 ', 'Hol': '47 ', 'Bst': '57.12 ', 'Rst': '23 '}"
14310,Kite Shield,Standard +14 ,"{'Phy': '141 ', 'Mag': '- ', 'Fir': '- ', 'Lit': '- ', 'Hol': '- ', 'Sta': '101 '}","{'Str': 'C ', 'Dex': '- ', 'Int': '- ', 'Fai': '- ', 'Arc': '- '}",{'Any': '- '},"{'Phy': '100 ', 'Mag': '47 ', 'Fir': '47 ', 'Lit': '33 ', 'Hol': '47 ', 'Bst': '57.63 ', 'Rst': '23 '}"
14311,Kite Shield,Standard +15 ,"{'Phy': '145 ', 'Mag': '- ', 'Fir': '- ', 'Lit': '- ', 'Hol': '- ', 'Sta': '104 '}","{'Str': 'C ', 'Dex': '- ', 'Int': '- ', 'Fai': '- ', 'Arc': '- '}",{'Any': '- '},"{'Phy': '100 ', 'Mag': '47 ', 'Fir': '47 ', 'Lit': '33 ', 'Hol': '47 ', 'Bst': '58.14 ', 'Rst': '23 '}"
14312,Kite Shield,Standard +16 ,"{'Phy': '150 ', 'Mag': '- ', 'Fir': '- ', 'Lit': '- ', 'Hol': '- ', 'Sta': '106 '}","{'Str': 'C ', 'Dex': '- ', 'Int': '- ', 'Fai': '- ', 'Arc': '- '}",{'Any': '- '},"{'Phy': '100 ', 'Mag': '47 ', 'Fir': '47 ', 'Lit': '33 ', 'Hol': '47 ', 'Bst': '58.65 ', 'Rst': '23 '}"
14313,Kite Shield,Standard +17 ,"{'Phy': '154 ', 'Mag': '- ', 'Fir': '- ', 'Lit': '- ', 'Hol': '- ', 'Sta': '109 '}","{'Str': 'C ', 'Dex': '- ', 'Int': '- ', 'Fai': '- ', 'Arc': '- '}",{'Any': '- '},"{'Phy': '100 ', 'Mag': '47 ', 'Fir': '47 ', 'Lit': '33 ', 'Hol': '47 ', 'Bst': '59.16 ', 'Rst': '23 '}"
14314,Kite Shield,Standard +18 ,"{'Phy': '159 ', 'Mag': '- ', 'Fir': '- ', 'Lit': '- ', 'Hol': '- ', 'Sta': '111 '}","{'Str': 'C ', 'Dex': '- ', 'Int': '- ', 'Fai': '- ', 'Arc': '- '}",{'Any': '- '},"{'Phy': '100 ', 'Mag': '47 ', 'Fir': '47 ', 'Lit': '33 ', 'Hol': '47 ', 'Bst': '59.67 ', 'Rst': '23 '}"
14315,Kite Shield,Standard +19 ,"{'Phy': '163 ', 'Mag': '- ', 'Fir': '- ', 'Lit': '- ', 'Hol': '- ', 'Sta': '114 '}","{'Str': 'C ', 'Dex': '- ', 'Int': '- ', 'Fai': '- ', 'Arc': '- '}",{'Any': '- '},"{'Phy': '100 ', 'Mag': '47 ', 'Fir': '47 ', 'Lit': '33 ', 'Hol': '47 ', 'Bst': '60.18 ', 'Rst': '23 '}"
14316,Kite Shield,Standard +20 ,"{'Phy': '168 ', 'Mag': '- ', 'Fir': '- ', 'Lit': '- ', 'Hol': '- ', 'Sta': '117 '}","{'Str': 'C ', 'Dex': '- ', 'Int': '- ', 'Fai': '- ', 'Arc': '- '}",{'Any': '- '},"{'Phy': '100 ', 'Mag': '47 ', 'Fir': '47 ', 'Lit': '33 ', 'Hol': '47 ', 'Bst': '60.69 ', 'Rst': '23 '}"
14317,Kite Shield,Standard +21 ,"{'Phy': '173 ', 'Mag': '- ', 'Fir': '- ', 'Lit': '- ', 'Hol': '- ', 'Sta': '119 '}","{'Str': 'C ', 'Dex': '- ', 'Int': '- ', 'Fai': '- ', 'Arc': '- '}",{'Any': '- '},"{'Phy': '100 ', 'Mag': '47 ', 'Fir': '47 ', 'Lit': '33 ', 'Hol': '47 ', 'Bst': '61.2 ', 'Rst': '23 '}"
14318,Kite Shield,Standard +22 ,"{'Phy': '177 ', 'Mag': '- ', 'Fir': '- ', 'Lit': '- ', 'Hol': '- ', 'Sta': '122 '}","{'Str': 'C ', 'Dex': '- ', 'Int': '- ', 'Fai': '- ', 'Arc': '- '}",{'Any': '- '},"{'Phy': '100 ', 'Mag': '47 ', 'Fir': '47 ', 'Lit': '33 ', 'Hol': '47 ', 'Bst': '61.71 ', 'Rst': '23 '}"
14319,Kite Shield,Standard +23 ,"{'Phy': '182 ', 'Mag': '- ', 'Fir': '- ', 'Lit': '- ', 'Hol': '- ', 'Sta': '124 '}","{'Str': 'C ', 'Dex': '- ', 'Int': '- ', 'Fai': '- ', 'Arc': '- '}",{'Any': '- '},"{'Phy': '100 ', 'Mag': '47 ', 'Fir': '47 ', 'Lit': '33 ', 'Hol': '47 ', 'Bst': '62.22 ', 'Rst': '23 '}"
14320,Kite Shield,Standard +24 ,"{'Phy': '186 ', 'Mag': '- ', 'Fir': '- ', 'Lit': '- ', 'Hol': '- ', 'Sta': '127 '}","{'Str': 'C ', 'Dex': '- ', 'Int': '- ', 'Fai': '- ', 'Arc': '- '}",{'Any': '- '},"{'Phy': '100 ', 'Mag': '47 ', 'Fir': '47 ', 'Lit': '33 ', 'Hol': '47 ', 'Bst': '62.73 ', 'Rst': '23 '}"
14321,Kite Shield,Standard +25 ,"{'Phy': '191 ', 'Mag': '- ', 'Fir': '- ', 'Lit': '- ', 'Hol': '- ', 'Sta': '130 '}","{'Str': 'C ', 'Dex': '- ', 'Int': '- ', 'Fai': '- ', 'Arc': '- '}",{'Any': '- '},"{'Phy': '100 ', 'Mag': '47 ', 'Fir': '47 ', 'Lit': '33 ', 'Hol': '47 ', 'Bst': '63.24 ', 'Rst': '23 '}"
14634,Blue-Gold Kite Shield,Standard ,"{'Phy': '80 ', 'Mag': '- ', 'Fir': '- ', 'Lit': '- ', 'Hol': '- ', 'Sta': '65 '}","{'Str': 'D ', 'Dex': '- ', 'Int': '- ', 'Fai': '- ', 'Arc': '- '}",{'Any': '- '},"{'Phy': '100 ', 'Mag': '47 ', 'Fir': '53 ', 'Lit': '35 ', 'Hol': '45 ', 'Bst': '53 ', 'Rst': '25 '}"
14635,Blue-Gold Kite Shield,Standard +1 ,"{'Phy': '84 ', 'Mag': '- ', 'Fir': '- ', 'Lit': '- ', 'Hol': '- ', 'Sta': '67 '}","{'Str': 'D ', 'Dex': '- ', 'Int': '- ', 'Fai': '- ', 'Arc': '- '}",{'Any': '- '},"{'Phy': '100 ', 'Mag': '47 ', 'Fir': '53 ', 'Lit': '35 ', 'Hol': '45 ', 'Bst': '53 ', 'Rst': '25 '}"
14636,Blue-Gold Kite Shield,Standard +2 ,"{'Phy': '89 ', 'Mag': '- ', 'Fir': '- ', 'Lit': '- ', 'Hol': '- ', 'Sta': '70 '}","{'Str': 'D ', 'Dex': '- ', 'Int': '- ', 'Fai': '- ', 'Arc': '- '}",{'Any': '- '},"{'Phy': '100 ', 'Mag': '47 ', 'Fir': '53 ', 'Lit': '35 ', 'Hol': '45 ', 'Bst': '53.53 ', 'Rst': '25 '}"
14637,Blue-Gold Kite Shield,Standard +3 ,"{'Phy': '93 ', 'Mag': '- ', 'Fir': '- ', 'Lit': '- ', 'Hol': '- ', 'Sta': '72 '}","{'Str': 'D ', 'Dex': '- ', 'Int': '- ', 'Fai': '- ', 'Arc': '- '}",{'Any': '- '},"{'Phy': '100 ', 'Mag': '47 ', 'Fir': '53 ', 'Lit': '35 ', 'Hol': '45 ', 'Bst': '54.06 ', 'Rst': '25 '}"
14638,Blue-Gold Kite Shield,Standard +4 ,"{'Phy': '98 ', 'Mag': '- ', 'Fir': '- ', 'Lit': '- ', 'Hol': '- ', 'Sta': '75 '}","{'Str': 'D ', 'Dex': '- ', 'Int': '- ', 'Fai': '- ', 'Arc': '- '}",{'Any': '- '},"{'Phy': '100 ', 'Mag': '47 ', 'Fir': '53 ', 'Lit': '35 ', 'Hol': '45 ', 'Bst': '54.59 ', 'Rst': '25 '}"
14639,Blue-Gold Kite Shield,Standard +5 ,"{'Phy': '103 ', 'Mag': '- ', 'Fir': '- ', 'Lit': '- ', 'Hol': '- ', 'Sta': '78 '}","{'Str': 'D ', 'Dex': '- ', 'Int': '- ', 'Fai': '- ', 'Arc': '- '}",{'Any': '- '},"{'Phy': '100 ', 'Mag': '47 ', 'Fir': '53 ', 'Lit': '35 ', 'Hol': '45 ', 'Bst': '55.12 ', 'Rst': '25 '}"
14640,Blue-Gold Kite Shield,Standard +6 ,"{'Phy': '107 ', 'Mag': '- ', 'Fir': '- ', 'Lit': '- ', 'Hol': '- ', 'Sta': '80 '}","{'Str': 'D ', 'Dex': '- ', 'Int': '- ', 'Fai': '- ', 'Arc': '- '}",{'Any': '- '},"{'Phy': '100 ', 'Mag': '47 ', 'Fir': '53 ', 'Lit': '35 ', 'Hol': '45 ', 'Bst': '55.65 ', 'Rst': '25 '}"
14641,Blue-Gold Kite Shield,Standard +7 ,"{'Phy': '112 ', 'Mag': '- ', 'Fir': '- ', 'Lit': '- ', 'Hol': '- ', 'Sta': '83 '}","{'Str': 'D ', 'Dex': '- ', 'Int': '- ', 'Fai': '- ', 'Arc': '- '}",{'Any': '- '},"{'Phy': '100 ', 'Mag': '47 ', 'Fir': '53 ', 'Lit': '35 ', 'Hol': '45 ', 'Bst': '56.18 ', 'Rst': '25 '}"
14642,Blue-Gold Kite Shield,Standard +8 ,"{'Phy': '117 ', 'Mag': '- ', 'Fir': '- ', 'Lit': '- ', 'Hol': '- ', 'Sta': '85 '}","{'Str': 'D ', 'Dex': '- ', 'Int': '- ', 'Fai': '- ', 'Arc': '- '}",{'Any': '- '},"{'Phy': '100 ', 'Mag': '47 ', 'Fir': '53 ', 'Lit': '35 ', 'Hol': '45 ', 'Bst': '56.71 ', 'Rst': '25 '}"
14643,Blue-Gold Kite Shield,Standard +9 ,"{'Phy': '121 ', 'Mag': '- ', 'Fir': '- ', 'Lit': '- ', 'Hol': '- ', 'Sta': '88 '}","{'Str': 'D ', 'Dex': '- ', 'Int': '- ', 'Fai': '- ', 'Arc': '- '}",{'Any': '- '},"{'Phy': '100 ', 'Mag': '47 ', 'Fir': '53 ', 'Lit': '35 ', 'Hol': '45 ', 'Bst': '57.24 ', 'Rst': '25 '}"
14644,Blue-Gold Kite Shield,Standard +10 ,"{'Phy': '126 ', 'Mag': '- ', 'Fir': '- ', 'Lit': '- ', 'Hol': '- ', 'Sta': '91 '}","{'Str': 'D ', 'Dex': '- ', 'Int': '- ', 'Fai': '- ', 'Arc': '- '}",{'Any': '- '},"{'Phy': '100 ', 'Mag': '47 ', 'Fir': '53 ', 'Lit': '35 ', 'Hol': '45 ', 'Bst': '57.77 ', 'Rst': '25 '}"
14645,Blue-Gold Kite Shield,Standard +11 ,"{'Phy': '131 ', 'Mag': '- ', 'Fir': '- ', 'Lit': '- ', 'Hol': '- ', 'Sta': '93 '}","{'Str': 'D ', 'Dex': '- ', 'Int': '- ', 'Fai': '- ', 'Arc': '- '}",{'Any': '- '},"{'Phy': '100 ', 'Mag': '47 ', 'Fir': '53 ', 'Lit': '35 ', 'Hol': '45 ', 'Bst': '58.3 ', 'Rst': '25 '}"
14646,Blue-Gold Kite Shield,Standard +12 ,"{'Phy': '135 ', 'Mag': '- ', 'Fir': '- ', 'Lit': '- ', 'Hol': '- ', 'Sta': '96 '}","{'Str': 'D ', 'Dex': '- ', 'Int': '- ', 'Fai': '- ', 'Arc': '- '}",{'Any': '- '},"{'Phy': '100 ', 'Mag': '47 ', 'Fir': '53 ', 'Lit': '35 ', 'Hol': '45 ', 'Bst': '58.83 ', 'Rst': '25 '}"
14647,Blue-Gold Kite Shield,Standard +13 ,"{'Phy': '140 ', 'Mag': '- ', 'Fir': '- ', 'Lit': '- ', 'Hol': '- ', 'Sta': '98 '}","{'Str': 'D ', 'Dex': '- ', 'Int': '- ', 'Fai': '- ', 'Arc': '- '}",{'Any': '- '},"{'Phy': '100 ', 'Mag': '47 ', 'Fir': '53 ', 'Lit': '35 ', 'Hol': '45 ', 'Bst': '59.36 ', 'Rst': '25 '}"
14648,Blue-Gold Kite Shield,Standard +14 ,"{'Phy': '144 ', 'Mag': '- ', 'Fir': '- ', 'Lit': '- ', 'Hol': '- ', 'Sta': '101 '}","{'Str': 'C ', 'Dex': '- ', 'Int': '- ', 'Fai': '- ', 'Arc': '- '}",{'Any': '- '},"{'Phy': '100 ', 'Mag': '47 ', 'Fir': '53 ', 'Lit': '35 ', 'Hol': '45 ', 'Bst': '59.89 ', 'Rst': '25 '}"
14649,Blue-Gold Kite Shield,Standard +15 ,"{'Phy': '149 ', 'Mag': '- ', 'Fir': '- ', 'Lit': '- ', 'Hol': '- ', 'Sta': '104 '}","{'Str': 'C ', 'Dex': '- ', 'Int': '- ', 'Fai': '- ', 'Arc': '- '}",{'Any': '- '},"{'Phy': '100 ', 'Mag': '47 ', 'Fir': '53 ', 'Lit': '35 ', 'Hol': '45 ', 'Bst': '60.42 ', 'Rst': '25 '}"
14650,Blue-Gold Kite Shield,Standard +16 ,"{'Phy': '154 ', 'Mag': '- ', 'Fir': '- ', 'Lit': '- ', 'Hol': '- ', 'Sta': '106 '}","{'Str': 'C ', 'Dex': '- ', 'Int': '- ', 'Fai': '- ', 'Arc': '- '}",{'Any': '- '},"{'Phy': '100 ', 'Mag': '47 ', 'Fir': '53 ', 'Lit': '35 ', 'Hol': '45 ', 'Bst': '60.95 ', 'Rst': '25 '}"
14651,Blue-Gold Kite Shield,Standard +17 ,"{'Phy': '158 ', 'Mag': '- ', 'Fir': '- ', 'Lit': '- ', 'Hol': '- ', 'Sta': '109 '}","{'Str': 'C ', 'Dex': '- ', 'Int': '- ', 'Fai': '- ', 'Arc': '- '}",{'Any': '- '},"{'Phy': '100 ', 'Mag': '47 ', 'Fir': '53 ', 'Lit': '35 ', 'Hol': '45 ', 'Bst': '61.48 ', 'Rst': '25 '}"
14652,Blue-Gold Kite Shield,Standard +18 ,"{'Phy': '163 ', 'Mag': '- ', 'Fir': '- ', 'Lit': '- ', 'Hol': '- ', 'Sta': '111 '}","{'Str': 'C ', 'Dex': '- ', 'Int': '- ', 'Fai': '- ', 'Arc': '- '}",{'Any': '- '},"{'Phy': '100 ', 'Mag': '47 ', 'Fir': '53 ', 'Lit': '35 ', 'Hol': '45 ', 'Bst': '62.01 ', 'Rst': '25 '}"
14653,Blue-Gold Kite Shield,Standard +19 ,"{'Phy': '168 ', 'Mag': '- ', 'Fir': '- ', 'Lit': '- ', 'Hol': '- ', 'Sta': '114 '}","{'Str': 'C ', 'Dex': '- ', 'Int': '- ', 'Fai': '- ', 'Arc': '- '}",{'Any': '- '},"{'Phy': '100 ', 'Mag': '47 ', 'Fir': '53 ', 'Lit': '35 ', 'Hol': '45 ', 'Bst': '62.54 ', 'Rst': '25 '}"
14654,Blue-Gold Kite Shield,Standard +20 ,"{'Phy': '172 ', 'Mag': '- ', 'Fir': '- ', 'Lit': '- ', 'Hol': '- ', 'Sta': '117 '}","{'Str': 'C ', 'Dex': '- ', 'Int': '- ', 'Fai': '- ', 'Arc': '- '}",{'Any': '- '},"{'Phy': '100 ', 'Mag': '47 ', 'Fir': '53 ', 'Lit': '35 ', 'Hol': '45 ', 'Bst': '63.07 ', 'Rst': '25 '}"
14655,Blue-Gold Kite Shield,Standard +21 ,"{'Phy': '177 ', 'Mag': '- ', 'Fir': '- ', 'Lit': '- ', 'Hol': '- ', 'Sta': '119 '}","{'Str': 'C ', 'Dex': '- ', 'Int': '- ', 'Fai': '- ', 'Arc': '- '}",{'Any': '- '},"{'Phy': '100 ', 'Mag': '47 ', 'Fir': '53 ', 'Lit': '35 ', 'Hol': '45 ', 'Bst': '63.6 ', 'Rst': '25 '}"
14656,Blue-Gold Kite Shield,Standard +22 ,"{'Phy': '182 ', 'Mag': '- ', 'Fir': '- ', 'Lit': '- ', 'Hol': '- ', 'Sta': '122 '}","{'Str': 'C ', 'Dex': '- ', 'Int': '- ', 'Fai': '- ', 'Arc': '- '}",{'Any': '- '},"{'Phy': '100 ', 'Mag': '47 ', 'Fir': '53 ', 'Lit': '35 ', 'Hol': '45 ', 'Bst': '64.13 ', 'Rst': '25 '}"
14657,Blue-Gold Kite Shield,Standard +23 ,"{'Phy': '186 ', 'Mag': '- ', 'Fir': '- ', 'Lit': '- ', 'Hol': '- ', 'Sta': '124 '}","{'Str': 'C ', 'Dex': '- ', 'Int': '- ', 'Fai': '- ', 'Arc': '- '}",{'Any': '- '},"{'Phy': '100 ', 'Mag': '47 ', 'Fir': '53 ', 'Lit': '35 ', 'Hol': '45 ', 'Bst': '64.66 ', 'Rst': '25 '}"
14658,Blue-Gold Kite Shield,Standard +24 ,"{'Phy': '191 ', 'Mag': '- ', 'Fir': '- ', 'Lit': '- ', 'Hol': '- ', 'Sta': '127 '}","{'Str': 'C ', 'Dex': '- ', 'Int': '- ', 'Fai': '- ', 'Arc': '- '}",{'Any': '- '},"{'Phy': '100 ', 'Mag': '47 ', 'Fir': '53 ', 'Lit': '35 ', 'Hol': '45 ', 'Bst': '65.19 ', 'Rst': '25 '}"
14659,Blue-Gold Kite Shield,Standard +25 ,"{'Phy': '196 ', 'Mag': '- ', 'Fir': '- ', 'Lit': '- ', 'Hol': '- ', 'Sta': '130 '}","{'Str': 'C ', 'Dex': '- ', 'Int': '- ', 'Fai': '- ', 'Arc': '- '}",{'Any': '- '},"{'Phy': '100 ', 'Mag': '47 ', 'Fir': '53 ', 'Lit': '35 ', 'Hol': '45 ', 'Bst': '65.72 ', 'Rst': '25 '}"
14972,Blue-Gold Kite Shield,Standard ,"{'Phy': '80 ', 'Mag': '- ', 'Fir': '- ', 'Lit': '- ', 'Hol': '- ', 'Sta': '65 '}","{'Str': 'D ', 'Dex': '- ', 'Int': '- ', 'Fai': '- ', 'Arc': '- '}",{'Any': '- '},"{'Phy': '100 ', 'Mag': '47 ', 'Fir': '53 ', 'Lit': '35 ', 'Hol': '45 ', 'Bst': '53 ', 'Rst': '25 '}"
14973,Blue-Gold Kite Shield,Standard +1 ,"{'Phy': '84 ', 'Mag': '- ', 'Fir': '- ', 'Lit': '- ', 'Hol': '- ', 'Sta': '67 '}","{'Str': 'D ', 'Dex': '- ', 'Int': '- ', 'Fai': '- ', 'Arc': '- '}",{'Any': '- '},"{'Phy': '100 ', 'Mag': '47 ', 'Fir': '53 ', 'Lit': '35 ', 'Hol': '45 ', 'Bst': '53 ', 'Rst': '25 '}"
14974,Blue-Gold Kite Shield,Standard +2 ,"{'Phy': '89 ', 'Mag': '- ', 'Fir': '- ', 'Lit': '- ', 'Hol': '- ', 'Sta': '70 '}","{'Str': 'D ', 'Dex': '- ', 'Int': '- ', 'Fai': '- ', 'Arc': '- '}",{'Any': '- '},"{'Phy': '100 ', 'Mag': '47 ', 'Fir': '53 ', 'Lit': '35 ', 'Hol': '45 ', 'Bst': '53.53 ', 'Rst': '25 '}"
14975,Blue-Gold Kite Shield,Standard +3 ,"{'Phy': '93 ', 'Mag': '- ', 'Fir': '- ', 'Lit': '- ', 'Hol': '- ', 'Sta': '72 '}","{'Str': 'D ', 'Dex': '- ', 'Int': '- ', 'Fai': '- ', 'Arc': '- '}",{'Any': '- '},"{'Phy': '100 ', 'Mag': '47 ', 'Fir': '53 ', 'Lit': '35 ', 'Hol': '45 ', 'Bst': '54.06 ', 'Rst': '25 '}"
14976,Blue-Gold Kite Shield,Standard +4 ,"{'Phy': '98 ', 'Mag': '- ', 'Fir': '- ', 'Lit': '- ', 'Hol': '- ', 'Sta': '75 '}","{'Str': 'D ', 'Dex': '- ', 'Int': '- ', 'Fai': '- ', 'Arc': '- '}",{'Any': '- '},"{'Phy': '100 ', 'Mag': '47 ', 'Fir': '53 ', 'Lit': '35 ', 'Hol': '45 ', 'Bst': '54.59 ', 'Rst': '25 '}"
14977,Blue-Gold Kite Shield,Standard +5 ,"{'Phy': '103 ', 'Mag': '- ', 'Fir': '- ', 'Lit': '- ', 'Hol': '- ', 'Sta': '78 '}","{'Str': 'D ', 'Dex': '- ', 'Int': '- ', 'Fai': '- ', 'Arc': '- '}",{'Any': '- '},"{'Phy': '100 ', 'Mag': '47 ', 'Fir': '53 ', 'Lit': '35 ', 'Hol': '45 ', 'Bst': '55.12 ', 'Rst': '25 '}"
14978,Blue-Gold Kite Shield,Standard +6 ,"{'Phy': '107 ', 'Mag': '- ', 'Fir': '- ', 'Lit': '- ', 'Hol': '- ', 'Sta': '80 '}","{'Str': 'D ', 'Dex': '- ', 'Int': '- ', 'Fai': '- ', 'Arc': '- '}",{'Any': '- '},"{'Phy': '100 ', 'Mag': '47 ', 'Fir': '53 ', 'Lit': '35 ', 'Hol': '45 ', 'Bst': '55.65 ', 'Rst': '25 '}"
14979,Blue-Gold Kite Shield,Standard +7 ,"{'Phy': '112 ', 'Mag': '- ', 'Fir': '- ', 'Lit': '- ', 'Hol': '- ', 'Sta': '83 '}","{'Str': 'D ', 'Dex': '- ', 'Int': '- ', 'Fai': '- ', 'Arc': '- '}",{'Any': '- '},"{'Phy': '100 ', 'Mag': '47 ', 'Fir': '53 ', 'Lit': '35 ', 'Hol': '45 ', 'Bst': '56.18 ', 'Rst': '25 '}"
14980,Blue-Gold Kite Shield,Standard +8 ,"{'Phy': '117 ', 'Mag': '- ', 'Fir': '- ', 'Lit': '- ', 'Hol': '- ', 'Sta': '85 '}","{'Str': 'D ', 'Dex': '- ', 'Int': '- ', 'Fai': '- ', 'Arc': '- '}",{'Any': '- '},"{'Phy': '100 ', 'Mag': '47 ', 'Fir': '53 ', 'Lit': '35 ', 'Hol': '45 ', 'Bst': '56.71 ', 'Rst': '25 '}"
14981,Blue-Gold Kite Shield,Standard +9 ,"{'Phy': '121 ', 'Mag': '- ', 'Fir': '- ', 'Lit': '- ', 'Hol': '- ', 'Sta': '88 '}","{'Str': 'D ', 'Dex': '- ', 'Int': '- ', 'Fai': '- ', 'Arc': '- '}",{'Any': '- '},"{'Phy': '100 ', 'Mag': '47 ', 'Fir': '53 ', 'Lit': '35 ', 'Hol': '45 ', 'Bst': '57.24 ', 'Rst': '25 '}"
14982,Blue-Gold Kite Shield,Standard +10 ,"{'Phy': '126 ', 'Mag': '- ', 'Fir': '- ', 'Lit': '- ', 'Hol': '- ', 'Sta': '91 '}","{'Str': 'D ', 'Dex': '- ', 'Int': '- ', 'Fai': '- ', 'Arc': '- '}",{'Any': '- '},"{'Phy': '100 ', 'Mag': '47 ', 'Fir': '53 ', 'Lit': '35 ', 'Hol': '45 ', 'Bst': '57.77 ', 'Rst': '25 '}"
14983,Blue-Gold Kite Shield,Standard +11 ,"{'Phy': '131 ', 'Mag': '- ', 'Fir': '- ', 'Lit': '- ', 'Hol': '- ', 'Sta': '93 '}","{'Str': 'D ', 'Dex': '- ', 'Int': '- ', 'Fai': '- ', 'Arc': '- '}",{'Any': '- '},"{'Phy': '100 ', 'Mag': '47 ', 'Fir': '53 ', 'Lit': '35 ', 'Hol': '45 ', 'Bst': '58.3 ', 'Rst': '25 '}"
14984,Blue-Gold Kite Shield,Standard +12 ,"{'Phy': '135 ', 'Mag': '- ', 'Fir': '- ', 'Lit': '- ', 'Hol': '- ', 'Sta': '96 '}","{'Str': 'D ', 'Dex': '- ', 'Int': '- ', 'Fai': '- ', 'Arc': '- '}",{'Any': '- '},"{'Phy': '100 ', 'Mag': '47 ', 'Fir': '53 ', 'Lit': '35 ', 'Hol': '45 ', 'Bst': '58.83 ', 'Rst': '25 '}"
14985,Blue-Gold Kite Shield,Standard +13 ,"{'Phy': '140 ', 'Mag': '- ', 'Fir': '- ', 'Lit': '- ', 'Hol': '- ', 'Sta': '98 '}","{'Str': 'D ', 'Dex': '- ', 'Int': '- ', 'Fai': '- ', 'Arc': '- '}",{'Any': '- '},"{'Phy': '100 ', 'Mag': '47 ', 'Fir': '53 ', 'Lit': '35 ', 'Hol': '45 ', 'Bst': '59.36 ', 'Rst': '25 '}"
14986,Blue-Gold Kite Shield,Standard +14 ,"{'Phy': '144 ', 'Mag': '- ', 'Fir': '- ', 'Lit': '- ', 'Hol': '- ', 'Sta': '101 '}","{'Str': 'C ', 'Dex': '- ', 'Int': '- ', 'Fai': '- ', 'Arc': '- '}",{'Any': '- '},"{'Phy': '100 ', 'Mag': '47 ', 'Fir': '53 ', 'Lit': '35 ', 'Hol': '45 ', 'Bst': '59.89 ', 'Rst': '25 '}"
14987,Blue-Gold Kite Shield,Standard +15 ,"{'Phy': '149 ', 'Mag': '- ', 'Fir': '- ', 'Lit': '- ', 'Hol': '- ', 'Sta': '104 '}","{'Str': 'C ', 'Dex': '- ', 'Int': '- ', 'Fai': '- ', 'Arc': '- '}",{'Any': '- '},"{'Phy': '100 ', 'Mag': '47 ', 'Fir': '53 ', 'Lit': '35 ', 'Hol': '45 ', 'Bst': '60.42 ', 'Rst': '25 '}"
14988,Blue-Gold Kite Shield,Standard +16 ,"{'Phy': '154 ', 'Mag': '- ', 'Fir': '- ', 'Lit': '- ', 'Hol': '- ', 'Sta': '106 '}","{'Str': 'C ', 'Dex': '- ', 'Int': '- ', 'Fai': '- ', 'Arc': '- '}",{'Any': '- '},"{'Phy': '100 ', 'Mag': '47 ', 'Fir': '53 ', 'Lit': '35 ', 'Hol': '45 ', 'Bst': '60.95 ', 'Rst': '25 '}"
14989,Blue-Gold Kite Shield,Standard +17 ,"{'Phy': '158 ', 'Mag': '- ', 'Fir': '- ', 'Lit': '- ', 'Hol': '- ', 'Sta': '109 '}","{'Str': 'C ', 'Dex': '- ', 'Int': '- ', 'Fai': '- ', 'Arc': '- '}",{'Any': '- '},"{'Phy': '100 ', 'Mag': '47 ', 'Fir': '53 ', 'Lit': '35 ', 'Hol': '45 ', 'Bst': '61.48 ', 'Rst': '25 '}"
14990,Blue-Gold Kite Shield,Standard +18 ,"{'Phy': '163 ', 'Mag': '- ', 'Fir': '- ', 'Lit': '- ', 'Hol': '- ', 'Sta': '111 '}","{'Str': 'C ', 'Dex': '- ', 'Int': '- ', 'Fai': '- ', 'Arc': '- '}",{'Any': '- '},"{'Phy': '100 ', 'Mag': '47 ', 'Fir': '53 ', 'Lit': '35 ', 'Hol': '45 ', 'Bst': '62.01 ', 'Rst': '25 '}"
14991,Blue-Gold Kite Shield,Standard +19 ,"{'Phy': '168 ', 'Mag': '- ', 'Fir': '- ', 'Lit': '- ', 'Hol': '- ', 'Sta': '114 '}","{'Str': 'C ', 'Dex': '- ', 'Int': '- ', 'Fai': '- ', 'Arc': '- '}",{'Any': '- '},"{'Phy': '100 ', 'Mag': '47 ', 'Fir': '53 ', 'Lit': '35 ', 'Hol': '45 ', 'Bst': '62.54 ', 'Rst': '25 '}"
14992,Blue-Gold Kite Shield,Standard +20 ,"{'Phy': '172 ', 'Mag': '- ', 'Fir': '- ', 'Lit': '- ', 'Hol': '- ', 'Sta': '117 '}","{'Str': 'C ', 'Dex': '- ', 'Int': '- ', 'Fai': '- ', 'Arc': '- '}",{'Any': '- '},"{'Phy': '100 ', 'Mag': '47 ', 'Fir': '53 ', 'Lit': '35 ', 'Hol': '45 ', 'Bst': '63.07 ', 'Rst': '25 '}"
14993,Blue-Gold Kite Shield,Standard +21 ,"{'Phy': '177 ', 'Mag': '- ', 'Fir': '- ', 'Lit': '- ', 'Hol': '- ', 'Sta': '119 '}","{'Str': 'C ', 'Dex': '- ', 'Int': '- ', 'Fai': '- ', 'Arc': '- '}",{'Any': '- '},"{'Phy': '100 ', 'Mag': '47 ', 'Fir': '53 ', 'Lit': '35 ', 'Hol': '45 ', 'Bst': '63.6 ', 'Rst': '25 '}"
14994,Blue-Gold Kite Shield,Standard +22 ,"{'Phy': '182 ', 'Mag': '- ', 'Fir': '- ', 'Lit': '- ', 'Hol': '- ', 'Sta': '122 '}","{'Str': 'C ', 'Dex': '- ', 'Int': '- ', 'Fai': '- ', 'Arc': '- '}",{'Any': '- '},"{'Phy': '100 ', 'Mag': '47 ', 'Fir': '53 ', 'Lit': '35 ', 'Hol': '45 ', 'Bst': '64.13 ', 'Rst': '25 '}"
14995,Blue-Gold Kite Shield,Standard +23 ,"{'Phy': '186 ', 'Mag': '- ', 'Fir': '- ', 'Lit': '- ', 'Hol': '- ', 'Sta': '124 '}","{'Str': 'C ', 'Dex': '- ', 'Int': '- ', 'Fai': '- ', 'Arc': '- '}",{'Any': '- '},"{'Phy': '100 ', 'Mag': '47 ', 'Fir': '53 ', 'Lit': '35 ', 'Hol': '45 ', 'Bst': '64.66 ', 'Rst': '25 '}"
14996,Blue-Gold Kite Shield,Standard +24 ,"{'Phy': '191 ', 'Mag': '- ', 'Fir': '- ', 'Lit': '- ', 'Hol': '- ', 'Sta': '127 '}","{'Str': 'C ', 'Dex': '- ', 'Int': '- ', 'Fai': '- ', 'Arc': '- '}",{'Any': '- '},"{'Phy': '100 ', 'Mag': '47 ', 'Fir': '53 ', 'Lit': '35 ', 'Hol': '45 ', 'Bst': '65.19 ', 'Rst': '25 '}"
14997,Blue-Gold Kite Shield,Standard +25 ,"{'Phy': '196 ', 'Mag': '- ', 'Fir': '- ', 'Lit': '- ', 'Hol': '- ', 'Sta': '130 '}","{'Str': 'C ', 'Dex': '- ', 'Int': '- ', 'Fai': '- ', 'Arc': '- '}",{'Any': '- '},"{'Phy': '100 ', 'Mag': '47 ', 'Fir': '53 ', 'Lit': '35 ', 'Hol': '45 ', 'Bst': '65.72 ', 'Rst': '25 '}"
15310,Scorpion Kite Shield,Standard ,"{'Phy': '78 ', 'Mag': '- ', 'Fir': '- ', 'Lit': '- ', 'Hol': '- ', 'Sta': '65 '}","{'Str': 'D ', 'Dex': '- ', 'Int': '- ', 'Fai': '- ', 'Arc': '- '}",{'Any': '- '},"{'Phy': '100 ', 'Mag': '45 ', 'Fir': '46 ', 'Lit': '33 ', 'Hol': '50 ', 'Bst': '52 ', 'Rst': '23 '}"
15311,Scorpion Kite Shield,Standard +1 ,"{'Phy': '82 ', 'Mag': '- ', 'Fir': '- ', 'Lit': '- ', 'Hol': '- ', 'Sta': '67 '}","{'Str': 'D ', 'Dex': '- ', 'Int': '- ', 'Fai': '- ', 'Arc': '- '}",{'Any': '- '},"{'Phy': '100 ', 'Mag': '45 ', 'Fir': '46 ', 'Lit': '33 ', 'Hol': '50 ', 'Bst': '52 ', 'Rst': '23 '}"
15312,Scorpion Kite Shield,Standard +2 ,"{'Phy': '87 ', 'Mag': '- ', 'Fir': '- ', 'Lit': '- ', 'Hol': '- ', 'Sta': '70 '}","{'Str': 'D ', 'Dex': '- ', 'Int': '- ', 'Fai': '- ', 'Arc': '- '}",{'Any': '- '},"{'Phy': '100 ', 'Mag': '45 ', 'Fir': '46 ', 'Lit': '33 ', 'Hol': '50 ', 'Bst': '52.52 ', 'Rst': '23 '}"
15313,Scorpion Kite Shield,Standard +3 ,"{'Phy': '91 ', 'Mag': '- ', 'Fir': '- ', 'Lit': '- ', 'Hol': '- ', 'Sta': '72 '}","{'Str': 'D ', 'Dex': '- ', 'Int': '- ', 'Fai': '- ', 'Arc': '- '}",{'Any': '- '},"{'Phy': '100 ', 'Mag': '45 ', 'Fir': '46 ', 'Lit': '33 ', 'Hol': '50 ', 'Bst': '53.04 ', 'Rst': '23 '}"
15314,Scorpion Kite Shield,Standard +4 ,"{'Phy': '96 ', 'Mag': '- ', 'Fir': '- ', 'Lit': '- ', 'Hol': '- ', 'Sta': '75 '}","{'Str': 'D ', 'Dex': '- ', 'Int': '- ', 'Fai': '- ', 'Arc': '- '}",{'Any': '- '},"{'Phy': '100 ', 'Mag': '45 ', 'Fir': '46 ', 'Lit': '33 ', 'Hol': '50 ', 'Bst': '53.56 ', 'Rst': '23 '}"
15315,Scorpion Kite Shield,Standard +5 ,"{'Phy': '100 ', 'Mag': '- ', 'Fir': '- ', 'Lit': '- ', 'Hol': '- ', 'Sta': '78 '}","{'Str': 'D ', 'Dex': '- ', 'Int': '- ', 'Fai': '- ', 'Arc': '- '}",{'Any': '- '},"{'Phy': '100 ', 'Mag': '45 ', 'Fir': '46 ', 'Lit': '33 ', 'Hol': '50 ', 'Bst': '54.08 ', 'Rst': '23 '}"
15316,Scorpion Kite Shield,Standard +6 ,"{'Phy': '105 ', 'Mag': '- ', 'Fir': '- ', 'Lit': '- ', 'Hol': '- ', 'Sta': '80 '}","{'Str': 'D ', 'Dex': '- ', 'Int': '- ', 'Fai': '- ', 'Arc': '- '}",{'Any': '- '},"{'Phy': '100 ', 'Mag': '45 ', 'Fir': '46 ', 'Lit': '33 ', 'Hol': '50 ', 'Bst': '54.6 ', 'Rst': '23 '}"
15317,Scorpion Kite Shield,Standard +7 ,"{'Phy': '109 ', 'Mag': '- ', 'Fir': '- ', 'Lit': '- ', 'Hol': '- ', 'Sta': '83 '}","{'Str': 'D ', 'Dex': '- ', 'Int': '- ', 'Fai': '- ', 'Arc': '- '}",{'Any': '- '},"{'Phy': '100 ', 'Mag': '45 ', 'Fir': '46 ', 'Lit': '33 ', 'Hol': '50 ', 'Bst': '55.12 ', 'Rst': '23 '}"
15318,Scorpion Kite Shield,Standard +8 ,"{'Phy': '114 ', 'Mag': '- ', 'Fir': '- ', 'Lit': '- ', 'Hol': '- ', 'Sta': '85 '}","{'Str': 'D ', 'Dex': '- ', 'Int': '- ', 'Fai': '- ', 'Arc': '- '}",{'Any': '- '},"{'Phy': '100 ', 'Mag': '45 ', 'Fir': '46 ', 'Lit': '33 ', 'Hol': '50 ', 'Bst': '55.64 ', 'Rst': '23 '}"
15319,Scorpion Kite Shield,Standard +9 ,"{'Phy': '118 ', 'Mag': '- ', 'Fir': '- ', 'Lit': '- ', 'Hol': '- ', 'Sta': '88 '}","{'Str': 'D ', 'Dex': '- ', 'Int': '- ', 'Fai': '- ', 'Arc': '- '}",{'Any': '- '},"{'Phy': '100 ', 'Mag': '45 ', 'Fir': '46 ', 'Lit': '33 ', 'Hol': '50 ', 'Bst': '56.16 ', 'Rst': '23 '}"
15320,Scorpion Kite Shield,Standard +10 ,"{'Phy': '123 ', 'Mag': '- ', 'Fir': '- ', 'Lit': '- ', 'Hol': '- ', 'Sta': '91 '}","{'Str': 'D ', 'Dex': '- ', 'Int': '- ', 'Fai': '- ', 'Arc': '- '}",{'Any': '- '},"{'Phy': '100 ', 'Mag': '45 ', 'Fir': '46 ', 'Lit': '33 ', 'Hol': '50 ', 'Bst': '56.68 ', 'Rst': '23 '}"
15321,Scorpion Kite Shield,Standard +11 ,"{'Phy': '127 ', 'Mag': '- ', 'Fir': '- ', 'Lit': '- ', 'Hol': '- ', 'Sta': '93 '}","{'Str': 'D ', 'Dex': '- ', 'Int': '- ', 'Fai': '- ', 'Arc': '- '}",{'Any': '- '},"{'Phy': '100 ', 'Mag': '45 ', 'Fir': '46 ', 'Lit': '33 ', 'Hol': '50 ', 'Bst': '57.2 ', 'Rst': '23 '}"
15322,Scorpion Kite Shield,Standard +12 ,"{'Phy': '132 ', 'Mag': '- ', 'Fir': '- ', 'Lit': '- ', 'Hol': '- ', 'Sta': '96 '}","{'Str': 'D ', 'Dex': '- ', 'Int': '- ', 'Fai': '- ', 'Arc': '- '}",{'Any': '- '},"{'Phy': '100 ', 'Mag': '45 ', 'Fir': '46 ', 'Lit': '33 ', 'Hol': '50 ', 'Bst': '57.72 ', 'Rst': '23 '}"
15323,Scorpion Kite Shield,Standard +13 ,"{'Phy': '136 ', 'Mag': '- ', 'Fir': '- ', 'Lit': '- ', 'Hol': '- ', 'Sta': '98 '}","{'Str': 'D ', 'Dex': '- ', 'Int': '- ', 'Fai': '- ', 'Arc': '- '}",{'Any': '- '},"{'Phy': '100 ', 'Mag': '45 ', 'Fir': '46 ', 'Lit': '33 ', 'Hol': '50 ', 'Bst': '58.24 ', 'Rst': '23 '}"
15324,Scorpion Kite Shield,Standard +14 ,"{'Phy': '141 ', 'Mag': '- ', 'Fir': '- ', 'Lit': '- ', 'Hol': '- ', 'Sta': '101 '}","{'Str': 'C ', 'Dex': '- ', 'Int': '- ', 'Fai': '- ', 'Arc': '- '}",{'Any': '- '},"{'Phy': '100 ', 'Mag': '45 ', 'Fir': '46 ', 'Lit': '33 ', 'Hol': '50 ', 'Bst': '58.76 ', 'Rst': '23 '}"
15325,Scorpion Kite Shield,Standard +15 ,"{'Phy': '145 ', 'Mag': '- ', 'Fir': '- ', 'Lit': '- ', 'Hol': '- ', 'Sta': '104 '}","{'Str': 'C ', 'Dex': '- ', 'Int': '- ', 'Fai': '- ', 'Arc': '- '}",{'Any': '- '},"{'Phy': '100 ', 'Mag': '45 ', 'Fir': '46 ', 'Lit': '33 ', 'Hol': '50 ', 'Bst': '59.28 ', 'Rst': '23 '}"
15326,Scorpion Kite Shield,Standard +16 ,"{'Phy': '150 ', 'Mag': '- ', 'Fir': '- ', 'Lit': '- ', 'Hol': '- ', 'Sta': '106 '}","{'Str': 'C ', 'Dex': '- ', 'Int': '- ', 'Fai': '- ', 'Arc': '- '}",{'Any': '- '},"{'Phy': '100 ', 'Mag': '45 ', 'Fir': '46 ', 'Lit': '33 ', 'Hol': '50 ', 'Bst': '59.8 ', 'Rst': '23 '}"
15327,Scorpion Kite Shield,Standard +17 ,"{'Phy': '154 ', 'Mag': '- ', 'Fir': '- ', 'Lit': '- ', 'Hol': '- ', 'Sta': '109 '}","{'Str': 'C ', 'Dex': '- ', 'Int': '- ', 'Fai': '- ', 'Arc': '- '}",{'Any': '- '},"{'Phy': '100 ', 'Mag': '45 ', 'Fir': '46 ', 'Lit': '33 ', 'Hol': '50 ', 'Bst': '60.32 ', 'Rst': '23 '}"
15328,Scorpion Kite Shield,Standard +18 ,"{'Phy': '159 ', 'Mag': '- ', 'Fir': '- ', 'Lit': '- ', 'Hol': '- ', 'Sta': '111 '}","{'Str': 'C ', 'Dex': '- ', 'Int': '- ', 'Fai': '- ', 'Arc': '- '}",{'Any': '- '},"{'Phy': '100 ', 'Mag': '45 ', 'Fir': '46 ', 'Lit': '33 ', 'Hol': '50 ', 'Bst': '60.84 ', 'Rst': '23 '}"
15329,Scorpion Kite Shield,Standard +19 ,"{'Phy': '163 ', 'Mag': '- ', 'Fir': '- ', 'Lit': '- ', 'Hol': '- ', 'Sta': '114 '}","{'Str': 'C ', 'Dex': '- ', 'Int': '- ', 'Fai': '- ', 'Arc': '- '}",{'Any': '- '},"{'Phy': '100 ', 'Mag': '45 ', 'Fir': '46 ', 'Lit': '33 ', 'Hol': '50 ', 'Bst': '61.36 ', 'Rst': '23 '}"
15330,Scorpion Kite Shield,Standard +20 ,"{'Phy': '168 ', 'Mag': '- ', 'Fir': '- ', 'Lit': '- ', 'Hol': '- ', 'Sta': '117 '}","{'Str': 'C ', 'Dex': '- ', 'Int': '- ', 'Fai': '- ', 'Arc': '- '}",{'Any': '- '},"{'Phy': '100 ', 'Mag': '45 ', 'Fir': '46 ', 'Lit': '33 ', 'Hol': '50 ', 'Bst': '61.88 ', 'Rst': '23 '}"
15331,Scorpion Kite Shield,Standard +21 ,"{'Phy': '173 ', 'Mag': '- ', 'Fir': '- ', 'Lit': '- ', 'Hol': '- ', 'Sta': '119 '}","{'Str': 'C ', 'Dex': '- ', 'Int': '- ', 'Fai': '- ', 'Arc': '- '}",{'Any': '- '},"{'Phy': '100 ', 'Mag': '45 ', 'Fir': '46 ', 'Lit': '33 ', 'Hol': '50 ', 'Bst': '62.4 ', 'Rst': '23 '}"
15332,Scorpion Kite Shield,Standard +22 ,"{'Phy': '177 ', 'Mag': '- ', 'Fir': '- ', 'Lit': '- ', 'Hol': '- ', 'Sta': '122 '}","{'Str': 'C ', 'Dex': '- ', 'Int': '- ', 'Fai': '- ', 'Arc': '- '}",{'Any': '- '},"{'Phy': '100 ', 'Mag': '45 ', 'Fir': '46 ', 'Lit': '33 ', 'Hol': '50 ', 'Bst': '62.92 ', 'Rst': '23 '}"
15333,Scorpion Kite Shield,Standard +23 ,"{'Phy': '182 ', 'Mag': '- ', 'Fir': '- ', 'Lit': '- ', 'Hol': '- ', 'Sta': '124 '}","{'Str': 'C ', 'Dex': '- ', 'Int': '- ', 'Fai': '- ', 'Arc': '- '}",{'Any': '- '},"{'Phy': '100 ', 'Mag': '45 ', 'Fir': '46 ', 'Lit': '33 ', 'Hol': '50 ', 'Bst': '63.44 ', 'Rst': '23 '}"
15334,Scorpion Kite Shield,Standard +24 ,"{'Phy': '186 ', 'Mag': '- ', 'Fir': '- ', 'Lit': '- ', 'Hol': '- ', 'Sta': '127 '}","{'Str': 'C ', 'Dex': '- ', 'Int': '- ', 'Fai': '- ', 'Arc': '- '}",{'Any': '- '},"{'Phy': '100 ', 'Mag': '45 ', 'Fir': '46 ', 'Lit': '33 ', 'Hol': '50 ', 'Bst': '63.96 ', 'Rst': '23 '}"
15335,Scorpion Kite Shield,Standard +25 ,"{'Phy': '191 ', 'Mag': '- ', 'Fir': '- ', 'Lit': '- ', 'Hol': '- ', 'Sta': '130 '}","{'Str': 'C ', 'Dex': '- ', 'Int': '- ', 'Fai': '- ', 'Arc': '- '}",{'Any': '- '},"{'Phy': '100 ', 'Mag': '45 ', 'Fir': '46 ', 'Lit': '33 ', 'Hol': '50 ', 'Bst': '64.48 ', 'Rst': '23 '}"
15648,Scorpion Kite Shield,Standard ,"{'Phy': '78 ', 'Mag': '- ', 'Fir': '- ', 'Lit': '- ', 'Hol': '- ', 'Sta': '65 '}","{'Str': 'D ', 'Dex': '- ', 'Int': '- ', 'Fai': '- ', 'Arc': '- '}",{'Any': '- '},"{'Phy': '100 ', 'Mag': '45 ', 'Fir': '46 ', 'Lit': '33 ', 'Hol': '50 ', 'Bst': '52 ', 'Rst': '23 '}"
15649,Scorpion Kite Shield,Standard +1 ,"{'Phy': '82 ', 'Mag': '- ', 'Fir': '- ', 'Lit': '- ', 'Hol': '- ', 'Sta': '67 '}","{'Str': 'D ', 'Dex': '- ', 'Int': '- ', 'Fai': '- ', 'Arc': '- '}",{'Any': '- '},"{'Phy': '100 ', 'Mag': '45 ', 'Fir': '46 ', 'Lit': '33 ', 'Hol': '50 ', 'Bst': '52 ', 'Rst': '23 '}"
15650,Scorpion Kite Shield,Standard +2 ,"{'Phy': '87 ', 'Mag': '- ', 'Fir': '- ', 'Lit': '- ', 'Hol': '- ', 'Sta': '70 '}","{'Str': 'D ', 'Dex': '- ', 'Int': '- ', 'Fai': '- ', 'Arc': '- '}",{'Any': '- '},"{'Phy': '100 ', 'Mag': '45 ', 'Fir': '46 ', 'Lit': '33 ', 'Hol': '50 ', 'Bst': '52.52 ', 'Rst': '23 '}"
15651,Scorpion Kite Shield,Standard +3 ,"{'Phy': '91 ', 'Mag': '- ', 'Fir': '- ', 'Lit': '- ', 'Hol': '- ', 'Sta': '72 '}","{'Str': 'D ', 'Dex': '- ', 'Int': '- ', 'Fai': '- ', 'Arc': '- '}",{'Any': '- '},"{'Phy': '100 ', 'Mag': '45 ', 'Fir': '46 ', 'Lit': '33 ', 'Hol': '50 ', 'Bst': '53.04 ', 'Rst': '23 '}"
15652,Scorpion Kite Shield,Standard +4 ,"{'Phy': '96 ', 'Mag': '- ', 'Fir': '- ', 'Lit': '- ', 'Hol': '- ', 'Sta': '75 '}","{'Str': 'D ', 'Dex': '- ', 'Int': '- ', 'Fai': '- ', 'Arc': '- '}",{'Any': '- '},"{'Phy': '100 ', 'Mag': '45 ', 'Fir': '46 ', 'Lit': '33 ', 'Hol': '50 ', 'Bst': '53.56 ', 'Rst': '23 '}"
15653,Scorpion Kite Shield,Standard +5 ,"{'Phy': '100 ', 'Mag': '- ', 'Fir': '- ', 'Lit': '- ', 'Hol': '- ', 'Sta': '78 '}","{'Str': 'D ', 'Dex': '- ', 'Int': '- ', 'Fai': '- ', 'Arc': '- '}",{'Any': '- '},"{'Phy': '100 ', 'Mag': '45 ', 'Fir': '46 ', 'Lit': '33 ', 'Hol': '50 ', 'Bst': '54.08 ', 'Rst': '23 '}"
15654,Scorpion Kite Shield,Standard +6 ,"{'Phy': '105 ', 'Mag': '- ', 'Fir': '- ', 'Lit': '- ', 'Hol': '- ', 'Sta': '80 '}","{'Str': 'D ', 'Dex': '- ', 'Int': '- ', 'Fai': '- ', 'Arc': '- '}",{'Any': '- '},"{'Phy': '100 ', 'Mag': '45 ', 'Fir': '46 ', 'Lit': '33 ', 'Hol': '50 ', 'Bst': '54.6 ', 'Rst': '23 '}"
15655,Scorpion Kite Shield,Standard +7 ,"{'Phy': '109 ', 'Mag': '- ', 'Fir': '- ', 'Lit': '- ', 'Hol': '- ', 'Sta': '83 '}","{'Str': 'D ', 'Dex': '- ', 'Int': '- ', 'Fai': '- ', 'Arc': '- '}",{'Any': '- '},"{'Phy': '100 ', 'Mag': '45 ', 'Fir': '46 ', 'Lit': '33 ', 'Hol': '50 ', 'Bst': '55.12 ', 'Rst': '23 '}"
15656,Scorpion Kite Shield,Standard +8 ,"{'Phy': '114 ', 'Mag': '- ', 'Fir': '- ', 'Lit': '- ', 'Hol': '- ', 'Sta': '85 '}","{'Str': 'D ', 'Dex': '- ', 'Int': '- ', 'Fai': '- ', 'Arc': '- '}",{'Any': '- '},"{'Phy': '100 ', 'Mag': '45 ', 'Fir': '46 ', 'Lit': '33 ', 'Hol': '50 ', 'Bst': '55.64 ', 'Rst': '23 '}"
15657,Scorpion Kite Shield,Standard +9 ,"{'Phy': '118 ', 'Mag': '- ', 'Fir': '- ', 'Lit': '- ', 'Hol': '- ', 'Sta': '88 '}","{'Str': 'D ', 'Dex': '- ', 'Int': '- ', 'Fai': '- ', 'Arc': '- '}",{'Any': '- '},"{'Phy': '100 ', 'Mag': '45 ', 'Fir': '46 ', 'Lit': '33 ', 'Hol': '50 ', 'Bst': '56.16 ', 'Rst': '23 '}"
15658,Scorpion Kite Shield,Standard +10 ,"{'Phy': '123 ', 'Mag': '- ', 'Fir': '- ', 'Lit': '- ', 'Hol': '- ', 'Sta': '91 '}","{'Str': 'D ', 'Dex': '- ', 'Int': '- ', 'Fai': '- ', 'Arc': '- '}",{'Any': '- '},"{'Phy': '100 ', 'Mag': '45 ', 'Fir': '46 ', 'Lit': '33 ', 'Hol': '50 ', 'Bst': '56.68 ', 'Rst': '23 '}"
15659,Scorpion Kite Shield,Standard +11 ,"{'Phy': '127 ', 'Mag': '- ', 'Fir': '- ', 'Lit': '- ', 'Hol': '- ', 'Sta': '93 '}","{'Str': 'D ', 'Dex': '- ', 'Int': '- ', 'Fai': '- ', 'Arc': '- '}",{'Any': '- '},"{'Phy': '100 ', 'Mag': '45 ', 'Fir': '46 ', 'Lit': '33 ', 'Hol': '50 ', 'Bst': '57.2 ', 'Rst': '23 '}"
15660,Scorpion Kite Shield,Standard +12 ,"{'Phy': '132 ', 'Mag': '- ', 'Fir': '- ', 'Lit': '- ', 'Hol': '- ', 'Sta': '96 '}","{'Str': 'D ', 'Dex': '- ', 'Int': '- ', 'Fai': '- ', 'Arc': '- '}",{'Any': '- '},"{'Phy': '100 ', 'Mag': '45 ', 'Fir': '46 ', 'Lit': '33 ', 'Hol': '50 ', 'Bst': '57.72 ', 'Rst': '23 '}"
15661,Scorpion Kite Shield,Standard +13 ,"{'Phy': '136 ', 'Mag': '- ', 'Fir': '- ', 'Lit': '- ', 'Hol': '- ', 'Sta': '98 '}","{'Str': 'D ', 'Dex': '- ', 'Int': '- ', 'Fai': '- ', 'Arc': '- '}",{'Any': '- '},"{'Phy': '100 ', 'Mag': '45 ', 'Fir': '46 ', 'Lit': '33 ', 'Hol': '50 ', 'Bst': '58.24 ', 'Rst': '23 '}"
15662,Scorpion Kite Shield,Standard +14 ,"{'Phy': '141 ', 'Mag': '- ', 'Fir': '- ', 'Lit': '- ', 'Hol': '- ', 'Sta': '101 '}","{'Str': 'C ', 'Dex': '- ', 'Int': '- ', 'Fai': '- ', 'Arc': '- '}",{'Any': '- '},"{'Phy': '100 ', 'Mag': '45 ', 'Fir': '46 ', 'Lit': '33 ', 'Hol': '50 ', 'Bst': '58.76 ', 'Rst': '23 '}"
15663,Scorpion Kite Shield,Standard +15 ,"{'Phy': '145 ', 'Mag': '- ', 'Fir': '- ', 'Lit': '- ', 'Hol': '- ', 'Sta': '104 '}","{'Str': 'C ', 'Dex': '- ', 'Int': '- ', 'Fai': '- ', 'Arc': '- '}",{'Any': '- '},"{'Phy': '100 ', 'Mag': '45 ', 'Fir': '46 ', 'Lit': '33 ', 'Hol': '50 ', 'Bst': '59.28 ', 'Rst': '23 '}"
15664,Scorpion Kite Shield,Standard +16 ,"{'Phy': '150 ', 'Mag': '- ', 'Fir': '- ', 'Lit': '- ', 'Hol': '- ', 'Sta': '106 '}","{'Str': 'C ', 'Dex': '- ', 'Int': '- ', 'Fai': '- ', 'Arc': '- '}",{'Any': '- '},"{'Phy': '100 ', 'Mag': '45 ', 'Fir': '46 ', 'Lit': '33 ', 'Hol': '50 ', 'Bst': '59.8 ', 'Rst': '23 '}"
15665,Scorpion Kite Shield,Standard +17 ,"{'Phy': '154 ', 'Mag': '- ', 'Fir': '- ', 'Lit': '- ', 'Hol': '- ', 'Sta': '109 '}","{'Str': 'C ', 'Dex': '- ', 'Int': '- ', 'Fai': '- ', 'Arc': '- '}",{'Any': '- '},"{'Phy': '100 ', 'Mag': '45 ', 'Fir': '46 ', 'Lit': '33 ', 'Hol': '50 ', 'Bst': '60.32 ', 'Rst': '23 '}"
15666,Scorpion Kite Shield,Standard +18 ,"{'Phy': '159 ', 'Mag': '- ', 'Fir': '- ', 'Lit': '- ', 'Hol': '- ', 'Sta': '111 '}","{'Str': 'C ', 'Dex': '- ', 'Int': '- ', 'Fai': '- ', 'Arc': '- '}",{'Any': '- '},"{'Phy': '100 ', 'Mag': '45 ', 'Fir': '46 ', 'Lit': '33 ', 'Hol': '50 ', 'Bst': '60.84 ', 'Rst': '23 '}"
15667,Scorpion Kite Shield,Standard +19 ,"{'Phy': '163 ', 'Mag': '- ', 'Fir': '- ', 'Lit': '- ', 'Hol': '- ', 'Sta': '114 '}","{'Str': 'C ', 'Dex': '- ', 'Int': '- ', 'Fai': '- ', 'Arc': '- '}",{'Any': '- '},"{'Phy': '100 ', 'Mag': '45 ', 'Fir': '46 ', 'Lit': '33 ', 'Hol': '50 ', 'Bst': '61.36 ', 'Rst': '23 '}"
15668,Scorpion Kite Shield,Standard +20 ,"{'Phy': '168 ', 'Mag': '- ', 'Fir': '- ', 'Lit': '- ', 'Hol': '- ', 'Sta': '117 '}","{'Str': 'C ', 'Dex': '- ', 'Int': '- ', 'Fai': '- ', 'Arc': '- '}",{'Any': '- '},"{'Phy': '100 ', 'Mag': '45 ', 'Fir': '46 ', 'Lit': '33 ', 'Hol': '50 ', 'Bst': '61.88 ', 'Rst': '23 '}"
15669,Scorpion Kite Shield,Standard +21 ,"{'Phy': '173 ', 'Mag': '- ', 'Fir': '- ', 'Lit': '- ', 'Hol': '- ', 'Sta': '119 '}","{'Str': 'C ', 'Dex': '- ', 'Int': '- ', 'Fai': '- ', 'Arc': '- '}",{'Any': '- '},"{'Phy': '100 ', 'Mag': '45 ', 'Fir': '46 ', 'Lit': '33 ', 'Hol': '50 ', 'Bst': '62.4 ', 'Rst': '23 '}"
15670,Scorpion Kite Shield,Standard +22 ,"{'Phy': '177 ', 'Mag': '- ', 'Fir': '- ', 'Lit': '- ', 'Hol': '- ', 'Sta': '122 '}","{'Str': 'C ', 'Dex': '- ', 'Int': '- ', 'Fai': '- ', 'Arc': '- '}",{'Any': '- '},"{'Phy': '100 ', 'Mag': '45 ', 'Fir': '46 ', 'Lit': '33 ', 'Hol': '50 ', 'Bst': '62.92 ', 'Rst': '23 '}"
15671,Scorpion Kite Shield,Standard +23 ,"{'Phy': '182 ', 'Mag': '- ', 'Fir': '- ', 'Lit': '- ', 'Hol': '- ', 'Sta': '124 '}","{'Str': 'C ', 'Dex': '- ', 'Int': '- ', 'Fai': '- ', 'Arc': '- '}",{'Any': '- '},"{'Phy': '100 ', 'Mag': '45 ', 'Fir': '46 ', 'Lit': '33 ', 'Hol': '50 ', 'Bst': '63.44 ', 'Rst': '23 '}"
15672,Scorpion Kite Shield,Standard +24 ,"{'Phy': '186 ', 'Mag': '- ', 'Fir': '- ', 'Lit': '- ', 'Hol': '- ', 'Sta': '127 '}","{'Str': 'C ', 'Dex': '- ', 'Int': '- ', 'Fai': '- ', 'Arc': '- '}",{'Any': '- '},"{'Phy': '100 ', 'Mag': '45 ', 'Fir': '46 ', 'Lit': '33 ', 'Hol': '50 ', 'Bst': '63.96 ', 'Rst': '23 '}"
15673,Scorpion Kite Shield,Standard +25 ,"{'Phy': '191 ', 'Mag': '- ', 'Fir': '- ', 'Lit': '- ', 'Hol': '- ', 'Sta': '130 '}","{'Str': 'C ', 'Dex': '- ', 'Int': '- ', 'Fai': '- ', 'Arc': '- '}",{'Any': '- '},"{'Phy': '100 ', 'Mag': '45 ', 'Fir': '46 ', 'Lit': '33 ', 'Hol': '50 ', 'Bst': '64.48 ', 'Rst': '23 '}"
15986,Twinbird Kite Shield,Standard ,"{'Phy': '78 ', 'Mag': '- ', 'Fir': '- ', 'Lit': '- ', 'Hol': '- ', 'Sta': '65 '}","{'Str': 'D ', 'Dex': '- ', 'Int': '- ', 'Fai': '- ', 'Arc': '- '}",{'Any': '- '},"{'Phy': '100 ', 'Mag': '49 ', 'Fir': '50 ', 'Lit': '28 ', 'Hol': '35 ', 'Bst': '50 ', 'Rst': '23 '}"
15987,Twinbird Kite Shield,Standard +1 ,"{'Phy': '82 ', 'Mag': '- ', 'Fir': '- ', 'Lit': '- ', 'Hol': '- ', 'Sta': '67 '}","{'Str': 'D ', 'Dex': '- ', 'Int': '- ', 'Fai': '- ', 'Arc': '- '}",{'Any': '- '},"{'Phy': '100 ', 'Mag': '49 ', 'Fir': '50 ', 'Lit': '28 ', 'Hol': '35 ', 'Bst': '50 ', 'Rst': '23 '}"
15988,Twinbird Kite Shield,Standard +2 ,"{'Phy': '87 ', 'Mag': '- ', 'Fir': '- ', 'Lit': '- ', 'Hol': '- ', 'Sta': '70 '}","{'Str': 'D ', 'Dex': '- ', 'Int': '- ', 'Fai': '- ', 'Arc': '- '}",{'Any': '- '},"{'Phy': '100 ', 'Mag': '49 ', 'Fir': '50 ', 'Lit': '28 ', 'Hol': '35 ', 'Bst': '50.5 ', 'Rst': '23 '}"
15989,Twinbird Kite Shield,Standard +3 ,"{'Phy': '91 ', 'Mag': '- ', 'Fir': '- ', 'Lit': '- ', 'Hol': '- ', 'Sta': '72 '}","{'Str': 'D ', 'Dex': '- ', 'Int': '- ', 'Fai': '- ', 'Arc': '- '}",{'Any': '- '},"{'Phy': '100 ', 'Mag': '49 ', 'Fir': '50 ', 'Lit': '28 ', 'Hol': '35 ', 'Bst': '51 ', 'Rst': '23 '}"
15990,Twinbird Kite Shield,Standard +4 ,"{'Phy': '96 ', 'Mag': '- ', 'Fir': '- ', 'Lit': '- ', 'Hol': '- ', 'Sta': '75 '}","{'Str': 'D ', 'Dex': '- ', 'Int': '- ', 'Fai': '- ', 'Arc': '- '}",{'Any': '- '},"{'Phy': '100 ', 'Mag': '49 ', 'Fir': '50 ', 'Lit': '28 ', 'Hol': '35 ', 'Bst': '51.5 ', 'Rst': '23 '}"
15991,Twinbird Kite Shield,Standard +5 ,"{'Phy': '100 ', 'Mag': '- ', 'Fir': '- ', 'Lit': '- ', 'Hol': '- ', 'Sta': '78 '}","{'Str': 'D ', 'Dex': '- ', 'Int': '- ', 'Fai': '- ', 'Arc': '- '}",{'Any': '- '},"{'Phy': '100 ', 'Mag': '49 ', 'Fir': '50 ', 'Lit': '28 ', 'Hol': '35 ', 'Bst': '52 ', 'Rst': '23 '}"
15992,Twinbird Kite Shield,Standard +6 ,"{'Phy': '105 ', 'Mag': '- ', 'Fir': '- ', 'Lit': '- ', 'Hol': '- ', 'Sta': '80 '}","{'Str': 'D ', 'Dex': '- ', 'Int': '- ', 'Fai': '- ', 'Arc': '- '}",{'Any': '- '},"{'Phy': '100 ', 'Mag': '49 ', 'Fir': '50 ', 'Lit': '28 ', 'Hol': '35 ', 'Bst': '52.5 ', 'Rst': '23 '}"
15993,Twinbird Kite Shield,Standard +7 ,"{'Phy': '109 ', 'Mag': '- ', 'Fir': '- ', 'Lit': '- ', 'Hol': '- ', 'Sta': '83 '}","{'Str': 'D ', 'Dex': '- ', 'Int': '- ', 'Fai': '- ', 'Arc': '- '}",{'Any': '- '},"{'Phy': '100 ', 'Mag': '49 ', 'Fir': '50 ', 'Lit': '28 ', 'Hol': '35 ', 'Bst': '53 ', 'Rst': '23 '}"
15994,Twinbird Kite Shield,Standard +8 ,"{'Phy': '114 ', 'Mag': '- ', 'Fir': '- ', 'Lit': '- ', 'Hol': '- ', 'Sta': '85 '}","{'Str': 'D ', 'Dex': '- ', 'Int': '- ', 'Fai': '- ', 'Arc': '- '}",{'Any': '- '},"{'Phy': '100 ', 'Mag': '49 ', 'Fir': '50 ', 'Lit': '28 ', 'Hol': '35 ', 'Bst': '53.5 ', 'Rst': '23 '}"
15995,Twinbird Kite Shield,Standard +9 ,"{'Phy': '118 ', 'Mag': '- ', 'Fir': '- ', 'Lit': '- ', 'Hol': '- ', 'Sta': '88 '}","{'Str': 'D ', 'Dex': '- ', 'Int': '- ', 'Fai': '- ', 'Arc': '- '}",{'Any': '- '},"{'Phy': '100 ', 'Mag': '49 ', 'Fir': '50 ', 'Lit': '28 ', 'Hol': '35 ', 'Bst': '54 ', 'Rst': '23 '}"
15996,Twinbird Kite Shield,Standard +10 ,"{'Phy': '123 ', 'Mag': '- ', 'Fir': '- ', 'Lit': '- ', 'Hol': '- ', 'Sta': '91 '}","{'Str': 'D ', 'Dex': '- ', 'Int': '- ', 'Fai': '- ', 'Arc': '- '}",{'Any': '- '},"{'Phy': '100 ', 'Mag': '49 ', 'Fir': '50 ', 'Lit': '28 ', 'Hol': '35 ', 'Bst': '54.5 ', 'Rst': '23 '}"
15997,Twinbird Kite Shield,Standard +11 ,"{'Phy': '127 ', 'Mag': '- ', 'Fir': '- ', 'Lit': '- ', 'Hol': '- ', 'Sta': '93 '}","{'Str': 'D ', 'Dex': '- ', 'Int': '- ', 'Fai': '- ', 'Arc': '- '}",{'Any': '- '},"{'Phy': '100 ', 'Mag': '49 ', 'Fir': '50 ', 'Lit': '28 ', 'Hol': '35 ', 'Bst': '55 ', 'Rst': '23 '}"
15998,Twinbird Kite Shield,Standard +12 ,"{'Phy': '132 ', 'Mag': '- ', 'Fir': '- ', 'Lit': '- ', 'Hol': '- ', 'Sta': '96 '}","{'Str': 'D ', 'Dex': '- ', 'Int': '- ', 'Fai': '- ', 'Arc': '- '}",{'Any': '- '},"{'Phy': '100 ', 'Mag': '49 ', 'Fir': '50 ', 'Lit': '28 ', 'Hol': '35 ', 'Bst': '55.5 ', 'Rst': '23 '}"
15999,Twinbird Kite Shield,Standard +13 ,"{'Phy': '136 ', 'Mag': '- ', 'Fir': '- ', 'Lit': '- ', 'Hol': '- ', 'Sta': '98 '}","{'Str': 'D ', 'Dex': '- ', 'Int': '- ', 'Fai': '- ', 'Arc': '- '}",{'Any': '- '},"{'Phy': '100 ', 'Mag': '49 ', 'Fir': '50 ', 'Lit': '28 ', 'Hol': '35 ', 'Bst': '56 ', 'Rst': '23 '}"
16000,Twinbird Kite Shield,Standard +14 ,"{'Phy': '141 ', 'Mag': '- ', 'Fir': '- ', 'Lit': '- ', 'Hol': '- ', 'Sta': '101 '}","{'Str': 'C ', 'Dex': '- ', 'Int': '- ', 'Fai': '- ', 'Arc': '- '}",{'Any': '- '},"{'Phy': '100 ', 'Mag': '49 ', 'Fir': '50 ', 'Lit': '28 ', 'Hol': '35 ', 'Bst': '56.5 ', 'Rst': '23 '}"
16001,Twinbird Kite Shield,Standard +15 ,"{'Phy': '145 ', 'Mag': '- ', 'Fir': '- ', 'Lit': '- ', 'Hol': '- ', 'Sta': '104 '}","{'Str': 'C ', 'Dex': '- ', 'Int': '- ', 'Fai': '- ', 'Arc': '- '}",{'Any': '- '},"{'Phy': '100 ', 'Mag': '49 ', 'Fir': '50 ', 'Lit': '28 ', 'Hol': '35 ', 'Bst': '57 ', 'Rst': '23 '}"
16002,Twinbird Kite Shield,Standard +16 ,"{'Phy': '150 ', 'Mag': '- ', 'Fir': '- ', 'Lit': '- ', 'Hol': '- ', 'Sta': '106 '}","{'Str': 'C ', 'Dex': '- ', 'Int': '- ', 'Fai': '- ', 'Arc': '- '}",{'Any': '- '},"{'Phy': '100 ', 'Mag': '49 ', 'Fir': '50 ', 'Lit': '28 ', 'Hol': '35 ', 'Bst': '57.5 ', 'Rst': '23 '}"
16003,Twinbird Kite Shield,Standard +17 ,"{'Phy': '154 ', 'Mag': '- ', 'Fir': '- ', 'Lit': '- ', 'Hol': '- ', 'Sta': '109 '}","{'Str': 'C ', 'Dex': '- ', 'Int': '- ', 'Fai': '- ', 'Arc': '- '}",{'Any': '- '},"{'Phy': '100 ', 'Mag': '49 ', 'Fir': '50 ', 'Lit': '28 ', 'Hol': '35 ', 'Bst': '58 ', 'Rst': '23 '}"
16004,Twinbird Kite Shield,Standard +18 ,"{'Phy': '159 ', 'Mag': '- ', 'Fir': '- ', 'Lit': '- ', 'Hol': '- ', 'Sta': '111 '}","{'Str': 'C ', 'Dex': '- ', 'Int': '- ', 'Fai': '- ', 'Arc': '- '}",{'Any': '- '},"{'Phy': '100 ', 'Mag': '49 ', 'Fir': '50 ', 'Lit': '28 ', 'Hol': '35 ', 'Bst': '58.5 ', 'Rst': '23 '}"
16005,Twinbird Kite Shield,Standard +19 ,"{'Phy': '163 ', 'Mag': '- ', 'Fir': '- ', 'Lit': '- ', 'Hol': '- ', 'Sta': '114 '}","{'Str': 'C ', 'Dex': '- ', 'Int': '- ', 'Fai': '- ', 'Arc': '- '}",{'Any': '- '},"{'Phy': '100 ', 'Mag': '49 ', 'Fir': '50 ', 'Lit': '28 ', 'Hol': '35 ', 'Bst': '59 ', 'Rst': '23 '}"
16006,Twinbird Kite Shield,Standard +20 ,"{'Phy': '168 ', 'Mag': '- ', 'Fir': '- ', 'Lit': '- ', 'Hol': '- ', 'Sta': '117 '}","{'Str': 'C ', 'Dex': '- ', 'Int': '- ', 'Fai': '- ', 'Arc': '- '}",{'Any': '- '},"{'Phy': '100 ', 'Mag': '49 ', 'Fir': '50 ', 'Lit': '28 ', 'Hol': '35 ', 'Bst': '59.5 ', 'Rst': '23 '}"
16007,Twinbird Kite Shield,Standard +21 ,"{'Phy': '173 ', 'Mag': '- ', 'Fir': '- ', 'Lit': '- ', 'Hol': '- ', 'Sta': '119 '}","{'Str': 'C ', 'Dex': '- ', 'Int': '- ', 'Fai': '- ', 'Arc': '- '}",{'Any': '- '},"{'Phy': '100 ', 'Mag': '49 ', 'Fir': '50 ', 'Lit': '28 ', 'Hol': '35 ', 'Bst': '60 ', 'Rst': '23 '}"
16008,Twinbird Kite Shield,Standard +22 ,"{'Phy': '177 ', 'Mag': '- ', 'Fir': '- ', 'Lit': '- ', 'Hol': '- ', 'Sta': '122 '}","{'Str': 'C ', 'Dex': '- ', 'Int': '- ', 'Fai': '- ', 'Arc': '- '}",{'Any': '- '},"{'Phy': '100 ', 'Mag': '49 ', 'Fir': '50 ', 'Lit': '28 ', 'Hol': '35 ', 'Bst': '60.5 ', 'Rst': '23 '}"
16009,Twinbird Kite Shield,Standard +23 ,"{'Phy': '182 ', 'Mag': '- ', 'Fir': '- ', 'Lit': '- ', 'Hol': '- ', 'Sta': '124 '}","{'Str': 'C ', 'Dex': '- ', 'Int': '- ', 'Fai': '- ', 'Arc': '- '}",{'Any': '- '},"{'Phy': '100 ', 'Mag': '49 ', 'Fir': '50 ', 'Lit': '28 ', 'Hol': '35 ', 'Bst': '61 ', 'Rst': '23 '}"
16010,Twinbird Kite Shield,Standard +24 ,"{'Phy': '186 ', 'Mag': '- ', 'Fir': '- ', 'Lit': '- ', 'Hol': '- ', 'Sta': '127 '}","{'Str': 'C ', 'Dex': '- ', 'Int': '- ', 'Fai': '- ', 'Arc': '- '}",{'Any': '- '},"{'Phy': '100 ', 'Mag': '49 ', 'Fir': '50 ', 'Lit': '28 ', 'Hol': '35 ', 'Bst': '61.5 ', 'Rst': '23 '}"
16011,Twinbird Kite Shield,Standard +25 ,"{'Phy': '191 ', 'Mag': '- ', 'Fir': '- ', 'Lit': '- ', 'Hol': '- ', 'Sta': '130 '}","{'Str': 'C ', 'Dex': '- ', 'Int': '- ', 'Fai': '- ', 'Arc': '- '}",{'Any': '- '},"{'Phy': '100 ', 'Mag': '49 ', 'Fir': '50 ', 'Lit': '28 ', 'Hol': '35 ', 'Bst': '62 ', 'Rst': '23 '}"
16324,Twinbird Kite Shield,Standard ,"{'Phy': '78 ', 'Mag': '- ', 'Fir': '- ', 'Lit': '- ', 'Hol': '- ', 'Sta': '65 '}","{'Str': 'D ', 'Dex': '- ', 'Int': '- ', 'Fai': '- ', 'Arc': '- '}",{'Any': '- '},"{'Phy': '100 ', 'Mag': '49 ', 'Fir': '50 ', 'Lit': '28 ', 'Hol': '35 ', 'Bst': '50 ', 'Rst': '23 '}"
16325,Twinbird Kite Shield,Standard +1 ,"{'Phy': '82 ', 'Mag': '- ', 'Fir': '- ', 'Lit': '- ', 'Hol': '- ', 'Sta': '67 '}","{'Str': 'D ', 'Dex': '- ', 'Int': '- ', 'Fai': '- ', 'Arc': '- '}",{'Any': '- '},"{'Phy': '100 ', 'Mag': '49 ', 'Fir': '50 ', 'Lit': '28 ', 'Hol': '35 ', 'Bst': '50 ', 'Rst': '23 '}"
16326,Twinbird Kite Shield,Standard +2 ,"{'Phy': '87 ', 'Mag': '- ', 'Fir': '- ', 'Lit': '- ', 'Hol': '- ', 'Sta': '70 '}","{'Str': 'D ', 'Dex': '- ', 'Int': '- ', 'Fai': '- ', 'Arc': '- '}",{'Any': '- '},"{'Phy': '100 ', 'Mag': '49 ', 'Fir': '50 ', 'Lit': '28 ', 'Hol': '35 ', 'Bst': '50.5 ', 'Rst': '23 '}"
16327,Twinbird Kite Shield,Standard +3 ,"{'Phy': '91 ', 'Mag': '- ', 'Fir': '- ', 'Lit': '- ', 'Hol': '- ', 'Sta': '72 '}","{'Str': 'D ', 'Dex': '- ', 'Int': '- ', 'Fai': '- ', 'Arc': '- '}",{'Any': '- '},"{'Phy': '100 ', 'Mag': '49 ', 'Fir': '50 ', 'Lit': '28 ', 'Hol': '35 ', 'Bst': '51 ', 'Rst': '23 '}"
16328,Twinbird Kite Shield,Standard +4 ,"{'Phy': '96 ', 'Mag': '- ', 'Fir': '- ', 'Lit': '- ', 'Hol': '- ', 'Sta': '75 '}","{'Str': 'D ', 'Dex': '- ', 'Int': '- ', 'Fai': '- ', 'Arc': '- '}",{'Any': '- '},"{'Phy': '100 ', 'Mag': '49 ', 'Fir': '50 ', 'Lit': '28 ', 'Hol': '35 ', 'Bst': '51.5 ', 'Rst': '23 '}"
16329,Twinbird Kite Shield,Standard +5 ,"{'Phy': '100 ', 'Mag': '- ', 'Fir': '- ', 'Lit': '- ', 'Hol': '- ', 'Sta': '78 '}","{'Str': 'D ', 'Dex': '- ', 'Int': '- ', 'Fai': '- ', 'Arc': '- '}",{'Any': '- '},"{'Phy': '100 ', 'Mag': '49 ', 'Fir': '50 ', 'Lit': '28 ', 'Hol': '35 ', 'Bst': '52 ', 'Rst': '23 '}"
16330,Twinbird Kite Shield,Standard +6 ,"{'Phy': '105 ', 'Mag': '- ', 'Fir': '- ', 'Lit': '- ', 'Hol': '- ', 'Sta': '80 '}","{'Str': 'D ', 'Dex': '- ', 'Int': '- ', 'Fai': '- ', 'Arc': '- '}",{'Any': '- '},"{'Phy': '100 ', 'Mag': '49 ', 'Fir': '50 ', 'Lit': '28 ', 'Hol': '35 ', 'Bst': '52.5 ', 'Rst': '23 '}"
16331,Twinbird Kite Shield,Standard +7 ,"{'Phy': '109 ', 'Mag': '- ', 'Fir': '- ', 'Lit': '- ', 'Hol': '- ', 'Sta': '83 '}","{'Str': 'D ', 'Dex': '- ', 'Int': '- ', 'Fai': '- ', 'Arc': '- '}",{'Any': '- '},"{'Phy': '100 ', 'Mag': '49 ', 'Fir': '50 ', 'Lit': '28 ', 'Hol': '35 ', 'Bst': '53 ', 'Rst': '23 '}"
16332,Twinbird Kite Shield,Standard +8 ,"{'Phy': '114 ', 'Mag': '- ', 'Fir': '- ', 'Lit': '- ', 'Hol': '- ', 'Sta': '85 '}","{'Str': 'D ', 'Dex': '- ', 'Int': '- ', 'Fai': '- ', 'Arc': '- '}",{'Any': '- '},"{'Phy': '100 ', 'Mag': '49 ', 'Fir': '50 ', 'Lit': '28 ', 'Hol': '35 ', 'Bst': '53.5 ', 'Rst': '23 '}"
16333,Twinbird Kite Shield,Standard +9 ,"{'Phy': '118 ', 'Mag': '- ', 'Fir': '- ', 'Lit': '- ', 'Hol': '- ', 'Sta': '88 '}","{'Str': 'D ', 'Dex': '- ', 'Int': '- ', 'Fai': '- ', 'Arc': '- '}",{'Any': '- '},"{'Phy': '100 ', 'Mag': '49 ', 'Fir': '50 ', 'Lit': '28 ', 'Hol': '35 ', 'Bst': '54 ', 'Rst': '23 '}"
16334,Twinbird Kite Shield,Standard +10 ,"{'Phy': '123 ', 'Mag': '- ', 'Fir': '- ', 'Lit': '- ', 'Hol': '- ', 'Sta': '91 '}","{'Str': 'D ', 'Dex': '- ', 'Int': '- ', 'Fai': '- ', 'Arc': '- '}",{'Any': '- '},"{'Phy': '100 ', 'Mag': '49 ', 'Fir': '50 ', 'Lit': '28 ', 'Hol': '35 ', 'Bst': '54.5 ', 'Rst': '23 '}"
16335,Twinbird Kite Shield,Standard +11 ,"{'Phy': '127 ', 'Mag': '- ', 'Fir': '- ', 'Lit': '- ', 'Hol': '- ', 'Sta': '93 '}","{'Str': 'D ', 'Dex': '- ', 'Int': '- ', 'Fai': '- ', 'Arc': '- '}",{'Any': '- '},"{'Phy': '100 ', 'Mag': '49 ', 'Fir': '50 ', 'Lit': '28 ', 'Hol': '35 ', 'Bst': '55 ', 'Rst': '23 '}"
16336,Twinbird Kite Shield,Standard +12 ,"{'Phy': '132 ', 'Mag': '- ', 'Fir': '- ', 'Lit': '- ', 'Hol': '- ', 'Sta': '96 '}","{'Str': 'D ', 'Dex': '- ', 'Int': '- ', 'Fai': '- ', 'Arc': '- '}",{'Any': '- '},"{'Phy': '100 ', 'Mag': '49 ', 'Fir': '50 ', 'Lit': '28 ', 'Hol': '35 ', 'Bst': '55.5 ', 'Rst': '23 '}"
16337,Twinbird Kite Shield,Standard +13 ,"{'Phy': '136 ', 'Mag': '- ', 'Fir': '- ', 'Lit': '- ', 'Hol': '- ', 'Sta': '98 '}","{'Str': 'D ', 'Dex': '- ', 'Int': '- ', 'Fai': '- ', 'Arc': '- '}",{'Any': '- '},"{'Phy': '100 ', 'Mag': '49 ', 'Fir': '50 ', 'Lit': '28 ', 'Hol': '35 ', 'Bst': '56 ', 'Rst': '23 '}"
16338,Twinbird Kite Shield,Standard +14 ,"{'Phy': '141 ', 'Mag': '- ', 'Fir': '- ', 'Lit': '- ', 'Hol': '- ', 'Sta': '101 '}","{'Str': 'C ', 'Dex': '- ', 'Int': '- ', 'Fai': '- ', 'Arc': '- '}",{'Any': '- '},"{'Phy': '100 ', 'Mag': '49 ', 'Fir': '50 ', 'Lit': '28 ', 'Hol': '35 ', 'Bst': '56.5 ', 'Rst': '23 '}"
16339,Twinbird Kite Shield,Standard +15 ,"{'Phy': '145 ', 'Mag': '- ', 'Fir': '- ', 'Lit': '- ', 'Hol': '- ', 'Sta': '104 '}","{'Str': 'C ', 'Dex': '- ', 'Int': '- ', 'Fai': '- ', 'Arc': '- '}",{'Any': '- '},"{'Phy': '100 ', 'Mag': '49 ', 'Fir': '50 ', 'Lit': '28 ', 'Hol': '35 ', 'Bst': '57 ', 'Rst': '23 '}"
16340,Twinbird Kite Shield,Standard +16 ,"{'Phy': '150 ', 'Mag': '- ', 'Fir': '- ', 'Lit': '- ', 'Hol': '- ', 'Sta': '106 '}","{'Str': 'C ', 'Dex': '- ', 'Int': '- ', 'Fai': '- ', 'Arc': '- '}",{'Any': '- '},"{'Phy': '100 ', 'Mag': '49 ', 'Fir': '50 ', 'Lit': '28 ', 'Hol': '35 ', 'Bst': '57.5 ', 'Rst': '23 '}"
16341,Twinbird Kite Shield,Standard +17 ,"{'Phy': '154 ', 'Mag': '- ', 'Fir': '- ', 'Lit': '- ', 'Hol': '- ', 'Sta': '109 '}","{'Str': 'C ', 'Dex': '- ', 'Int': '- ', 'Fai': '- ', 'Arc': '- '}",{'Any': '- '},"{'Phy': '100 ', 'Mag': '49 ', 'Fir': '50 ', 'Lit': '28 ', 'Hol': '35 ', 'Bst': '58 ', 'Rst': '23 '}"
16342,Twinbird Kite Shield,Standard +18 ,"{'Phy': '159 ', 'Mag': '- ', 'Fir': '- ', 'Lit': '- ', 'Hol': '- ', 'Sta': '111 '}","{'Str': 'C ', 'Dex': '- ', 'Int': '- ', 'Fai': '- ', 'Arc': '- '}",{'Any': '- '},"{'Phy': '100 ', 'Mag': '49 ', 'Fir': '50 ', 'Lit': '28 ', 'Hol': '35 ', 'Bst': '58.5 ', 'Rst': '23 '}"
16343,Twinbird Kite Shield,Standard +19 ,"{'Phy': '163 ', 'Mag': '- ', 'Fir': '- ', 'Lit': '- ', 'Hol': '- ', 'Sta': '114 '}","{'Str': 'C ', 'Dex': '- ', 'Int': '- ', 'Fai': '- ', 'Arc': '- '}",{'Any': '- '},"{'Phy': '100 ', 'Mag': '49 ', 'Fir': '50 ', 'Lit': '28 ', 'Hol': '35 ', 'Bst': '59 ', 'Rst': '23 '}"
16344,Twinbird Kite Shield,Standard +20 ,"{'Phy': '168 ', 'Mag': '- ', 'Fir': '- ', 'Lit': '- ', 'Hol': '- ', 'Sta': '117 '}","{'Str': 'C ', 'Dex': '- ', 'Int': '- ', 'Fai': '- ', 'Arc': '- '}",{'Any': '- '},"{'Phy': '100 ', 'Mag': '49 ', 'Fir': '50 ', 'Lit': '28 ', 'Hol': '35 ', 'Bst': '59.5 ', 'Rst': '23 '}"
16345,Twinbird Kite Shield,Standard +21 ,"{'Phy': '173 ', 'Mag': '- ', 'Fir': '- ', 'Lit': '- ', 'Hol': '- ', 'Sta': '119 '}","{'Str': 'C ', 'Dex': '- ', 'Int': '- ', 'Fai': '- ', 'Arc': '- '}",{'Any': '- '},"{'Phy': '100 ', 'Mag': '49 ', 'Fir': '50 ', 'Lit': '28 ', 'Hol': '35 ', 'Bst': '60 ', 'Rst': '23 '}"
16346,Twinbird Kite Shield,Standard +22 ,"{'Phy': '177 ', 'Mag': '- ', 'Fir': '- ', 'Lit': '- ', 'Hol': '- ', 'Sta': '122 '}","{'Str': 'C ', 'Dex': '- ', 'Int': '- ', 'Fai': '- ', 'Arc': '- '}",{'Any': '- '},"{'Phy': '100 ', 'Mag': '49 ', 'Fir': '50 ', 'Lit': '28 ', 'Hol': '35 ', 'Bst': '60.5 ', 'Rst': '23 '}"
16347,Twinbird Kite Shield,Standard +23 ,"{'Phy': '182 ', 'Mag': '- ', 'Fir': '- ', 'Lit': '- ', 'Hol': '- ', 'Sta': '124 '}","{'Str': 'C ', 'Dex': '- ', 'Int': '- ', 'Fai': '- ', 'Arc': '- '}",{'Any': '- '},"{'Phy': '100 ', 'Mag': '49 ', 'Fir': '50 ', 'Lit': '28 ', 'Hol': '35 ', 'Bst': '61 ', 'Rst': '23 '}"
16348,Twinbird Kite Shield,Standard +24 ,"{'Phy': '186 ', 'Mag': '- ', 'Fir': '- ', 'Lit': '- ', 'Hol': '- ', 'Sta': '127 '}","{'Str': 'C ', 'Dex': '- ', 'Int': '- ', 'Fai': '- ', 'Arc': '- '}",{'Any': '- '},"{'Phy': '100 ', 'Mag': '49 ', 'Fir': '50 ', 'Lit': '28 ', 'Hol': '35 ', 'Bst': '61.5 ', 'Rst': '23 '}"
16349,Twinbird Kite Shield,Standard +25 ,"{'Phy': '191 ', 'Mag': '- ', 'Fir': '- ', 'Lit': '- ', 'Hol': '- ', 'Sta': '130 '}","{'Str': 'C ', 'Dex': '- ', 'Int': '- ', 'Fai': '- ', 'Arc': '- '}",{'Any': '- '},"{'Phy': '100 ', 'Mag': '49 ', 'Fir': '50 ', 'Lit': '28 ', 'Hol': '35 ', 'Bst': '62 ', 'Rst': '23 '}"
16662,Brass Shield,Standard ,"{'Phy': '84 ', 'Mag': '- ', 'Fir': '- ', 'Lit': '- ', 'Hol': '- ', 'Sta': '65 '}","{'Str': 'D ', 'Dex': '- ', 'Int': '- ', 'Fai': '- ', 'Arc': '- '}",{'Any': '- '},"{'Phy': '100 ', 'Mag': '55 ', 'Fir': '59 ', 'Lit': '39 ', 'Hol': '54 ', 'Bst': '56 ', 'Rst': '28 '}"
16663,Brass Shield,Standard +1 ,"{'Phy': '88 ', 'Mag': '- ', 'Fir': '- ', 'Lit': '- ', 'Hol': '- ', 'Sta': '67 '}","{'Str': 'D ', 'Dex': '- ', 'Int': '- ', 'Fai': '- ', 'Arc': '- '}",{'Any': '- '},"{'Phy': '100 ', 'Mag': '55 ', 'Fir': '59 ', 'Lit': '39 ', 'Hol': '54 ', 'Bst': '56 ', 'Rst': '28 '}"
16664,Brass Shield,Standard +2 ,"{'Phy': '93 ', 'Mag': '- ', 'Fir': '- ', 'Lit': '- ', 'Hol': '- ', 'Sta': '70 '}","{'Str': 'D ', 'Dex': '- ', 'Int': '- ', 'Fai': '- ', 'Arc': '- '}",{'Any': '- '},"{'Phy': '100 ', 'Mag': '55 ', 'Fir': '59 ', 'Lit': '39 ', 'Hol': '54 ', 'Bst': '56.56 ', 'Rst': '28 '}"
16665,Brass Shield,Standard +3 ,"{'Phy': '98 ', 'Mag': '- ', 'Fir': '- ', 'Lit': '- ', 'Hol': '- ', 'Sta': '72 '}","{'Str': 'D ', 'Dex': '- ', 'Int': '- ', 'Fai': '- ', 'Arc': '- '}",{'Any': '- '},"{'Phy': '100 ', 'Mag': '55 ', 'Fir': '59 ', 'Lit': '39 ', 'Hol': '54 ', 'Bst': '57.12 ', 'Rst': '28 '}"
16666,Brass Shield,Standard +4 ,"{'Phy': '103 ', 'Mag': '- ', 'Fir': '- ', 'Lit': '- ', 'Hol': '- ', 'Sta': '75 '}","{'Str': 'D ', 'Dex': '- ', 'Int': '- ', 'Fai': '- ', 'Arc': '- '}",{'Any': '- '},"{'Phy': '100 ', 'Mag': '55 ', 'Fir': '59 ', 'Lit': '39 ', 'Hol': '54 ', 'Bst': '57.68 ', 'Rst': '28 '}"
16667,Brass Shield,Standard +5 ,"{'Phy': '108 ', 'Mag': '- ', 'Fir': '- ', 'Lit': '- ', 'Hol': '- ', 'Sta': '78 '}","{'Str': 'D ', 'Dex': '- ', 'Int': '- ', 'Fai': '- ', 'Arc': '- '}",{'Any': '- '},"{'Phy': '100 ', 'Mag': '55 ', 'Fir': '59 ', 'Lit': '39 ', 'Hol': '54 ', 'Bst': '58.24 ', 'Rst': '28 '}"
16668,Brass Shield,Standard +6 ,"{'Phy': '113 ', 'Mag': '- ', 'Fir': '- ', 'Lit': '- ', 'Hol': '- ', 'Sta': '80 '}","{'Str': 'D ', 'Dex': '- ', 'Int': '- ', 'Fai': '- ', 'Arc': '- '}",{'Any': '- '},"{'Phy': '100 ', 'Mag': '55 ', 'Fir': '59 ', 'Lit': '39 ', 'Hol': '54 ', 'Bst': '58.8 ', 'Rst': '28 '}"
16669,Brass Shield,Standard +7 ,"{'Phy': '118 ', 'Mag': '- ', 'Fir': '- ', 'Lit': '- ', 'Hol': '- ', 'Sta': '83 '}","{'Str': 'D ', 'Dex': '- ', 'Int': '- ', 'Fai': '- ', 'Arc': '- '}",{'Any': '- '},"{'Phy': '100 ', 'Mag': '55 ', 'Fir': '59 ', 'Lit': '39 ', 'Hol': '54 ', 'Bst': '59.36 ', 'Rst': '28 '}"
16670,Brass Shield,Standard +8 ,"{'Phy': '122 ', 'Mag': '- ', 'Fir': '- ', 'Lit': '- ', 'Hol': '- ', 'Sta': '85 '}","{'Str': 'D ', 'Dex': '- ', 'Int': '- ', 'Fai': '- ', 'Arc': '- '}",{'Any': '- '},"{'Phy': '100 ', 'Mag': '55 ', 'Fir': '59 ', 'Lit': '39 ', 'Hol': '54 ', 'Bst': '59.92 ', 'Rst': '28 '}"
16671,Brass Shield,Standard +9 ,"{'Phy': '127 ', 'Mag': '- ', 'Fir': '- ', 'Lit': '- ', 'Hol': '- ', 'Sta': '88 '}","{'Str': 'D ', 'Dex': '- ', 'Int': '- ', 'Fai': '- ', 'Arc': '- '}",{'Any': '- '},"{'Phy': '100 ', 'Mag': '55 ', 'Fir': '59 ', 'Lit': '39 ', 'Hol': '54 ', 'Bst': '60.48 ', 'Rst': '28 '}"
16672,Brass Shield,Standard +10 ,"{'Phy': '132 ', 'Mag': '- ', 'Fir': '- ', 'Lit': '- ', 'Hol': '- ', 'Sta': '91 '}","{'Str': 'D ', 'Dex': '- ', 'Int': '- ', 'Fai': '- ', 'Arc': '- '}",{'Any': '- '},"{'Phy': '100 ', 'Mag': '55 ', 'Fir': '59 ', 'Lit': '39 ', 'Hol': '54 ', 'Bst': '61.04 ', 'Rst': '28 '}"
16673,Brass Shield,Standard +11 ,"{'Phy': '137 ', 'Mag': '- ', 'Fir': '- ', 'Lit': '- ', 'Hol': '- ', 'Sta': '93 '}","{'Str': 'D ', 'Dex': '- ', 'Int': '- ', 'Fai': '- ', 'Arc': '- '}",{'Any': '- '},"{'Phy': '100 ', 'Mag': '55 ', 'Fir': '59 ', 'Lit': '39 ', 'Hol': '54 ', 'Bst': '61.6 ', 'Rst': '28 '}"
16674,Brass Shield,Standard +12 ,"{'Phy': '142 ', 'Mag': '- ', 'Fir': '- ', 'Lit': '- ', 'Hol': '- ', 'Sta': '96 '}","{'Str': 'D ', 'Dex': '- ', 'Int': '- ', 'Fai': '- ', 'Arc': '- '}",{'Any': '- '},"{'Phy': '100 ', 'Mag': '55 ', 'Fir': '59 ', 'Lit': '39 ', 'Hol': '54 ', 'Bst': '62.16 ', 'Rst': '28 '}"
16675,Brass Shield,Standard +13 ,"{'Phy': '147 ', 'Mag': '- ', 'Fir': '- ', 'Lit': '- ', 'Hol': '- ', 'Sta': '98 '}","{'Str': 'D ', 'Dex': '- ', 'Int': '- ', 'Fai': '- ', 'Arc': '- '}",{'Any': '- '},"{'Phy': '100 ', 'Mag': '55 ', 'Fir': '59 ', 'Lit': '39 ', 'Hol': '54 ', 'Bst': '62.72 ', 'Rst': '28 '}"
16676,Brass Shield,Standard +14 ,"{'Phy': '152 ', 'Mag': '- ', 'Fir': '- ', 'Lit': '- ', 'Hol': '- ', 'Sta': '101 '}","{'Str': 'C ', 'Dex': '- ', 'Int': '- ', 'Fai': '- ', 'Arc': '- '}",{'Any': '- '},"{'Phy': '100 ', 'Mag': '55 ', 'Fir': '59 ', 'Lit': '39 ', 'Hol': '54 ', 'Bst': '63.28 ', 'Rst': '28 '}"
16677,Brass Shield,Standard +15 ,"{'Phy': '157 ', 'Mag': '- ', 'Fir': '- ', 'Lit': '- ', 'Hol': '- ', 'Sta': '104 '}","{'Str': 'C ', 'Dex': '- ', 'Int': '- ', 'Fai': '- ', 'Arc': '- '}",{'Any': '- '},"{'Phy': '100 ', 'Mag': '55 ', 'Fir': '59 ', 'Lit': '39 ', 'Hol': '54 ', 'Bst': '63.84 ', 'Rst': '28 '}"
16678,Brass Shield,Standard +16 ,"{'Phy': '161 ', 'Mag': '- ', 'Fir': '- ', 'Lit': '- ', 'Hol': '- ', 'Sta': '106 '}","{'Str': 'C ', 'Dex': '- ', 'Int': '- ', 'Fai': '- ', 'Arc': '- '}",{'Any': '- '},"{'Phy': '100 ', 'Mag': '55 ', 'Fir': '59 ', 'Lit': '39 ', 'Hol': '54 ', 'Bst': '64.4 ', 'Rst': '28 '}"
16679,Brass Shield,Standard +17 ,"{'Phy': '166 ', 'Mag': '- ', 'Fir': '- ', 'Lit': '- ', 'Hol': '- ', 'Sta': '109 '}","{'Str': 'C ', 'Dex': '- ', 'Int': '- ', 'Fai': '- ', 'Arc': '- '}",{'Any': '- '},"{'Phy': '100 ', 'Mag': '55 ', 'Fir': '59 ', 'Lit': '39 ', 'Hol': '54 ', 'Bst': '64.96 ', 'Rst': '28 '}"
16680,Brass Shield,Standard +18 ,"{'Phy': '171 ', 'Mag': '- ', 'Fir': '- ', 'Lit': '- ', 'Hol': '- ', 'Sta': '111 '}","{'Str': 'C ', 'Dex': '- ', 'Int': '- ', 'Fai': '- ', 'Arc': '- '}",{'Any': '- '},"{'Phy': '100 ', 'Mag': '55 ', 'Fir': '59 ', 'Lit': '39 ', 'Hol': '54 ', 'Bst': '65.52 ', 'Rst': '28 '}"
16681,Brass Shield,Standard +19 ,"{'Phy': '176 ', 'Mag': '- ', 'Fir': '- ', 'Lit': '- ', 'Hol': '- ', 'Sta': '114 '}","{'Str': 'C ', 'Dex': '- ', 'Int': '- ', 'Fai': '- ', 'Arc': '- '}",{'Any': '- '},"{'Phy': '100 ', 'Mag': '55 ', 'Fir': '59 ', 'Lit': '39 ', 'Hol': '54 ', 'Bst': '66.08 ', 'Rst': '28 '}"
16682,Brass Shield,Standard +20 ,"{'Phy': '181 ', 'Mag': '- ', 'Fir': '- ', 'Lit': '- ', 'Hol': '- ', 'Sta': '117 '}","{'Str': 'C ', 'Dex': '- ', 'Int': '- ', 'Fai': '- ', 'Arc': '- '}",{'Any': '- '},"{'Phy': '100 ', 'Mag': '55 ', 'Fir': '59 ', 'Lit': '39 ', 'Hol': '54 ', 'Bst': '66.64 ', 'Rst': '28 '}"
16683,Brass Shield,Standard +21 ,"{'Phy': '186 ', 'Mag': '- ', 'Fir': '- ', 'Lit': '- ', 'Hol': '- ', 'Sta': '119 '}","{'Str': 'C ', 'Dex': '- ', 'Int': '- ', 'Fai': '- ', 'Arc': '- '}",{'Any': '- '},"{'Phy': '100 ', 'Mag': '55 ', 'Fir': '59 ', 'Lit': '39 ', 'Hol': '54 ', 'Bst': '67.2 ', 'Rst': '28 '}"
16684,Brass Shield,Standard +22 ,"{'Phy': '191 ', 'Mag': '- ', 'Fir': '- ', 'Lit': '- ', 'Hol': '- ', 'Sta': '122 '}","{'Str': 'C ', 'Dex': '- ', 'Int': '- ', 'Fai': '- ', 'Arc': '- '}",{'Any': '- '},"{'Phy': '100 ', 'Mag': '55 ', 'Fir': '59 ', 'Lit': '39 ', 'Hol': '54 ', 'Bst': '67.76 ', 'Rst': '28 '}"
16685,Brass Shield,Standard +23 ,"{'Phy': '196 ', 'Mag': '- ', 'Fir': '- ', 'Lit': '- ', 'Hol': '- ', 'Sta': '124 '}","{'Str': 'C ', 'Dex': '- ', 'Int': '- ', 'Fai': '- ', 'Arc': '- '}",{'Any': '- '},"{'Phy': '100 ', 'Mag': '55 ', 'Fir': '59 ', 'Lit': '39 ', 'Hol': '54 ', 'Bst': '68.32 ', 'Rst': '28 '}"
16686,Brass Shield,Standard +24 ,"{'Phy': '200 ', 'Mag': '- ', 'Fir': '- ', 'Lit': '- ', 'Hol': '- ', 'Sta': '127 '}","{'Str': 'C ', 'Dex': '- ', 'Int': '- ', 'Fai': '- ', 'Arc': '- '}",{'Any': '- '},"{'Phy': '100 ', 'Mag': '55 ', 'Fir': '59 ', 'Lit': '39 ', 'Hol': '54 ', 'Bst': '68.88 ', 'Rst': '28 '}"
16687,Brass Shield,Standard +25 ,"{'Phy': '205 ', 'Mag': '- ', 'Fir': '- ', 'Lit': '- ', 'Hol': '- ', 'Sta': '130 '}","{'Str': 'C ', 'Dex': '- ', 'Int': '- ', 'Fai': '- ', 'Arc': '- '}",{'Any': '- '},"{'Phy': '100 ', 'Mag': '55 ', 'Fir': '59 ', 'Lit': '39 ', 'Hol': '54 ', 'Bst': '69.44 ', 'Rst': '28 '}"
17000,Banished Knight's Shield,Standard ,"{'Phy': '81 ', 'Mag': '- ', 'Fir': '- ', 'Lit': '- ', 'Hol': '- ', 'Sta': '65 '}","{'Str': 'D ', 'Dex': '- ', 'Int': '- ', 'Fai': '- ', 'Arc': '- '}",{'Any': '- '},"{'Phy': '100 ', 'Mag': '49 ', 'Fir': '57 ', 'Lit': '31 ', 'Hol': '48 ', 'Bst': '55 ', 'Rst': '26 '}"
17001,Banished Knight's Shield,Standard +1 ,"{'Phy': '85 ', 'Mag': '- ', 'Fir': '- ', 'Lit': '- ', 'Hol': '- ', 'Sta': '67 '}","{'Str': 'D ', 'Dex': '- ', 'Int': '- ', 'Fai': '- ', 'Arc': '- '}",{'Any': '- '},"{'Phy': '100 ', 'Mag': '49 ', 'Fir': '57 ', 'Lit': '31 ', 'Hol': '48 ', 'Bst': '55 ', 'Rst': '26 '}"
17002,Banished Knight's Shield,Standard +2 ,"{'Phy': '90 ', 'Mag': '- ', 'Fir': '- ', 'Lit': '- ', 'Hol': '- ', 'Sta': '70 '}","{'Str': 'D ', 'Dex': '- ', 'Int': '- ', 'Fai': '- ', 'Arc': '- '}",{'Any': '- '},"{'Phy': '100 ', 'Mag': '49 ', 'Fir': '57 ', 'Lit': '31 ', 'Hol': '48 ', 'Bst': '55.55 ', 'Rst': '26 '}"
17003,Banished Knight's Shield,Standard +3 ,"{'Phy': '95 ', 'Mag': '- ', 'Fir': '- ', 'Lit': '- ', 'Hol': '- ', 'Sta': '72 '}","{'Str': 'D ', 'Dex': '- ', 'Int': '- ', 'Fai': '- ', 'Arc': '- '}",{'Any': '- '},"{'Phy': '100 ', 'Mag': '49 ', 'Fir': '57 ', 'Lit': '31 ', 'Hol': '48 ', 'Bst': '56.1 ', 'Rst': '26 '}"
17004,Banished Knight's Shield,Standard +4 ,"{'Phy': '99 ', 'Mag': '- ', 'Fir': '- ', 'Lit': '- ', 'Hol': '- ', 'Sta': '75 '}","{'Str': 'D ', 'Dex': '- ', 'Int': '- ', 'Fai': '- ', 'Arc': '- '}",{'Any': '- '},"{'Phy': '100 ', 'Mag': '49 ', 'Fir': '57 ', 'Lit': '31 ', 'Hol': '48 ', 'Bst': '56.65 ', 'Rst': '26 '}"
17005,Banished Knight's Shield,Standard +5 ,"{'Phy': '104 ', 'Mag': '- ', 'Fir': '- ', 'Lit': '- ', 'Hol': '- ', 'Sta': '78 '}","{'Str': 'D ', 'Dex': '- ', 'Int': '- ', 'Fai': '- ', 'Arc': '- '}",{'Any': '- '},"{'Phy': '100 ', 'Mag': '49 ', 'Fir': '57 ', 'Lit': '31 ', 'Hol': '48 ', 'Bst': '57.2 ', 'Rst': '26 '}"
17006,Banished Knight's Shield,Standard +6 ,"{'Phy': '109 ', 'Mag': '- ', 'Fir': '- ', 'Lit': '- ', 'Hol': '- ', 'Sta': '80 '}","{'Str': 'D ', 'Dex': '- ', 'Int': '- ', 'Fai': '- ', 'Arc': '- '}",{'Any': '- '},"{'Phy': '100 ', 'Mag': '49 ', 'Fir': '57 ', 'Lit': '31 ', 'Hol': '48 ', 'Bst': '57.75 ', 'Rst': '26 '}"
17007,Banished Knight's Shield,Standard +7 ,"{'Phy': '113 ', 'Mag': '- ', 'Fir': '- ', 'Lit': '- ', 'Hol': '- ', 'Sta': '83 '}","{'Str': 'D ', 'Dex': '- ', 'Int': '- ', 'Fai': '- ', 'Arc': '- '}",{'Any': '- '},"{'Phy': '100 ', 'Mag': '49 ', 'Fir': '57 ', 'Lit': '31 ', 'Hol': '48 ', 'Bst': '58.3 ', 'Rst': '26 '}"
17008,Banished Knight's Shield,Standard +8 ,"{'Phy': '118 ', 'Mag': '- ', 'Fir': '- ', 'Lit': '- ', 'Hol': '- ', 'Sta': '85 '}","{'Str': 'D ', 'Dex': '- ', 'Int': '- ', 'Fai': '- ', 'Arc': '- '}",{'Any': '- '},"{'Phy': '100 ', 'Mag': '49 ', 'Fir': '57 ', 'Lit': '31 ', 'Hol': '48 ', 'Bst': '58.85 ', 'Rst': '26 '}"
17009,Banished Knight's Shield,Standard +9 ,"{'Phy': '123 ', 'Mag': '- ', 'Fir': '- ', 'Lit': '- ', 'Hol': '- ', 'Sta': '88 '}","{'Str': 'D ', 'Dex': '- ', 'Int': '- ', 'Fai': '- ', 'Arc': '- '}",{'Any': '- '},"{'Phy': '100 ', 'Mag': '49 ', 'Fir': '57 ', 'Lit': '31 ', 'Hol': '48 ', 'Bst': '59.4 ', 'Rst': '26 '}"
17010,Banished Knight's Shield,Standard +10 ,"{'Phy': '127 ', 'Mag': '- ', 'Fir': '- ', 'Lit': '- ', 'Hol': '- ', 'Sta': '91 '}","{'Str': 'D ', 'Dex': '- ', 'Int': '- ', 'Fai': '- ', 'Arc': '- '}",{'Any': '- '},"{'Phy': '100 ', 'Mag': '49 ', 'Fir': '57 ', 'Lit': '31 ', 'Hol': '48 ', 'Bst': '59.95 ', 'Rst': '26 '}"
17011,Banished Knight's Shield,Standard +11 ,"{'Phy': '132 ', 'Mag': '- ', 'Fir': '- ', 'Lit': '- ', 'Hol': '- ', 'Sta': '93 '}","{'Str': 'D ', 'Dex': '- ', 'Int': '- ', 'Fai': '- ', 'Arc': '- '}",{'Any': '- '},"{'Phy': '100 ', 'Mag': '49 ', 'Fir': '57 ', 'Lit': '31 ', 'Hol': '48 ', 'Bst': '60.5 ', 'Rst': '26 '}"
17012,Banished Knight's Shield,Standard +12 ,"{'Phy': '137 ', 'Mag': '- ', 'Fir': '- ', 'Lit': '- ', 'Hol': '- ', 'Sta': '96 '}","{'Str': 'D ', 'Dex': '- ', 'Int': '- ', 'Fai': '- ', 'Arc': '- '}",{'Any': '- '},"{'Phy': '100 ', 'Mag': '49 ', 'Fir': '57 ', 'Lit': '31 ', 'Hol': '48 ', 'Bst': '61.05 ', 'Rst': '26 '}"
17013,Banished Knight's Shield,Standard +13 ,"{'Phy': '142 ', 'Mag': '- ', 'Fir': '- ', 'Lit': '- ', 'Hol': '- ', 'Sta': '98 '}","{'Str': 'D ', 'Dex': '- ', 'Int': '- ', 'Fai': '- ', 'Arc': '- '}",{'Any': '- '},"{'Phy': '100 ', 'Mag': '49 ', 'Fir': '57 ', 'Lit': '31 ', 'Hol': '48 ', 'Bst': '61.6 ', 'Rst': '26 '}"
17014,Banished Knight's Shield,Standard +14 ,"{'Phy': '146 ', 'Mag': '- ', 'Fir': '- ', 'Lit': '- ', 'Hol': '- ', 'Sta': '101 '}","{'Str': 'C ', 'Dex': '- ', 'Int': '- ', 'Fai': '- ', 'Arc': '- '}",{'Any': '- '},"{'Phy': '100 ', 'Mag': '49 ', 'Fir': '57 ', 'Lit': '31 ', 'Hol': '48 ', 'Bst': '62.15 ', 'Rst': '26 '}"
17015,Banished Knight's Shield,Standard +15 ,"{'Phy': '151 ', 'Mag': '- ', 'Fir': '- ', 'Lit': '- ', 'Hol': '- ', 'Sta': '104 '}","{'Str': 'C ', 'Dex': '- ', 'Int': '- ', 'Fai': '- ', 'Arc': '- '}",{'Any': '- '},"{'Phy': '100 ', 'Mag': '49 ', 'Fir': '57 ', 'Lit': '31 ', 'Hol': '48 ', 'Bst': '62.7 ', 'Rst': '26 '}"
17016,Banished Knight's Shield,Standard +16 ,"{'Phy': '156 ', 'Mag': '- ', 'Fir': '- ', 'Lit': '- ', 'Hol': '- ', 'Sta': '106 '}","{'Str': 'C ', 'Dex': '- ', 'Int': '- ', 'Fai': '- ', 'Arc': '- '}",{'Any': '- '},"{'Phy': '100 ', 'Mag': '49 ', 'Fir': '57 ', 'Lit': '31 ', 'Hol': '48 ', 'Bst': '63.25 ', 'Rst': '26 '}"
17017,Banished Knight's Shield,Standard +17 ,"{'Phy': '160 ', 'Mag': '- ', 'Fir': '- ', 'Lit': '- ', 'Hol': '- ', 'Sta': '109 '}","{'Str': 'C ', 'Dex': '- ', 'Int': '- ', 'Fai': '- ', 'Arc': '- '}",{'Any': '- '},"{'Phy': '100 ', 'Mag': '49 ', 'Fir': '57 ', 'Lit': '31 ', 'Hol': '48 ', 'Bst': '63.8 ', 'Rst': '26 '}"
17018,Banished Knight's Shield,Standard +18 ,"{'Phy': '165 ', 'Mag': '- ', 'Fir': '- ', 'Lit': '- ', 'Hol': '- ', 'Sta': '111 '}","{'Str': 'C ', 'Dex': '- ', 'Int': '- ', 'Fai': '- ', 'Arc': '- '}",{'Any': '- '},"{'Phy': '100 ', 'Mag': '49 ', 'Fir': '57 ', 'Lit': '31 ', 'Hol': '48 ', 'Bst': '64.35 ', 'Rst': '26 '}"
17019,Banished Knight's Shield,Standard +19 ,"{'Phy': '170 ', 'Mag': '- ', 'Fir': '- ', 'Lit': '- ', 'Hol': '- ', 'Sta': '114 '}","{'Str': 'C ', 'Dex': '- ', 'Int': '- ', 'Fai': '- ', 'Arc': '- '}",{'Any': '- '},"{'Phy': '100 ', 'Mag': '49 ', 'Fir': '57 ', 'Lit': '31 ', 'Hol': '48 ', 'Bst': '64.9 ', 'Rst': '26 '}"
17020,Banished Knight's Shield,Standard +20 ,"{'Phy': '174 ', 'Mag': '- ', 'Fir': '- ', 'Lit': '- ', 'Hol': '- ', 'Sta': '117 '}","{'Str': 'C ', 'Dex': '- ', 'Int': '- ', 'Fai': '- ', 'Arc': '- '}",{'Any': '- '},"{'Phy': '100 ', 'Mag': '49 ', 'Fir': '57 ', 'Lit': '31 ', 'Hol': '48 ', 'Bst': '65.45 ', 'Rst': '26 '}"
17021,Banished Knight's Shield,Standard +21 ,"{'Phy': '179 ', 'Mag': '- ', 'Fir': '- ', 'Lit': '- ', 'Hol': '- ', 'Sta': '119 '}","{'Str': 'C ', 'Dex': '- ', 'Int': '- ', 'Fai': '- ', 'Arc': '- '}",{'Any': '- '},"{'Phy': '100 ', 'Mag': '49 ', 'Fir': '57 ', 'Lit': '31 ', 'Hol': '48 ', 'Bst': '66 ', 'Rst': '26 '}"
17022,Banished Knight's Shield,Standard +22 ,"{'Phy': '184 ', 'Mag': '- ', 'Fir': '- ', 'Lit': '- ', 'Hol': '- ', 'Sta': '122 '}","{'Str': 'C ', 'Dex': '- ', 'Int': '- ', 'Fai': '- ', 'Arc': '- '}",{'Any': '- '},"{'Phy': '100 ', 'Mag': '49 ', 'Fir': '57 ', 'Lit': '31 ', 'Hol': '48 ', 'Bst': '66.55 ', 'Rst': '26 '}"
17023,Banished Knight's Shield,Standard +23 ,"{'Phy': '189 ', 'Mag': '- ', 'Fir': '- ', 'Lit': '- ', 'Hol': '- ', 'Sta': '124 '}","{'Str': 'C ', 'Dex': '- ', 'Int': '- ', 'Fai': '- ', 'Arc': '- '}",{'Any': '- '},"{'Phy': '100 ', 'Mag': '49 ', 'Fir': '57 ', 'Lit': '31 ', 'Hol': '48 ', 'Bst': '67.1 ', 'Rst': '26 '}"
17024,Banished Knight's Shield,Standard +24 ,"{'Phy': '193 ', 'Mag': '- ', 'Fir': '- ', 'Lit': '- ', 'Hol': '- ', 'Sta': '127 '}","{'Str': 'C ', 'Dex': '- ', 'Int': '- ', 'Fai': '- ', 'Arc': '- '}",{'Any': '- '},"{'Phy': '100 ', 'Mag': '49 ', 'Fir': '57 ', 'Lit': '31 ', 'Hol': '48 ', 'Bst': '67.65 ', 'Rst': '26 '}"
17025,Banished Knight's Shield,Standard +25 ,"{'Phy': '198 ', 'Mag': '- ', 'Fir': '- ', 'Lit': '- ', 'Hol': '- ', 'Sta': '130 '}","{'Str': 'C ', 'Dex': '- ', 'Int': '- ', 'Fai': '- ', 'Arc': '- '}",{'Any': '- '},"{'Phy': '100 ', 'Mag': '49 ', 'Fir': '57 ', 'Lit': '31 ', 'Hol': '48 ', 'Bst': '68.2 ', 'Rst': '26 '}"
17338,Banished Knight's Shield,Standard ,"{'Phy': '81 ', 'Mag': '- ', 'Fir': '- ', 'Lit': '- ', 'Hol': '- ', 'Sta': '65 '}","{'Str': 'D ', 'Dex': '- ', 'Int': '- ', 'Fai': '- ', 'Arc': '- '}",{'Any': '- '},"{'Phy': '100 ', 'Mag': '49 ', 'Fir': '57 ', 'Lit': '31 ', 'Hol': '48 ', 'Bst': '55 ', 'Rst': '26 '}"
17339,Banished Knight's Shield,Standard +1 ,"{'Phy': '85 ', 'Mag': '- ', 'Fir': '- ', 'Lit': '- ', 'Hol': '- ', 'Sta': '67 '}","{'Str': 'D ', 'Dex': '- ', 'Int': '- ', 'Fai': '- ', 'Arc': '- '}",{'Any': '- '},"{'Phy': '100 ', 'Mag': '49 ', 'Fir': '57 ', 'Lit': '31 ', 'Hol': '48 ', 'Bst': '55 ', 'Rst': '26 '}"
17340,Banished Knight's Shield,Standard +2 ,"{'Phy': '90 ', 'Mag': '- ', 'Fir': '- ', 'Lit': '- ', 'Hol': '- ', 'Sta': '70 '}","{'Str': 'D ', 'Dex': '- ', 'Int': '- ', 'Fai': '- ', 'Arc': '- '}",{'Any': '- '},"{'Phy': '100 ', 'Mag': '49 ', 'Fir': '57 ', 'Lit': '31 ', 'Hol': '48 ', 'Bst': '55.55 ', 'Rst': '26 '}"
17341,Banished Knight's Shield,Standard +3 ,"{'Phy': '95 ', 'Mag': '- ', 'Fir': '- ', 'Lit': '- ', 'Hol': '- ', 'Sta': '72 '}","{'Str': 'D ', 'Dex': '- ', 'Int': '- ', 'Fai': '- ', 'Arc': '- '}",{'Any': '- '},"{'Phy': '100 ', 'Mag': '49 ', 'Fir': '57 ', 'Lit': '31 ', 'Hol': '48 ', 'Bst': '56.1 ', 'Rst': '26 '}"
17342,Banished Knight's Shield,Standard +4 ,"{'Phy': '99 ', 'Mag': '- ', 'Fir': '- ', 'Lit': '- ', 'Hol': '- ', 'Sta': '75 '}","{'Str': 'D ', 'Dex': '- ', 'Int': '- ', 'Fai': '- ', 'Arc': '- '}",{'Any': '- '},"{'Phy': '100 ', 'Mag': '49 ', 'Fir': '57 ', 'Lit': '31 ', 'Hol': '48 ', 'Bst': '56.65 ', 'Rst': '26 '}"
17343,Banished Knight's Shield,Standard +5 ,"{'Phy': '104 ', 'Mag': '- ', 'Fir': '- ', 'Lit': '- ', 'Hol': '- ', 'Sta': '78 '}","{'Str': 'D ', 'Dex': '- ', 'Int': '- ', 'Fai': '- ', 'Arc': '- '}",{'Any': '- '},"{'Phy': '100 ', 'Mag': '49 ', 'Fir': '57 ', 'Lit': '31 ', 'Hol': '48 ', 'Bst': '57.2 ', 'Rst': '26 '}"
17344,Banished Knight's Shield,Standard +6 ,"{'Phy': '109 ', 'Mag': '- ', 'Fir': '- ', 'Lit': '- ', 'Hol': '- ', 'Sta': '80 '}","{'Str': 'D ', 'Dex': '- ', 'Int': '- ', 'Fai': '- ', 'Arc': '- '}",{'Any': '- '},"{'Phy': '100 ', 'Mag': '49 ', 'Fir': '57 ', 'Lit': '31 ', 'Hol': '48 ', 'Bst': '57.75 ', 'Rst': '26 '}"
17345,Banished Knight's Shield,Standard +7 ,"{'Phy': '113 ', 'Mag': '- ', 'Fir': '- ', 'Lit': '- ', 'Hol': '- ', 'Sta': '83 '}","{'Str': 'D ', 'Dex': '- ', 'Int': '- ', 'Fai': '- ', 'Arc': '- '}",{'Any': '- '},"{'Phy': '100 ', 'Mag': '49 ', 'Fir': '57 ', 'Lit': '31 ', 'Hol': '48 ', 'Bst': '58.3 ', 'Rst': '26 '}"
17346,Banished Knight's Shield,Standard +8 ,"{'Phy': '118 ', 'Mag': '- ', 'Fir': '- ', 'Lit': '- ', 'Hol': '- ', 'Sta': '85 '}","{'Str': 'D ', 'Dex': '- ', 'Int': '- ', 'Fai': '- ', 'Arc': '- '}",{'Any': '- '},"{'Phy': '100 ', 'Mag': '49 ', 'Fir': '57 ', 'Lit': '31 ', 'Hol': '48 ', 'Bst': '58.85 ', 'Rst': '26 '}"
17347,Banished Knight's Shield,Standard +9 ,"{'Phy': '123 ', 'Mag': '- ', 'Fir': '- ', 'Lit': '- ', 'Hol': '- ', 'Sta': '88 '}","{'Str': 'D ', 'Dex': '- ', 'Int': '- ', 'Fai': '- ', 'Arc': '- '}",{'Any': '- '},"{'Phy': '100 ', 'Mag': '49 ', 'Fir': '57 ', 'Lit': '31 ', 'Hol': '48 ', 'Bst': '59.4 ', 'Rst': '26 '}"
17348,Banished Knight's Shield,Standard +10 ,"{'Phy': '127 ', 'Mag': '- ', 'Fir': '- ', 'Lit': '- ', 'Hol': '- ', 'Sta': '91 '}","{'Str': 'D ', 'Dex': '- ', 'Int': '- ', 'Fai': '- ', 'Arc': '- '}",{'Any': '- '},"{'Phy': '100 ', 'Mag': '49 ', 'Fir': '57 ', 'Lit': '31 ', 'Hol': '48 ', 'Bst': '59.95 ', 'Rst': '26 '}"
17349,Banished Knight's Shield,Standard +11 ,"{'Phy': '132 ', 'Mag': '- ', 'Fir': '- ', 'Lit': '- ', 'Hol': '- ', 'Sta': '93 '}","{'Str': 'D ', 'Dex': '- ', 'Int': '- ', 'Fai': '- ', 'Arc': '- '}",{'Any': '- '},"{'Phy': '100 ', 'Mag': '49 ', 'Fir': '57 ', 'Lit': '31 ', 'Hol': '48 ', 'Bst': '60.5 ', 'Rst': '26 '}"
17350,Banished Knight's Shield,Standard +12 ,"{'Phy': '137 ', 'Mag': '- ', 'Fir': '- ', 'Lit': '- ', 'Hol': '- ', 'Sta': '96 '}","{'Str': 'D ', 'Dex': '- ', 'Int': '- ', 'Fai': '- ', 'Arc': '- '}",{'Any': '- '},"{'Phy': '100 ', 'Mag': '49 ', 'Fir': '57 ', 'Lit': '31 ', 'Hol': '48 ', 'Bst': '61.05 ', 'Rst': '26 '}"
17351,Banished Knight's Shield,Standard +13 ,"{'Phy': '142 ', 'Mag': '- ', 'Fir': '- ', 'Lit': '- ', 'Hol': '- ', 'Sta': '98 '}","{'Str': 'D ', 'Dex': '- ', 'Int': '- ', 'Fai': '- ', 'Arc': '- '}",{'Any': '- '},"{'Phy': '100 ', 'Mag': '49 ', 'Fir': '57 ', 'Lit': '31 ', 'Hol': '48 ', 'Bst': '61.6 ', 'Rst': '26 '}"
17352,Banished Knight's Shield,Standard +14 ,"{'Phy': '146 ', 'Mag': '- ', 'Fir': '- ', 'Lit': '- ', 'Hol': '- ', 'Sta': '101 '}","{'Str': 'C ', 'Dex': '- ', 'Int': '- ', 'Fai': '- ', 'Arc': '- '}",{'Any': '- '},"{'Phy': '100 ', 'Mag': '49 ', 'Fir': '57 ', 'Lit': '31 ', 'Hol': '48 ', 'Bst': '62.15 ', 'Rst': '26 '}"
17353,Banished Knight's Shield,Standard +15 ,"{'Phy': '151 ', 'Mag': '- ', 'Fir': '- ', 'Lit': '- ', 'Hol': '- ', 'Sta': '104 '}","{'Str': 'C ', 'Dex': '- ', 'Int': '- ', 'Fai': '- ', 'Arc': '- '}",{'Any': '- '},"{'Phy': '100 ', 'Mag': '49 ', 'Fir': '57 ', 'Lit': '31 ', 'Hol': '48 ', 'Bst': '62.7 ', 'Rst': '26 '}"
17354,Banished Knight's Shield,Standard +16 ,"{'Phy': '156 ', 'Mag': '- ', 'Fir': '- ', 'Lit': '- ', 'Hol': '- ', 'Sta': '106 '}","{'Str': 'C ', 'Dex': '- ', 'Int': '- ', 'Fai': '- ', 'Arc': '- '}",{'Any': '- '},"{'Phy': '100 ', 'Mag': '49 ', 'Fir': '57 ', 'Lit': '31 ', 'Hol': '48 ', 'Bst': '63.25 ', 'Rst': '26 '}"
17355,Banished Knight's Shield,Standard +17 ,"{'Phy': '160 ', 'Mag': '- ', 'Fir': '- ', 'Lit': '- ', 'Hol': '- ', 'Sta': '109 '}","{'Str': 'C ', 'Dex': '- ', 'Int': '- ', 'Fai': '- ', 'Arc': '- '}",{'Any': '- '},"{'Phy': '100 ', 'Mag': '49 ', 'Fir': '57 ', 'Lit': '31 ', 'Hol': '48 ', 'Bst': '63.8 ', 'Rst': '26 '}"
17356,Banished Knight's Shield,Standard +18 ,"{'Phy': '165 ', 'Mag': '- ', 'Fir': '- ', 'Lit': '- ', 'Hol': '- ', 'Sta': '111 '}","{'Str': 'C ', 'Dex': '- ', 'Int': '- ', 'Fai': '- ', 'Arc': '- '}",{'Any': '- '},"{'Phy': '100 ', 'Mag': '49 ', 'Fir': '57 ', 'Lit': '31 ', 'Hol': '48 ', 'Bst': '64.35 ', 'Rst': '26 '}"
17357,Banished Knight's Shield,Standard +19 ,"{'Phy': '170 ', 'Mag': '- ', 'Fir': '- ', 'Lit': '- ', 'Hol': '- ', 'Sta': '114 '}","{'Str': 'C ', 'Dex': '- ', 'Int': '- ', 'Fai': '- ', 'Arc': '- '}",{'Any': '- '},"{'Phy': '100 ', 'Mag': '49 ', 'Fir': '57 ', 'Lit': '31 ', 'Hol': '48 ', 'Bst': '64.9 ', 'Rst': '26 '}"
17358,Banished Knight's Shield,Standard +20 ,"{'Phy': '174 ', 'Mag': '- ', 'Fir': '- ', 'Lit': '- ', 'Hol': '- ', 'Sta': '117 '}","{'Str': 'C ', 'Dex': '- ', 'Int': '- ', 'Fai': '- ', 'Arc': '- '}",{'Any': '- '},"{'Phy': '100 ', 'Mag': '49 ', 'Fir': '57 ', 'Lit': '31 ', 'Hol': '48 ', 'Bst': '65.45 ', 'Rst': '26 '}"
17359,Banished Knight's Shield,Standard +21 ,"{'Phy': '179 ', 'Mag': '- ', 'Fir': '- ', 'Lit': '- ', 'Hol': '- ', 'Sta': '119 '}","{'Str': 'C ', 'Dex': '- ', 'Int': '- ', 'Fai': '- ', 'Arc': '- '}",{'Any': '- '},"{'Phy': '100 ', 'Mag': '49 ', 'Fir': '57 ', 'Lit': '31 ', 'Hol': '48 ', 'Bst': '66 ', 'Rst': '26 '}"
17360,Banished Knight's Shield,Standard +22 ,"{'Phy': '184 ', 'Mag': '- ', 'Fir': '- ', 'Lit': '- ', 'Hol': '- ', 'Sta': '122 '}","{'Str': 'C ', 'Dex': '- ', 'Int': '- ', 'Fai': '- ', 'Arc': '- '}",{'Any': '- '},"{'Phy': '100 ', 'Mag': '49 ', 'Fir': '57 ', 'Lit': '31 ', 'Hol': '48 ', 'Bst': '66.55 ', 'Rst': '26 '}"
17361,Banished Knight's Shield,Standard +23 ,"{'Phy': '189 ', 'Mag': '- ', 'Fir': '- ', 'Lit': '- ', 'Hol': '- ', 'Sta': '124 '}","{'Str': 'C ', 'Dex': '- ', 'Int': '- ', 'Fai': '- ', 'Arc': '- '}",{'Any': '- '},"{'Phy': '100 ', 'Mag': '49 ', 'Fir': '57 ', 'Lit': '31 ', 'Hol': '48 ', 'Bst': '67.1 ', 'Rst': '26 '}"
17362,Banished Knight's Shield,Standard +24 ,"{'Phy': '193 ', 'Mag': '- ', 'Fir': '- ', 'Lit': '- ', 'Hol': '- ', 'Sta': '127 '}","{'Str': 'C ', 'Dex': '- ', 'Int': '- ', 'Fai': '- ', 'Arc': '- '}",{'Any': '- '},"{'Phy': '100 ', 'Mag': '49 ', 'Fir': '57 ', 'Lit': '31 ', 'Hol': '48 ', 'Bst': '67.65 ', 'Rst': '26 '}"
17363,Banished Knight's Shield,Standard +25 ,"{'Phy': '198 ', 'Mag': '- ', 'Fir': '- ', 'Lit': '- ', 'Hol': '- ', 'Sta': '130 '}","{'Str': 'C ', 'Dex': '- ', 'Int': '- ', 'Fai': '- ', 'Arc': '- '}",{'Any': '- '},"{'Phy': '100 ', 'Mag': '49 ', 'Fir': '57 ', 'Lit': '31 ', 'Hol': '48 ', 'Bst': '68.2 ', 'Rst': '26 '}"
17676,Albinauric Shield,Standard ,"{'Phy': '78 ', 'Mag': '- ', 'Fir': '- ', 'Lit': '- ', 'Hol': '- ', 'Sta': '65 '}","{'Str': 'D ', 'Dex': '- ', 'Int': '- ', 'Fai': '- ', 'Arc': '- '}",{'Any': '- '},"{'Phy': '100 ', 'Mag': '66 ', 'Fir': '42 ', 'Lit': '23 ', 'Hol': '47 ', 'Bst': '51 ', 'Rst': '23 '}"
17677,Albinauric Shield,Standard +1 ,"{'Phy': '82 ', 'Mag': '- ', 'Fir': '- ', 'Lit': '- ', 'Hol': '- ', 'Sta': '67 '}","{'Str': 'D ', 'Dex': '- ', 'Int': '- ', 'Fai': '- ', 'Arc': '- '}",{'Any': '- '},"{'Phy': '100 ', 'Mag': '66 ', 'Fir': '42 ', 'Lit': '23 ', 'Hol': '47 ', 'Bst': '51 ', 'Rst': '23 '}"
17678,Albinauric Shield,Standard +2 ,"{'Phy': '87 ', 'Mag': '- ', 'Fir': '- ', 'Lit': '- ', 'Hol': '- ', 'Sta': '70 '}","{'Str': 'D ', 'Dex': '- ', 'Int': '- ', 'Fai': '- ', 'Arc': '- '}",{'Any': '- '},"{'Phy': '100 ', 'Mag': '66 ', 'Fir': '42 ', 'Lit': '23 ', 'Hol': '47 ', 'Bst': '51.51 ', 'Rst': '23 '}"
17679,Albinauric Shield,Standard +3 ,"{'Phy': '91 ', 'Mag': '- ', 'Fir': '- ', 'Lit': '- ', 'Hol': '- ', 'Sta': '72 '}","{'Str': 'D ', 'Dex': '- ', 'Int': '- ', 'Fai': '- ', 'Arc': '- '}",{'Any': '- '},"{'Phy': '100 ', 'Mag': '66 ', 'Fir': '42 ', 'Lit': '23 ', 'Hol': '47 ', 'Bst': '52.02 ', 'Rst': '23 '}"
17680,Albinauric Shield,Standard +4 ,"{'Phy': '96 ', 'Mag': '- ', 'Fir': '- ', 'Lit': '- ', 'Hol': '- ', 'Sta': '75 '}","{'Str': 'D ', 'Dex': '- ', 'Int': '- ', 'Fai': '- ', 'Arc': '- '}",{'Any': '- '},"{'Phy': '100 ', 'Mag': '66 ', 'Fir': '42 ', 'Lit': '23 ', 'Hol': '47 ', 'Bst': '52.53 ', 'Rst': '23 '}"
17681,Albinauric Shield,Standard +5 ,"{'Phy': '100 ', 'Mag': '- ', 'Fir': '- ', 'Lit': '- ', 'Hol': '- ', 'Sta': '78 '}","{'Str': 'D ', 'Dex': '- ', 'Int': '- ', 'Fai': '- ', 'Arc': '- '}",{'Any': '- '},"{'Phy': '100 ', 'Mag': '66 ', 'Fir': '42 ', 'Lit': '23 ', 'Hol': '47 ', 'Bst': '53.04 ', 'Rst': '23 '}"
17682,Albinauric Shield,Standard +6 ,"{'Phy': '105 ', 'Mag': '- ', 'Fir': '- ', 'Lit': '- ', 'Hol': '- ', 'Sta': '80 '}","{'Str': 'D ', 'Dex': '- ', 'Int': '- ', 'Fai': '- ', 'Arc': '- '}",{'Any': '- '},"{'Phy': '100 ', 'Mag': '66 ', 'Fir': '42 ', 'Lit': '23 ', 'Hol': '47 ', 'Bst': '53.55 ', 'Rst': '23 '}"
17683,Albinauric Shield,Standard +7 ,"{'Phy': '109 ', 'Mag': '- ', 'Fir': '- ', 'Lit': '- ', 'Hol': '- ', 'Sta': '83 '}","{'Str': 'D ', 'Dex': '- ', 'Int': '- ', 'Fai': '- ', 'Arc': '- '}",{'Any': '- '},"{'Phy': '100 ', 'Mag': '66 ', 'Fir': '42 ', 'Lit': '23 ', 'Hol': '47 ', 'Bst': '54.06 ', 'Rst': '23 '}"
17684,Albinauric Shield,Standard +8 ,"{'Phy': '114 ', 'Mag': '- ', 'Fir': '- ', 'Lit': '- ', 'Hol': '- ', 'Sta': '85 '}","{'Str': 'D ', 'Dex': '- ', 'Int': '- ', 'Fai': '- ', 'Arc': '- '}",{'Any': '- '},"{'Phy': '100 ', 'Mag': '66 ', 'Fir': '42 ', 'Lit': '23 ', 'Hol': '47 ', 'Bst': '54.57 ', 'Rst': '23 '}"
17685,Albinauric Shield,Standard +9 ,"{'Phy': '118 ', 'Mag': '- ', 'Fir': '- ', 'Lit': '- ', 'Hol': '- ', 'Sta': '88 '}","{'Str': 'D ', 'Dex': '- ', 'Int': '- ', 'Fai': '- ', 'Arc': '- '}",{'Any': '- '},"{'Phy': '100 ', 'Mag': '66 ', 'Fir': '42 ', 'Lit': '23 ', 'Hol': '47 ', 'Bst': '55.08 ', 'Rst': '23 '}"
17686,Albinauric Shield,Standard +10 ,"{'Phy': '123 ', 'Mag': '- ', 'Fir': '- ', 'Lit': '- ', 'Hol': '- ', 'Sta': '91 '}","{'Str': 'D ', 'Dex': '- ', 'Int': '- ', 'Fai': '- ', 'Arc': '- '}",{'Any': '- '},"{'Phy': '100 ', 'Mag': '66 ', 'Fir': '42 ', 'Lit': '23 ', 'Hol': '47 ', 'Bst': '55.59 ', 'Rst': '23 '}"
17687,Albinauric Shield,Standard +11 ,"{'Phy': '127 ', 'Mag': '- ', 'Fir': '- ', 'Lit': '- ', 'Hol': '- ', 'Sta': '93 '}","{'Str': 'D ', 'Dex': '- ', 'Int': '- ', 'Fai': '- ', 'Arc': '- '}",{'Any': '- '},"{'Phy': '100 ', 'Mag': '66 ', 'Fir': '42 ', 'Lit': '23 ', 'Hol': '47 ', 'Bst': '56.1 ', 'Rst': '23 '}"
17688,Albinauric Shield,Standard +12 ,"{'Phy': '132 ', 'Mag': '- ', 'Fir': '- ', 'Lit': '- ', 'Hol': '- ', 'Sta': '96 '}","{'Str': 'D ', 'Dex': '- ', 'Int': '- ', 'Fai': '- ', 'Arc': '- '}",{'Any': '- '},"{'Phy': '100 ', 'Mag': '66 ', 'Fir': '42 ', 'Lit': '23 ', 'Hol': '47 ', 'Bst': '56.61 ', 'Rst': '23 '}"
17689,Albinauric Shield,Standard +13 ,"{'Phy': '136 ', 'Mag': '- ', 'Fir': '- ', 'Lit': '- ', 'Hol': '- ', 'Sta': '98 '}","{'Str': 'D ', 'Dex': '- ', 'Int': '- ', 'Fai': '- ', 'Arc': '- '}",{'Any': '- '},"{'Phy': '100 ', 'Mag': '66 ', 'Fir': '42 ', 'Lit': '23 ', 'Hol': '47 ', 'Bst': '57.12 ', 'Rst': '23 '}"
17690,Albinauric Shield,Standard +14 ,"{'Phy': '141 ', 'Mag': '- ', 'Fir': '- ', 'Lit': '- ', 'Hol': '- ', 'Sta': '101 '}","{'Str': 'C ', 'Dex': '- ', 'Int': '- ', 'Fai': '- ', 'Arc': '- '}",{'Any': '- '},"{'Phy': '100 ', 'Mag': '66 ', 'Fir': '42 ', 'Lit': '23 ', 'Hol': '47 ', 'Bst': '57.63 ', 'Rst': '23 '}"
17691,Albinauric Shield,Standard +15 ,"{'Phy': '145 ', 'Mag': '- ', 'Fir': '- ', 'Lit': '- ', 'Hol': '- ', 'Sta': '104 '}","{'Str': 'C ', 'Dex': '- ', 'Int': '- ', 'Fai': '- ', 'Arc': '- '}",{'Any': '- '},"{'Phy': '100 ', 'Mag': '66 ', 'Fir': '42 ', 'Lit': '23 ', 'Hol': '47 ', 'Bst': '58.14 ', 'Rst': '23 '}"
17692,Albinauric Shield,Standard +16 ,"{'Phy': '150 ', 'Mag': '- ', 'Fir': '- ', 'Lit': '- ', 'Hol': '- ', 'Sta': '106 '}","{'Str': 'C ', 'Dex': '- ', 'Int': '- ', 'Fai': '- ', 'Arc': '- '}",{'Any': '- '},"{'Phy': '100 ', 'Mag': '66 ', 'Fir': '42 ', 'Lit': '23 ', 'Hol': '47 ', 'Bst': '58.65 ', 'Rst': '23 '}"
17693,Albinauric Shield,Standard +17 ,"{'Phy': '154 ', 'Mag': '- ', 'Fir': '- ', 'Lit': '- ', 'Hol': '- ', 'Sta': '109 '}","{'Str': 'C ', 'Dex': '- ', 'Int': '- ', 'Fai': '- ', 'Arc': '- '}",{'Any': '- '},"{'Phy': '100 ', 'Mag': '66 ', 'Fir': '42 ', 'Lit': '23 ', 'Hol': '47 ', 'Bst': '59.16 ', 'Rst': '23 '}"
17694,Albinauric Shield,Standard +18 ,"{'Phy': '159 ', 'Mag': '- ', 'Fir': '- ', 'Lit': '- ', 'Hol': '- ', 'Sta': '111 '}","{'Str': 'C ', 'Dex': '- ', 'Int': '- ', 'Fai': '- ', 'Arc': '- '}",{'Any': '- '},"{'Phy': '100 ', 'Mag': '66 ', 'Fir': '42 ', 'Lit': '23 ', 'Hol': '47 ', 'Bst': '59.67 ', 'Rst': '23 '}"
17695,Albinauric Shield,Standard +19 ,"{'Phy': '163 ', 'Mag': '- ', 'Fir': '- ', 'Lit': '- ', 'Hol': '- ', 'Sta': '114 '}","{'Str': 'C ', 'Dex': '- ', 'Int': '- ', 'Fai': '- ', 'Arc': '- '}",{'Any': '- '},"{'Phy': '100 ', 'Mag': '66 ', 'Fir': '42 ', 'Lit': '23 ', 'Hol': '47 ', 'Bst': '60.18 ', 'Rst': '23 '}"
17696,Albinauric Shield,Standard +20 ,"{'Phy': '168 ', 'Mag': '- ', 'Fir': '- ', 'Lit': '- ', 'Hol': '- ', 'Sta': '117 '}","{'Str': 'C ', 'Dex': '- ', 'Int': '- ', 'Fai': '- ', 'Arc': '- '}",{'Any': '- '},"{'Phy': '100 ', 'Mag': '66 ', 'Fir': '42 ', 'Lit': '23 ', 'Hol': '47 ', 'Bst': '60.69 ', 'Rst': '23 '}"
17697,Albinauric Shield,Standard +21 ,"{'Phy': '173 ', 'Mag': '- ', 'Fir': '- ', 'Lit': '- ', 'Hol': '- ', 'Sta': '119 '}","{'Str': 'C ', 'Dex': '- ', 'Int': '- ', 'Fai': '- ', 'Arc': '- '}",{'Any': '- '},"{'Phy': '100 ', 'Mag': '66 ', 'Fir': '42 ', 'Lit': '23 ', 'Hol': '47 ', 'Bst': '61.2 ', 'Rst': '23 '}"
17698,Albinauric Shield,Standard +22 ,"{'Phy': '177 ', 'Mag': '- ', 'Fir': '- ', 'Lit': '- ', 'Hol': '- ', 'Sta': '122 '}","{'Str': 'C ', 'Dex': '- ', 'Int': '- ', 'Fai': '- ', 'Arc': '- '}",{'Any': '- '},"{'Phy': '100 ', 'Mag': '66 ', 'Fir': '42 ', 'Lit': '23 ', 'Hol': '47 ', 'Bst': '61.71 ', 'Rst': '23 '}"
17699,Albinauric Shield,Standard +23 ,"{'Phy': '182 ', 'Mag': '- ', 'Fir': '- ', 'Lit': '- ', 'Hol': '- ', 'Sta': '124 '}","{'Str': 'C ', 'Dex': '- ', 'Int': '- ', 'Fai': '- ', 'Arc': '- '}",{'Any': '- '},"{'Phy': '100 ', 'Mag': '66 ', 'Fir': '42 ', 'Lit': '23 ', 'Hol': '47 ', 'Bst': '62.22 ', 'Rst': '23 '}"
17700,Albinauric Shield,Standard +24 ,"{'Phy': '186 ', 'Mag': '- ', 'Fir': '- ', 'Lit': '- ', 'Hol': '- ', 'Sta': '127 '}","{'Str': 'C ', 'Dex': '- ', 'Int': '- ', 'Fai': '- ', 'Arc': '- '}",{'Any': '- '},"{'Phy': '100 ', 'Mag': '66 ', 'Fir': '42 ', 'Lit': '23 ', 'Hol': '47 ', 'Bst': '62.73 ', 'Rst': '23 '}"
17701,Albinauric Shield,Standard +25 ,"{'Phy': '191 ', 'Mag': '- ', 'Fir': '- ', 'Lit': '- ', 'Hol': '- ', 'Sta': '130 '}","{'Str': 'C ', 'Dex': '- ', 'Int': '- ', 'Fai': '- ', 'Arc': '- '}",{'Any': '- '},"{'Phy': '100 ', 'Mag': '66 ', 'Fir': '42 ', 'Lit': '23 ', 'Hol': '47 ', 'Bst': '63.24 ', 'Rst': '23 '}"
18014,Albinauric Shield,Standard ,"{'Phy': '78 ', 'Mag': '- ', 'Fir': '- ', 'Lit': '- ', 'Hol': '- ', 'Sta': '65 '}","{'Str': 'D ', 'Dex': '- ', 'Int': '- ', 'Fai': '- ', 'Arc': '- '}",{'Any': '- '},"{'Phy': '100 ', 'Mag': '66 ', 'Fir': '42 ', 'Lit': '23 ', 'Hol': '47 ', 'Bst': '51 ', 'Rst': '23 '}"
18015,Albinauric Shield,Standard +1 ,"{'Phy': '82 ', 'Mag': '- ', 'Fir': '- ', 'Lit': '- ', 'Hol': '- ', 'Sta': '67 '}","{'Str': 'D ', 'Dex': '- ', 'Int': '- ', 'Fai': '- ', 'Arc': '- '}",{'Any': '- '},"{'Phy': '100 ', 'Mag': '66 ', 'Fir': '42 ', 'Lit': '23 ', 'Hol': '47 ', 'Bst': '51 ', 'Rst': '23 '}"
18016,Albinauric Shield,Standard +2 ,"{'Phy': '87 ', 'Mag': '- ', 'Fir': '- ', 'Lit': '- ', 'Hol': '- ', 'Sta': '70 '}","{'Str': 'D ', 'Dex': '- ', 'Int': '- ', 'Fai': '- ', 'Arc': '- '}",{'Any': '- '},"{'Phy': '100 ', 'Mag': '66 ', 'Fir': '42 ', 'Lit': '23 ', 'Hol': '47 ', 'Bst': '51.51 ', 'Rst': '23 '}"
18017,Albinauric Shield,Standard +3 ,"{'Phy': '91 ', 'Mag': '- ', 'Fir': '- ', 'Lit': '- ', 'Hol': '- ', 'Sta': '72 '}","{'Str': 'D ', 'Dex': '- ', 'Int': '- ', 'Fai': '- ', 'Arc': '- '}",{'Any': '- '},"{'Phy': '100 ', 'Mag': '66 ', 'Fir': '42 ', 'Lit': '23 ', 'Hol': '47 ', 'Bst': '52.02 ', 'Rst': '23 '}"
18018,Albinauric Shield,Standard +4 ,"{'Phy': '96 ', 'Mag': '- ', 'Fir': '- ', 'Lit': '- ', 'Hol': '- ', 'Sta': '75 '}","{'Str': 'D ', 'Dex': '- ', 'Int': '- ', 'Fai': '- ', 'Arc': '- '}",{'Any': '- '},"{'Phy': '100 ', 'Mag': '66 ', 'Fir': '42 ', 'Lit': '23 ', 'Hol': '47 ', 'Bst': '52.53 ', 'Rst': '23 '}"
18019,Albinauric Shield,Standard +5 ,"{'Phy': '100 ', 'Mag': '- ', 'Fir': '- ', 'Lit': '- ', 'Hol': '- ', 'Sta': '78 '}","{'Str': 'D ', 'Dex': '- ', 'Int': '- ', 'Fai': '- ', 'Arc': '- '}",{'Any': '- '},"{'Phy': '100 ', 'Mag': '66 ', 'Fir': '42 ', 'Lit': '23 ', 'Hol': '47 ', 'Bst': '53.04 ', 'Rst': '23 '}"
18020,Albinauric Shield,Standard +6 ,"{'Phy': '105 ', 'Mag': '- ', 'Fir': '- ', 'Lit': '- ', 'Hol': '- ', 'Sta': '80 '}","{'Str': 'D ', 'Dex': '- ', 'Int': '- ', 'Fai': '- ', 'Arc': '- '}",{'Any': '- '},"{'Phy': '100 ', 'Mag': '66 ', 'Fir': '42 ', 'Lit': '23 ', 'Hol': '47 ', 'Bst': '53.55 ', 'Rst': '23 '}"
18021,Albinauric Shield,Standard +7 ,"{'Phy': '109 ', 'Mag': '- ', 'Fir': '- ', 'Lit': '- ', 'Hol': '- ', 'Sta': '83 '}","{'Str': 'D ', 'Dex': '- ', 'Int': '- ', 'Fai': '- ', 'Arc': '- '}",{'Any': '- '},"{'Phy': '100 ', 'Mag': '66 ', 'Fir': '42 ', 'Lit': '23 ', 'Hol': '47 ', 'Bst': '54.06 ', 'Rst': '23 '}"
18022,Albinauric Shield,Standard +8 ,"{'Phy': '114 ', 'Mag': '- ', 'Fir': '- ', 'Lit': '- ', 'Hol': '- ', 'Sta': '85 '}","{'Str': 'D ', 'Dex': '- ', 'Int': '- ', 'Fai': '- ', 'Arc': '- '}",{'Any': '- '},"{'Phy': '100 ', 'Mag': '66 ', 'Fir': '42 ', 'Lit': '23 ', 'Hol': '47 ', 'Bst': '54.57 ', 'Rst': '23 '}"
18023,Albinauric Shield,Standard +9 ,"{'Phy': '118 ', 'Mag': '- ', 'Fir': '- ', 'Lit': '- ', 'Hol': '- ', 'Sta': '88 '}","{'Str': 'D ', 'Dex': '- ', 'Int': '- ', 'Fai': '- ', 'Arc': '- '}",{'Any': '- '},"{'Phy': '100 ', 'Mag': '66 ', 'Fir': '42 ', 'Lit': '23 ', 'Hol': '47 ', 'Bst': '55.08 ', 'Rst': '23 '}"
18024,Albinauric Shield,Standard +10 ,"{'Phy': '123 ', 'Mag': '- ', 'Fir': '- ', 'Lit': '- ', 'Hol': '- ', 'Sta': '91 '}","{'Str': 'D ', 'Dex': '- ', 'Int': '- ', 'Fai': '- ', 'Arc': '- '}",{'Any': '- '},"{'Phy': '100 ', 'Mag': '66 ', 'Fir': '42 ', 'Lit': '23 ', 'Hol': '47 ', 'Bst': '55.59 ', 'Rst': '23 '}"
18025,Albinauric Shield,Standard +11 ,"{'Phy': '127 ', 'Mag': '- ', 'Fir': '- ', 'Lit': '- ', 'Hol': '- ', 'Sta': '93 '}","{'Str': 'D ', 'Dex': '- ', 'Int': '- ', 'Fai': '- ', 'Arc': '- '}",{'Any': '- '},"{'Phy': '100 ', 'Mag': '66 ', 'Fir': '42 ', 'Lit': '23 ', 'Hol': '47 ', 'Bst': '56.1 ', 'Rst': '23 '}"
18026,Albinauric Shield,Standard +12 ,"{'Phy': '132 ', 'Mag': '- ', 'Fir': '- ', 'Lit': '- ', 'Hol': '- ', 'Sta': '96 '}","{'Str': 'D ', 'Dex': '- ', 'Int': '- ', 'Fai': '- ', 'Arc': '- '}",{'Any': '- '},"{'Phy': '100 ', 'Mag': '66 ', 'Fir': '42 ', 'Lit': '23 ', 'Hol': '47 ', 'Bst': '56.61 ', 'Rst': '23 '}"
18027,Albinauric Shield,Standard +13 ,"{'Phy': '136 ', 'Mag': '- ', 'Fir': '- ', 'Lit': '- ', 'Hol': '- ', 'Sta': '98 '}","{'Str': 'D ', 'Dex': '- ', 'Int': '- ', 'Fai': '- ', 'Arc': '- '}",{'Any': '- '},"{'Phy': '100 ', 'Mag': '66 ', 'Fir': '42 ', 'Lit': '23 ', 'Hol': '47 ', 'Bst': '57.12 ', 'Rst': '23 '}"
18028,Albinauric Shield,Standard +14 ,"{'Phy': '141 ', 'Mag': '- ', 'Fir': '- ', 'Lit': '- ', 'Hol': '- ', 'Sta': '101 '}","{'Str': 'C ', 'Dex': '- ', 'Int': '- ', 'Fai': '- ', 'Arc': '- '}",{'Any': '- '},"{'Phy': '100 ', 'Mag': '66 ', 'Fir': '42 ', 'Lit': '23 ', 'Hol': '47 ', 'Bst': '57.63 ', 'Rst': '23 '}"
18029,Albinauric Shield,Standard +15 ,"{'Phy': '145 ', 'Mag': '- ', 'Fir': '- ', 'Lit': '- ', 'Hol': '- ', 'Sta': '104 '}","{'Str': 'C ', 'Dex': '- ', 'Int': '- ', 'Fai': '- ', 'Arc': '- '}",{'Any': '- '},"{'Phy': '100 ', 'Mag': '66 ', 'Fir': '42 ', 'Lit': '23 ', 'Hol': '47 ', 'Bst': '58.14 ', 'Rst': '23 '}"
18030,Albinauric Shield,Standard +16 ,"{'Phy': '150 ', 'Mag': '- ', 'Fir': '- ', 'Lit': '- ', 'Hol': '- ', 'Sta': '106 '}","{'Str': 'C ', 'Dex': '- ', 'Int': '- ', 'Fai': '- ', 'Arc': '- '}",{'Any': '- '},"{'Phy': '100 ', 'Mag': '66 ', 'Fir': '42 ', 'Lit': '23 ', 'Hol': '47 ', 'Bst': '58.65 ', 'Rst': '23 '}"
18031,Albinauric Shield,Standard +17 ,"{'Phy': '154 ', 'Mag': '- ', 'Fir': '- ', 'Lit': '- ', 'Hol': '- ', 'Sta': '109 '}","{'Str': 'C ', 'Dex': '- ', 'Int': '- ', 'Fai': '- ', 'Arc': '- '}",{'Any': '- '},"{'Phy': '100 ', 'Mag': '66 ', 'Fir': '42 ', 'Lit': '23 ', 'Hol': '47 ', 'Bst': '59.16 ', 'Rst': '23 '}"
18032,Albinauric Shield,Standard +18 ,"{'Phy': '159 ', 'Mag': '- ', 'Fir': '- ', 'Lit': '- ', 'Hol': '- ', 'Sta': '111 '}","{'Str': 'C ', 'Dex': '- ', 'Int': '- ', 'Fai': '- ', 'Arc': '- '}",{'Any': '- '},"{'Phy': '100 ', 'Mag': '66 ', 'Fir': '42 ', 'Lit': '23 ', 'Hol': '47 ', 'Bst': '59.67 ', 'Rst': '23 '}"
18033,Albinauric Shield,Standard +19 ,"{'Phy': '163 ', 'Mag': '- ', 'Fir': '- ', 'Lit': '- ', 'Hol': '- ', 'Sta': '114 '}","{'Str': 'C ', 'Dex': '- ', 'Int': '- ', 'Fai': '- ', 'Arc': '- '}",{'Any': '- '},"{'Phy': '100 ', 'Mag': '66 ', 'Fir': '42 ', 'Lit': '23 ', 'Hol': '47 ', 'Bst': '60.18 ', 'Rst': '23 '}"
18034,Albinauric Shield,Standard +20 ,"{'Phy': '168 ', 'Mag': '- ', 'Fir': '- ', 'Lit': '- ', 'Hol': '- ', 'Sta': '117 '}","{'Str': 'C ', 'Dex': '- ', 'Int': '- ', 'Fai': '- ', 'Arc': '- '}",{'Any': '- '},"{'Phy': '100 ', 'Mag': '66 ', 'Fir': '42 ', 'Lit': '23 ', 'Hol': '47 ', 'Bst': '60.69 ', 'Rst': '23 '}"
18035,Albinauric Shield,Standard +21 ,"{'Phy': '173 ', 'Mag': '- ', 'Fir': '- ', 'Lit': '- ', 'Hol': '- ', 'Sta': '119 '}","{'Str': 'C ', 'Dex': '- ', 'Int': '- ', 'Fai': '- ', 'Arc': '- '}",{'Any': '- '},"{'Phy': '100 ', 'Mag': '66 ', 'Fir': '42 ', 'Lit': '23 ', 'Hol': '47 ', 'Bst': '61.2 ', 'Rst': '23 '}"
18036,Albinauric Shield,Standard +22 ,"{'Phy': '177 ', 'Mag': '- ', 'Fir': '- ', 'Lit': '- ', 'Hol': '- ', 'Sta': '122 '}","{'Str': 'C ', 'Dex': '- ', 'Int': '- ', 'Fai': '- ', 'Arc': '- '}",{'Any': '- '},"{'Phy': '100 ', 'Mag': '66 ', 'Fir': '42 ', 'Lit': '23 ', 'Hol': '47 ', 'Bst': '61.71 ', 'Rst': '23 '}"
18037,Albinauric Shield,Standard +23 ,"{'Phy': '182 ', 'Mag': '- ', 'Fir': '- ', 'Lit': '- ', 'Hol': '- ', 'Sta': '124 '}","{'Str': 'C ', 'Dex': '- ', 'Int': '- ', 'Fai': '- ', 'Arc': '- '}",{'Any': '- '},"{'Phy': '100 ', 'Mag': '66 ', 'Fir': '42 ', 'Lit': '23 ', 'Hol': '47 ', 'Bst': '62.22 ', 'Rst': '23 '}"
18038,Albinauric Shield,Standard +24 ,"{'Phy': '186 ', 'Mag': '- ', 'Fir': '- ', 'Lit': '- ', 'Hol': '- ', 'Sta': '127 '}","{'Str': 'C ', 'Dex': '- ', 'Int': '- ', 'Fai': '- ', 'Arc': '- '}",{'Any': '- '},"{'Phy': '100 ', 'Mag': '66 ', 'Fir': '42 ', 'Lit': '23 ', 'Hol': '47 ', 'Bst': '62.73 ', 'Rst': '23 '}"
18039,Albinauric Shield,Standard +25 ,"{'Phy': '191 ', 'Mag': '- ', 'Fir': '- ', 'Lit': '- ', 'Hol': '- ', 'Sta': '130 '}","{'Str': 'C ', 'Dex': '- ', 'Int': '- ', 'Fai': '- ', 'Arc': '- '}",{'Any': '- '},"{'Phy': '100 ', 'Mag': '66 ', 'Fir': '42 ', 'Lit': '23 ', 'Hol': '47 ', 'Bst': '63.24 ', 'Rst': '23 '}"
18352,Beastman's Jar-Shield,Standard ,"{'Phy': '71 ', 'Mag': '- ', 'Fir': '- ', 'Lit': '- ', 'Hol': '- ', 'Sta': '68 '}","{'Str': 'E ', 'Dex': '- ', 'Int': '- ', 'Fai': '- ', 'Arc': '- '}",{'Any': '- '},"{'Phy': '95 ', 'Mag': '30 ', 'Fir': '55 ', 'Lit': '60 ', 'Hol': '55 ', 'Bst': '50 ', 'Rst': '25 '}"
18353,Beastman's Jar-Shield,Standard +1 ,"{'Phy': '75 ', 'Mag': '- ', 'Fir': '- ', 'Lit': '- ', 'Hol': '- ', 'Sta': '70 '}","{'Str': 'E ', 'Dex': '- ', 'Int': '- ', 'Fai': '- ', 'Arc': '- '}",{'Any': '- '},"{'Phy': '95 ', 'Mag': '30 ', 'Fir': '55 ', 'Lit': '60 ', 'Hol': '55 ', 'Bst': '50 ', 'Rst': '25 '}"
18354,Beastman's Jar-Shield,Standard +2 ,"{'Phy': '79 ', 'Mag': '- ', 'Fir': '- ', 'Lit': '- ', 'Hol': '- ', 'Sta': '73 '}","{'Str': 'D ', 'Dex': '- ', 'Int': '- ', 'Fai': '- ', 'Arc': '- '}",{'Any': '- '},"{'Phy': '95 ', 'Mag': '30 ', 'Fir': '55 ', 'Lit': '60 ', 'Hol': '55 ', 'Bst': '50.5 ', 'Rst': '25 '}"
18355,Beastman's Jar-Shield,Standard +3 ,"{'Phy': '83 ', 'Mag': '- ', 'Fir': '- ', 'Lit': '- ', 'Hol': '- ', 'Sta': '76 '}","{'Str': 'D ', 'Dex': '- ', 'Int': '- ', 'Fai': '- ', 'Arc': '- '}",{'Any': '- '},"{'Phy': '95 ', 'Mag': '30 ', 'Fir': '55 ', 'Lit': '60 ', 'Hol': '55 ', 'Bst': '51 ', 'Rst': '25 '}"
18356,Beastman's Jar-Shield,Standard +4 ,"{'Phy': '87 ', 'Mag': '- ', 'Fir': '- ', 'Lit': '- ', 'Hol': '- ', 'Sta': '78 '}","{'Str': 'D ', 'Dex': '- ', 'Int': '- ', 'Fai': '- ', 'Arc': '- '}",{'Any': '- '},"{'Phy': '95 ', 'Mag': '30 ', 'Fir': '55 ', 'Lit': '60 ', 'Hol': '55 ', 'Bst': '51.5 ', 'Rst': '25 '}"
18357,Beastman's Jar-Shield,Standard +5 ,"{'Phy': '91 ', 'Mag': '- ', 'Fir': '- ', 'Lit': '- ', 'Hol': '- ', 'Sta': '81 '}","{'Str': 'D ', 'Dex': '- ', 'Int': '- ', 'Fai': '- ', 'Arc': '- '}",{'Any': '- '},"{'Phy': '95 ', 'Mag': '30 ', 'Fir': '55 ', 'Lit': '60 ', 'Hol': '55 ', 'Bst': '52 ', 'Rst': '25 '}"
18358,Beastman's Jar-Shield,Standard +6 ,"{'Phy': '95 ', 'Mag': '- ', 'Fir': '- ', 'Lit': '- ', 'Hol': '- ', 'Sta': '84 '}","{'Str': 'D ', 'Dex': '- ', 'Int': '- ', 'Fai': '- ', 'Arc': '- '}",{'Any': '- '},"{'Phy': '95 ', 'Mag': '30 ', 'Fir': '55 ', 'Lit': '60 ', 'Hol': '55 ', 'Bst': '52.5 ', 'Rst': '25 '}"
18359,Beastman's Jar-Shield,Standard +7 ,"{'Phy': '99 ', 'Mag': '- ', 'Fir': '- ', 'Lit': '- ', 'Hol': '- ', 'Sta': '87 '}","{'Str': 'D ', 'Dex': '- ', 'Int': '- ', 'Fai': '- ', 'Arc': '- '}",{'Any': '- '},"{'Phy': '95 ', 'Mag': '30 ', 'Fir': '55 ', 'Lit': '60 ', 'Hol': '55 ', 'Bst': '53 ', 'Rst': '25 '}"
18360,Beastman's Jar-Shield,Standard +8 ,"{'Phy': '103 ', 'Mag': '- ', 'Fir': '- ', 'Lit': '- ', 'Hol': '- ', 'Sta': '89 '}","{'Str': 'D ', 'Dex': '- ', 'Int': '- ', 'Fai': '- ', 'Arc': '- '}",{'Any': '- '},"{'Phy': '95 ', 'Mag': '30 ', 'Fir': '55 ', 'Lit': '60 ', 'Hol': '55 ', 'Bst': '53.5 ', 'Rst': '25 '}"
18361,Beastman's Jar-Shield,Standard +9 ,"{'Phy': '108 ', 'Mag': '- ', 'Fir': '- ', 'Lit': '- ', 'Hol': '- ', 'Sta': '92 '}","{'Str': 'D ', 'Dex': '- ', 'Int': '- ', 'Fai': '- ', 'Arc': '- '}",{'Any': '- '},"{'Phy': '95 ', 'Mag': '30 ', 'Fir': '55 ', 'Lit': '60 ', 'Hol': '55 ', 'Bst': '54 ', 'Rst': '25 '}"
18362,Beastman's Jar-Shield,Standard +10 ,"{'Phy': '112 ', 'Mag': '- ', 'Fir': '- ', 'Lit': '- ', 'Hol': '- ', 'Sta': '95 '}","{'Str': 'D ', 'Dex': '- ', 'Int': '- ', 'Fai': '- ', 'Arc': '- '}",{'Any': '- '},"{'Phy': '95 ', 'Mag': '30 ', 'Fir': '55 ', 'Lit': '60 ', 'Hol': '55 ', 'Bst': '54.5 ', 'Rst': '25 '}"
18363,Beastman's Jar-Shield,Standard +11 ,"{'Phy': '116 ', 'Mag': '- ', 'Fir': '- ', 'Lit': '- ', 'Hol': '- ', 'Sta': '97 '}","{'Str': 'D ', 'Dex': '- ', 'Int': '- ', 'Fai': '- ', 'Arc': '- '}",{'Any': '- '},"{'Phy': '95 ', 'Mag': '30 ', 'Fir': '55 ', 'Lit': '60 ', 'Hol': '55 ', 'Bst': '55 ', 'Rst': '25 '}"
18364,Beastman's Jar-Shield,Standard +12 ,"{'Phy': '120 ', 'Mag': '- ', 'Fir': '- ', 'Lit': '- ', 'Hol': '- ', 'Sta': '100 '}","{'Str': 'D ', 'Dex': '- ', 'Int': '- ', 'Fai': '- ', 'Arc': '- '}",{'Any': '- '},"{'Phy': '95 ', 'Mag': '30 ', 'Fir': '55 ', 'Lit': '60 ', 'Hol': '55 ', 'Bst': '55.5 ', 'Rst': '25 '}"
18365,Beastman's Jar-Shield,Standard +13 ,"{'Phy': '124 ', 'Mag': '- ', 'Fir': '- ', 'Lit': '- ', 'Hol': '- ', 'Sta': '103 '}","{'Str': 'D ', 'Dex': '- ', 'Int': '- ', 'Fai': '- ', 'Arc': '- '}",{'Any': '- '},"{'Phy': '95 ', 'Mag': '30 ', 'Fir': '55 ', 'Lit': '60 ', 'Hol': '55 ', 'Bst': '56 ', 'Rst': '25 '}"
18366,Beastman's Jar-Shield,Standard +14 ,"{'Phy': '128 ', 'Mag': '- ', 'Fir': '- ', 'Lit': '- ', 'Hol': '- ', 'Sta': '106 '}","{'Str': 'D ', 'Dex': '- ', 'Int': '- ', 'Fai': '- ', 'Arc': '- '}",{'Any': '- '},"{'Phy': '95 ', 'Mag': '30 ', 'Fir': '55 ', 'Lit': '60 ', 'Hol': '55 ', 'Bst': '56.5 ', 'Rst': '25 '}"
18367,Beastman's Jar-Shield,Standard +15 ,"{'Phy': '132 ', 'Mag': '- ', 'Fir': '- ', 'Lit': '- ', 'Hol': '- ', 'Sta': '108 '}","{'Str': 'D ', 'Dex': '- ', 'Int': '- ', 'Fai': '- ', 'Arc': '- '}",{'Any': '- '},"{'Phy': '95 ', 'Mag': '30 ', 'Fir': '55 ', 'Lit': '60 ', 'Hol': '55 ', 'Bst': '57 ', 'Rst': '25 '}"
18368,Beastman's Jar-Shield,Standard +16 ,"{'Phy': '136 ', 'Mag': '- ', 'Fir': '- ', 'Lit': '- ', 'Hol': '- ', 'Sta': '111 '}","{'Str': 'D ', 'Dex': '- ', 'Int': '- ', 'Fai': '- ', 'Arc': '- '}",{'Any': '- '},"{'Phy': '95 ', 'Mag': '30 ', 'Fir': '55 ', 'Lit': '60 ', 'Hol': '55 ', 'Bst': '57.5 ', 'Rst': '25 '}"
18369,Beastman's Jar-Shield,Standard +17 ,"{'Phy': '141 ', 'Mag': '- ', 'Fir': '- ', 'Lit': '- ', 'Hol': '- ', 'Sta': '114 '}","{'Str': 'D ', 'Dex': '- ', 'Int': '- ', 'Fai': '- ', 'Arc': '- '}",{'Any': '- '},"{'Phy': '95 ', 'Mag': '30 ', 'Fir': '55 ', 'Lit': '60 ', 'Hol': '55 ', 'Bst': '58 ', 'Rst': '25 '}"
18370,Beastman's Jar-Shield,Standard +18 ,"{'Phy': '145 ', 'Mag': '- ', 'Fir': '- ', 'Lit': '- ', 'Hol': '- ', 'Sta': '116 '}","{'Str': 'D ', 'Dex': '- ', 'Int': '- ', 'Fai': '- ', 'Arc': '- '}",{'Any': '- '},"{'Phy': '95 ', 'Mag': '30 ', 'Fir': '55 ', 'Lit': '60 ', 'Hol': '55 ', 'Bst': '58.5 ', 'Rst': '25 '}"
18371,Beastman's Jar-Shield,Standard +19 ,"{'Phy': '149 ', 'Mag': '- ', 'Fir': '- ', 'Lit': '- ', 'Hol': '- ', 'Sta': '119 '}","{'Str': 'D ', 'Dex': '- ', 'Int': '- ', 'Fai': '- ', 'Arc': '- '}",{'Any': '- '},"{'Phy': '95 ', 'Mag': '30 ', 'Fir': '55 ', 'Lit': '60 ', 'Hol': '55 ', 'Bst': '59 ', 'Rst': '25 '}"
18372,Beastman's Jar-Shield,Standard +20 ,"{'Phy': '153 ', 'Mag': '- ', 'Fir': '- ', 'Lit': '- ', 'Hol': '- ', 'Sta': '122 '}","{'Str': 'D ', 'Dex': '- ', 'Int': '- ', 'Fai': '- ', 'Arc': '- '}",{'Any': '- '},"{'Phy': '95 ', 'Mag': '30 ', 'Fir': '55 ', 'Lit': '60 ', 'Hol': '55 ', 'Bst': '59.5 ', 'Rst': '25 '}"
18373,Beastman's Jar-Shield,Standard +21 ,"{'Phy': '157 ', 'Mag': '- ', 'Fir': '- ', 'Lit': '- ', 'Hol': '- ', 'Sta': '125 '}","{'Str': 'D ', 'Dex': '- ', 'Int': '- ', 'Fai': '- ', 'Arc': '- '}",{'Any': '- '},"{'Phy': '95 ', 'Mag': '30 ', 'Fir': '55 ', 'Lit': '60 ', 'Hol': '55 ', 'Bst': '60 ', 'Rst': '25 '}"
18374,Beastman's Jar-Shield,Standard +22 ,"{'Phy': '161 ', 'Mag': '- ', 'Fir': '- ', 'Lit': '- ', 'Hol': '- ', 'Sta': '127 '}","{'Str': 'D ', 'Dex': '- ', 'Int': '- ', 'Fai': '- ', 'Arc': '- '}",{'Any': '- '},"{'Phy': '95 ', 'Mag': '30 ', 'Fir': '55 ', 'Lit': '60 ', 'Hol': '55 ', 'Bst': '60.5 ', 'Rst': '25 '}"
18375,Beastman's Jar-Shield,Standard +23 ,"{'Phy': '165 ', 'Mag': '- ', 'Fir': '- ', 'Lit': '- ', 'Hol': '- ', 'Sta': '130 '}","{'Str': 'D ', 'Dex': '- ', 'Int': '- ', 'Fai': '- ', 'Arc': '- '}",{'Any': '- '},"{'Phy': '95 ', 'Mag': '30 ', 'Fir': '55 ', 'Lit': '60 ', 'Hol': '55 ', 'Bst': '61 ', 'Rst': '25 '}"
18376,Beastman's Jar-Shield,Standard +24 ,"{'Phy': '169 ', 'Mag': '- ', 'Fir': '- ', 'Lit': '- ', 'Hol': '- ', 'Sta': '133 '}","{'Str': 'D ', 'Dex': '- ', 'Int': '- ', 'Fai': '- ', 'Arc': '- '}",{'Any': '- '},"{'Phy': '95 ', 'Mag': '30 ', 'Fir': '55 ', 'Lit': '60 ', 'Hol': '55 ', 'Bst': '61.5 ', 'Rst': '25 '}"
18377,Beastman's Jar-Shield,Standard +25 ,"{'Phy': '173 ', 'Mag': '- ', 'Fir': '- ', 'Lit': '- ', 'Hol': '- ', 'Sta': '136 '}","{'Str': 'D ', 'Dex': '- ', 'Int': '- ', 'Fai': '- ', 'Arc': '- '}",{'Any': '- '},"{'Phy': '95 ', 'Mag': '30 ', 'Fir': '55 ', 'Lit': '60 ', 'Hol': '55 ', 'Bst': '62 ', 'Rst': '25 '}"
18690,Beastman's Jar-Shield,Standard ,"{'Phy': '71 ', 'Mag': '- ', 'Fir': '- ', 'Lit': '- ', 'Hol': '- ', 'Sta': '68 '}","{'Str': 'E ', 'Dex': '- ', 'Int': '- ', 'Fai': '- ', 'Arc': '- '}",{'Any': '- '},"{'Phy': '95 ', 'Mag': '30 ', 'Fir': '55 ', 'Lit': '60 ', 'Hol': '55 ', 'Bst': '50 ', 'Rst': '25 '}"
18691,Beastman's Jar-Shield,Standard +1 ,"{'Phy': '75 ', 'Mag': '- ', 'Fir': '- ', 'Lit': '- ', 'Hol': '- ', 'Sta': '70 '}","{'Str': 'E ', 'Dex': '- ', 'Int': '- ', 'Fai': '- ', 'Arc': '- '}",{'Any': '- '},"{'Phy': '95 ', 'Mag': '30 ', 'Fir': '55 ', 'Lit': '60 ', 'Hol': '55 ', 'Bst': '50 ', 'Rst': '25 '}"
18692,Beastman's Jar-Shield,Standard +2 ,"{'Phy': '79 ', 'Mag': '- ', 'Fir': '- ', 'Lit': '- ', 'Hol': '- ', 'Sta': '73 '}","{'Str': 'D ', 'Dex': '- ', 'Int': '- ', 'Fai': '- ', 'Arc': '- '}",{'Any': '- '},"{'Phy': '95 ', 'Mag': '30 ', 'Fir': '55 ', 'Lit': '60 ', 'Hol': '55 ', 'Bst': '50.5 ', 'Rst': '25 '}"
18693,Beastman's Jar-Shield,Standard +3 ,"{'Phy': '83 ', 'Mag': '- ', 'Fir': '- ', 'Lit': '- ', 'Hol': '- ', 'Sta': '76 '}","{'Str': 'D ', 'Dex': '- ', 'Int': '- ', 'Fai': '- ', 'Arc': '- '}",{'Any': '- '},"{'Phy': '95 ', 'Mag': '30 ', 'Fir': '55 ', 'Lit': '60 ', 'Hol': '55 ', 'Bst': '51 ', 'Rst': '25 '}"
18694,Beastman's Jar-Shield,Standard +4 ,"{'Phy': '87 ', 'Mag': '- ', 'Fir': '- ', 'Lit': '- ', 'Hol': '- ', 'Sta': '78 '}","{'Str': 'D ', 'Dex': '- ', 'Int': '- ', 'Fai': '- ', 'Arc': '- '}",{'Any': '- '},"{'Phy': '95 ', 'Mag': '30 ', 'Fir': '55 ', 'Lit': '60 ', 'Hol': '55 ', 'Bst': '51.5 ', 'Rst': '25 '}"
18695,Beastman's Jar-Shield,Standard +5 ,"{'Phy': '91 ', 'Mag': '- ', 'Fir': '- ', 'Lit': '- ', 'Hol': '- ', 'Sta': '81 '}","{'Str': 'D ', 'Dex': '- ', 'Int': '- ', 'Fai': '- ', 'Arc': '- '}",{'Any': '- '},"{'Phy': '95 ', 'Mag': '30 ', 'Fir': '55 ', 'Lit': '60 ', 'Hol': '55 ', 'Bst': '52 ', 'Rst': '25 '}"
18696,Beastman's Jar-Shield,Standard +6 ,"{'Phy': '95 ', 'Mag': '- ', 'Fir': '- ', 'Lit': '- ', 'Hol': '- ', 'Sta': '84 '}","{'Str': 'D ', 'Dex': '- ', 'Int': '- ', 'Fai': '- ', 'Arc': '- '}",{'Any': '- '},"{'Phy': '95 ', 'Mag': '30 ', 'Fir': '55 ', 'Lit': '60 ', 'Hol': '55 ', 'Bst': '52.5 ', 'Rst': '25 '}"
18697,Beastman's Jar-Shield,Standard +7 ,"{'Phy': '99 ', 'Mag': '- ', 'Fir': '- ', 'Lit': '- ', 'Hol': '- ', 'Sta': '87 '}","{'Str': 'D ', 'Dex': '- ', 'Int': '- ', 'Fai': '- ', 'Arc': '- '}",{'Any': '- '},"{'Phy': '95 ', 'Mag': '30 ', 'Fir': '55 ', 'Lit': '60 ', 'Hol': '55 ', 'Bst': '53 ', 'Rst': '25 '}"
18698,Beastman's Jar-Shield,Standard +8 ,"{'Phy': '103 ', 'Mag': '- ', 'Fir': '- ', 'Lit': '- ', 'Hol': '- ', 'Sta': '89 '}","{'Str': 'D ', 'Dex': '- ', 'Int': '- ', 'Fai': '- ', 'Arc': '- '}",{'Any': '- '},"{'Phy': '95 ', 'Mag': '30 ', 'Fir': '55 ', 'Lit': '60 ', 'Hol': '55 ', 'Bst': '53.5 ', 'Rst': '25 '}"
18699,Beastman's Jar-Shield,Standard +9 ,"{'Phy': '108 ', 'Mag': '- ', 'Fir': '- ', 'Lit': '- ', 'Hol': '- ', 'Sta': '92 '}","{'Str': 'D ', 'Dex': '- ', 'Int': '- ', 'Fai': '- ', 'Arc': '- '}",{'Any': '- '},"{'Phy': '95 ', 'Mag': '30 ', 'Fir': '55 ', 'Lit': '60 ', 'Hol': '55 ', 'Bst': '54 ', 'Rst': '25 '}"
18700,Beastman's Jar-Shield,Standard +10 ,"{'Phy': '112 ', 'Mag': '- ', 'Fir': '- ', 'Lit': '- ', 'Hol': '- ', 'Sta': '95 '}","{'Str': 'D ', 'Dex': '- ', 'Int': '- ', 'Fai': '- ', 'Arc': '- '}",{'Any': '- '},"{'Phy': '95 ', 'Mag': '30 ', 'Fir': '55 ', 'Lit': '60 ', 'Hol': '55 ', 'Bst': '54.5 ', 'Rst': '25 '}"
18701,Beastman's Jar-Shield,Standard +11 ,"{'Phy': '116 ', 'Mag': '- ', 'Fir': '- ', 'Lit': '- ', 'Hol': '- ', 'Sta': '97 '}","{'Str': 'D ', 'Dex': '- ', 'Int': '- ', 'Fai': '- ', 'Arc': '- '}",{'Any': '- '},"{'Phy': '95 ', 'Mag': '30 ', 'Fir': '55 ', 'Lit': '60 ', 'Hol': '55 ', 'Bst': '55 ', 'Rst': '25 '}"
18702,Beastman's Jar-Shield,Standard +12 ,"{'Phy': '120 ', 'Mag': '- ', 'Fir': '- ', 'Lit': '- ', 'Hol': '- ', 'Sta': '100 '}","{'Str': 'D ', 'Dex': '- ', 'Int': '- ', 'Fai': '- ', 'Arc': '- '}",{'Any': '- '},"{'Phy': '95 ', 'Mag': '30 ', 'Fir': '55 ', 'Lit': '60 ', 'Hol': '55 ', 'Bst': '55.5 ', 'Rst': '25 '}"
18703,Beastman's Jar-Shield,Standard +13 ,"{'Phy': '124 ', 'Mag': '- ', 'Fir': '- ', 'Lit': '- ', 'Hol': '- ', 'Sta': '103 '}","{'Str': 'D ', 'Dex': '- ', 'Int': '- ', 'Fai': '- ', 'Arc': '- '}",{'Any': '- '},"{'Phy': '95 ', 'Mag': '30 ', 'Fir': '55 ', 'Lit': '60 ', 'Hol': '55 ', 'Bst': '56 ', 'Rst': '25 '}"
18704,Beastman's Jar-Shield,Standard +14 ,"{'Phy': '128 ', 'Mag': '- ', 'Fir': '- ', 'Lit': '- ', 'Hol': '- ', 'Sta': '106 '}","{'Str': 'D ', 'Dex': '- ', 'Int': '- ', 'Fai': '- ', 'Arc': '- '}",{'Any': '- '},"{'Phy': '95 ', 'Mag': '30 ', 'Fir': '55 ', 'Lit': '60 ', 'Hol': '55 ', 'Bst': '56.5 ', 'Rst': '25 '}"
18705,Beastman's Jar-Shield,Standard +15 ,"{'Phy': '132 ', 'Mag': '- ', 'Fir': '- ', 'Lit': '- ', 'Hol': '- ', 'Sta': '108 '}","{'Str': 'D ', 'Dex': '- ', 'Int': '- ', 'Fai': '- ', 'Arc': '- '}",{'Any': '- '},"{'Phy': '95 ', 'Mag': '30 ', 'Fir': '55 ', 'Lit': '60 ', 'Hol': '55 ', 'Bst': '57 ', 'Rst': '25 '}"
18706,Beastman's Jar-Shield,Standard +16 ,"{'Phy': '136 ', 'Mag': '- ', 'Fir': '- ', 'Lit': '- ', 'Hol': '- ', 'Sta': '111 '}","{'Str': 'D ', 'Dex': '- ', 'Int': '- ', 'Fai': '- ', 'Arc': '- '}",{'Any': '- '},"{'Phy': '95 ', 'Mag': '30 ', 'Fir': '55 ', 'Lit': '60 ', 'Hol': '55 ', 'Bst': '57.5 ', 'Rst': '25 '}"
18707,Beastman's Jar-Shield,Standard +17 ,"{'Phy': '141 ', 'Mag': '- ', 'Fir': '- ', 'Lit': '- ', 'Hol': '- ', 'Sta': '114 '}","{'Str': 'D ', 'Dex': '- ', 'Int': '- ', 'Fai': '- ', 'Arc': '- '}",{'Any': '- '},"{'Phy': '95 ', 'Mag': '30 ', 'Fir': '55 ', 'Lit': '60 ', 'Hol': '55 ', 'Bst': '58 ', 'Rst': '25 '}"
18708,Beastman's Jar-Shield,Standard +18 ,"{'Phy': '145 ', 'Mag': '- ', 'Fir': '- ', 'Lit': '- ', 'Hol': '- ', 'Sta': '116 '}","{'Str': 'D ', 'Dex': '- ', 'Int': '- ', 'Fai': '- ', 'Arc': '- '}",{'Any': '- '},"{'Phy': '95 ', 'Mag': '30 ', 'Fir': '55 ', 'Lit': '60 ', 'Hol': '55 ', 'Bst': '58.5 ', 'Rst': '25 '}"
18709,Beastman's Jar-Shield,Standard +19 ,"{'Phy': '149 ', 'Mag': '- ', 'Fir': '- ', 'Lit': '- ', 'Hol': '- ', 'Sta': '119 '}","{'Str': 'D ', 'Dex': '- ', 'Int': '- ', 'Fai': '- ', 'Arc': '- '}",{'Any': '- '},"{'Phy': '95 ', 'Mag': '30 ', 'Fir': '55 ', 'Lit': '60 ', 'Hol': '55 ', 'Bst': '59 ', 'Rst': '25 '}"
18710,Beastman's Jar-Shield,Standard +20 ,"{'Phy': '153 ', 'Mag': '- ', 'Fir': '- ', 'Lit': '- ', 'Hol': '- ', 'Sta': '122 '}","{'Str': 'D ', 'Dex': '- ', 'Int': '- ', 'Fai': '- ', 'Arc': '- '}",{'Any': '- '},"{'Phy': '95 ', 'Mag': '30 ', 'Fir': '55 ', 'Lit': '60 ', 'Hol': '55 ', 'Bst': '59.5 ', 'Rst': '25 '}"
18711,Beastman's Jar-Shield,Standard +21 ,"{'Phy': '157 ', 'Mag': '- ', 'Fir': '- ', 'Lit': '- ', 'Hol': '- ', 'Sta': '125 '}","{'Str': 'D ', 'Dex': '- ', 'Int': '- ', 'Fai': '- ', 'Arc': '- '}",{'Any': '- '},"{'Phy': '95 ', 'Mag': '30 ', 'Fir': '55 ', 'Lit': '60 ', 'Hol': '55 ', 'Bst': '60 ', 'Rst': '25 '}"
18712,Beastman's Jar-Shield,Standard +22 ,"{'Phy': '161 ', 'Mag': '- ', 'Fir': '- ', 'Lit': '- ', 'Hol': '- ', 'Sta': '127 '}","{'Str': 'D ', 'Dex': '- ', 'Int': '- ', 'Fai': '- ', 'Arc': '- '}",{'Any': '- '},"{'Phy': '95 ', 'Mag': '30 ', 'Fir': '55 ', 'Lit': '60 ', 'Hol': '55 ', 'Bst': '60.5 ', 'Rst': '25 '}"
18713,Beastman's Jar-Shield,Standard +23 ,"{'Phy': '165 ', 'Mag': '- ', 'Fir': '- ', 'Lit': '- ', 'Hol': '- ', 'Sta': '130 '}","{'Str': 'D ', 'Dex': '- ', 'Int': '- ', 'Fai': '- ', 'Arc': '- '}",{'Any': '- '},"{'Phy': '95 ', 'Mag': '30 ', 'Fir': '55 ', 'Lit': '60 ', 'Hol': '55 ', 'Bst': '61 ', 'Rst': '25 '}"
18714,Beastman's Jar-Shield,Standard +24 ,"{'Phy': '169 ', 'Mag': '- ', 'Fir': '- ', 'Lit': '- ', 'Hol': '- ', 'Sta': '133 '}","{'Str': 'D ', 'Dex': '- ', 'Int': '- ', 'Fai': '- ', 'Arc': '- '}",{'Any': '- '},"{'Phy': '95 ', 'Mag': '30 ', 'Fir': '55 ', 'Lit': '60 ', 'Hol': '55 ', 'Bst': '61.5 ', 'Rst': '25 '}"
18715,Beastman's Jar-Shield,Standard +25 ,"{'Phy': '173 ', 'Mag': '- ', 'Fir': '- ', 'Lit': '- ', 'Hol': '- ', 'Sta': '136 '}","{'Str': 'D ', 'Dex': '- ', 'Int': '- ', 'Fai': '- ', 'Arc': '- '}",{'Any': '- '},"{'Phy': '95 ', 'Mag': '30 ', 'Fir': '55 ', 'Lit': '60 ', 'Hol': '55 ', 'Bst': '62 ', 'Rst': '25 '}"
19028,Carian Knight's Shield,Standard ,"{'Phy': '63 ', 'Mag': '40 ', 'Fir': '- ', 'Lit': '- ', 'Hol': '- ', 'Sta': '65 '}","{'Str': 'D ', 'Dex': '- ', 'Int': 'D ', 'Fai': '- ', 'Arc': '- '}",{'Any': '- '},"{'Phy': '100 ', 'Mag': '71 ', 'Fir': '28 ', 'Lit': '19 ', 'Hol': '54 ', 'Bst': '49 ', 'Rst': '23 '}"
19029,Carian Knight's Shield,Standard +1 ,"{'Phy': '66 ', 'Mag': '42 ', 'Fir': '- ', 'Lit': '- ', 'Hol': '- ', 'Sta': '67 '}","{'Str': 'D ', 'Dex': '- ', 'Int': 'D ', 'Fai': '- ', 'Arc': '- '}",{'Any': '- '},"{'Phy': '100 ', 'Mag': '71 ', 'Fir': '28 ', 'Lit': '19 ', 'Hol': '54 ', 'Bst': '49 ', 'Rst': '23 '}"
19030,Carian Knight's Shield,Standard +2 ,"{'Phy': '70 ', 'Mag': '44 ', 'Fir': '- ', 'Lit': '- ', 'Hol': '- ', 'Sta': '70 '}","{'Str': 'D ', 'Dex': '- ', 'Int': 'D ', 'Fai': '- ', 'Arc': '- '}",{'Any': '- '},"{'Phy': '100 ', 'Mag': '71 ', 'Fir': '28 ', 'Lit': '19 ', 'Hol': '54 ', 'Bst': '49.49 ', 'Rst': '23 '}"
19031,Carian Knight's Shield,Standard +3 ,"{'Phy': '73 ', 'Mag': '46 ', 'Fir': '- ', 'Lit': '- ', 'Hol': '- ', 'Sta': '72 '}","{'Str': 'D ', 'Dex': '- ', 'Int': 'D ', 'Fai': '- ', 'Arc': '- '}",{'Any': '- '},"{'Phy': '100 ', 'Mag': '71 ', 'Fir': '28 ', 'Lit': '19 ', 'Hol': '54 ', 'Bst': '49.98 ', 'Rst': '23 '}"
19032,Carian Knight's Shield,Standard +4 ,"{'Phy': '77 ', 'Mag': '49 ', 'Fir': '- ', 'Lit': '- ', 'Hol': '- ', 'Sta': '75 '}","{'Str': 'D ', 'Dex': '- ', 'Int': 'D ', 'Fai': '- ', 'Arc': '- '}",{'Any': '- '},"{'Phy': '100 ', 'Mag': '71 ', 'Fir': '28 ', 'Lit': '19 ', 'Hol': '54 ', 'Bst': '50.47 ', 'Rst': '23 '}"
19033,Carian Knight's Shield,Standard +5 ,"{'Phy': '81 ', 'Mag': '51 ', 'Fir': '- ', 'Lit': '- ', 'Hol': '- ', 'Sta': '78 '}","{'Str': 'D ', 'Dex': '- ', 'Int': 'D ', 'Fai': '- ', 'Arc': '- '}",{'Any': '- '},"{'Phy': '100 ', 'Mag': '71 ', 'Fir': '28 ', 'Lit': '19 ', 'Hol': '54 ', 'Bst': '50.96 ', 'Rst': '23 '}"
19034,Carian Knight's Shield,Standard +6 ,"{'Phy': '84 ', 'Mag': '53 ', 'Fir': '- ', 'Lit': '- ', 'Hol': '- ', 'Sta': '80 '}","{'Str': 'D ', 'Dex': '- ', 'Int': 'D ', 'Fai': '- ', 'Arc': '- '}",{'Any': '- '},"{'Phy': '100 ', 'Mag': '71 ', 'Fir': '28 ', 'Lit': '19 ', 'Hol': '54 ', 'Bst': '51.45 ', 'Rst': '23 '}"
19035,Carian Knight's Shield,Standard +7 ,"{'Phy': '88 ', 'Mag': '56 ', 'Fir': '- ', 'Lit': '- ', 'Hol': '- ', 'Sta': '83 '}","{'Str': 'D ', 'Dex': '- ', 'Int': 'D ', 'Fai': '- ', 'Arc': '- '}",{'Any': '- '},"{'Phy': '100 ', 'Mag': '71 ', 'Fir': '28 ', 'Lit': '19 ', 'Hol': '54 ', 'Bst': '51.94 ', 'Rst': '23 '}"
19036,Carian Knight's Shield,Standard +8 ,"{'Phy': '92 ', 'Mag': '58 ', 'Fir': '- ', 'Lit': '- ', 'Hol': '- ', 'Sta': '85 '}","{'Str': 'D ', 'Dex': '- ', 'Int': 'D ', 'Fai': '- ', 'Arc': '- '}",{'Any': '- '},"{'Phy': '100 ', 'Mag': '71 ', 'Fir': '28 ', 'Lit': '19 ', 'Hol': '54 ', 'Bst': '52.43 ', 'Rst': '23 '}"
19037,Carian Knight's Shield,Standard +9 ,"{'Phy': '95 ', 'Mag': '60 ', 'Fir': '- ', 'Lit': '- ', 'Hol': '- ', 'Sta': '88 '}","{'Str': 'D ', 'Dex': '- ', 'Int': 'D ', 'Fai': '- ', 'Arc': '- '}",{'Any': '- '},"{'Phy': '100 ', 'Mag': '71 ', 'Fir': '28 ', 'Lit': '19 ', 'Hol': '54 ', 'Bst': '52.92 ', 'Rst': '23 '}"
19038,Carian Knight's Shield,Standard +10 ,"{'Phy': '99 ', 'Mag': '63 ', 'Fir': '- ', 'Lit': '- ', 'Hol': '- ', 'Sta': '91 '}","{'Str': 'D ', 'Dex': '- ', 'Int': 'D ', 'Fai': '- ', 'Arc': '- '}",{'Any': '- '},"{'Phy': '100 ', 'Mag': '71 ', 'Fir': '28 ', 'Lit': '19 ', 'Hol': '54 ', 'Bst': '53.41 ', 'Rst': '23 '}"
19039,Carian Knight's Shield,Standard +11 ,"{'Phy': '103 ', 'Mag': '65 ', 'Fir': '- ', 'Lit': '- ', 'Hol': '- ', 'Sta': '93 '}","{'Str': 'D ', 'Dex': '- ', 'Int': 'D ', 'Fai': '- ', 'Arc': '- '}",{'Any': '- '},"{'Phy': '100 ', 'Mag': '71 ', 'Fir': '28 ', 'Lit': '19 ', 'Hol': '54 ', 'Bst': '53.9 ', 'Rst': '23 '}"
19040,Carian Knight's Shield,Standard +12 ,"{'Phy': '106 ', 'Mag': '67 ', 'Fir': '- ', 'Lit': '- ', 'Hol': '- ', 'Sta': '96 '}","{'Str': 'D ', 'Dex': '- ', 'Int': 'D ', 'Fai': '- ', 'Arc': '- '}",{'Any': '- '},"{'Phy': '100 ', 'Mag': '71 ', 'Fir': '28 ', 'Lit': '19 ', 'Hol': '54 ', 'Bst': '54.39 ', 'Rst': '23 '}"
19041,Carian Knight's Shield,Standard +13 ,"{'Phy': '110 ', 'Mag': '70 ', 'Fir': '- ', 'Lit': '- ', 'Hol': '- ', 'Sta': '98 '}","{'Str': 'D ', 'Dex': '- ', 'Int': 'D ', 'Fai': '- ', 'Arc': '- '}",{'Any': '- '},"{'Phy': '100 ', 'Mag': '71 ', 'Fir': '28 ', 'Lit': '19 ', 'Hol': '54 ', 'Bst': '54.88 ', 'Rst': '23 '}"
19042,Carian Knight's Shield,Standard +14 ,"{'Phy': '114 ', 'Mag': '72 ', 'Fir': '- ', 'Lit': '- ', 'Hol': '- ', 'Sta': '101 '}","{'Str': 'C ', 'Dex': '- ', 'Int': 'D ', 'Fai': '- ', 'Arc': '- '}",{'Any': '- '},"{'Phy': '100 ', 'Mag': '71 ', 'Fir': '28 ', 'Lit': '19 ', 'Hol': '54 ', 'Bst': '55.37 ', 'Rst': '23 '}"
19043,Carian Knight's Shield,Standard +15 ,"{'Phy': '117 ', 'Mag': '74 ', 'Fir': '- ', 'Lit': '- ', 'Hol': '- ', 'Sta': '104 '}","{'Str': 'C ', 'Dex': '- ', 'Int': 'D ', 'Fai': '- ', 'Arc': '- '}",{'Any': '- '},"{'Phy': '100 ', 'Mag': '71 ', 'Fir': '28 ', 'Lit': '19 ', 'Hol': '54 ', 'Bst': '55.86 ', 'Rst': '23 '}"
19044,Carian Knight's Shield,Standard +16 ,"{'Phy': '121 ', 'Mag': '77 ', 'Fir': '- ', 'Lit': '- ', 'Hol': '- ', 'Sta': '106 '}","{'Str': 'C ', 'Dex': '- ', 'Int': 'D ', 'Fai': '- ', 'Arc': '- '}",{'Any': '- '},"{'Phy': '100 ', 'Mag': '71 ', 'Fir': '28 ', 'Lit': '19 ', 'Hol': '54 ', 'Bst': '56.35 ', 'Rst': '23 '}"
19045,Carian Knight's Shield,Standard +17 ,"{'Phy': '125 ', 'Mag': '79 ', 'Fir': '- ', 'Lit': '- ', 'Hol': '- ', 'Sta': '109 '}","{'Str': 'C ', 'Dex': '- ', 'Int': 'D ', 'Fai': '- ', 'Arc': '- '}",{'Any': '- '},"{'Phy': '100 ', 'Mag': '71 ', 'Fir': '28 ', 'Lit': '19 ', 'Hol': '54 ', 'Bst': '56.84 ', 'Rst': '23 '}"
19046,Carian Knight's Shield,Standard +18 ,"{'Phy': '128 ', 'Mag': '81 ', 'Fir': '- ', 'Lit': '- ', 'Hol': '- ', 'Sta': '111 '}","{'Str': 'C ', 'Dex': '- ', 'Int': 'D ', 'Fai': '- ', 'Arc': '- '}",{'Any': '- '},"{'Phy': '100 ', 'Mag': '71 ', 'Fir': '28 ', 'Lit': '19 ', 'Hol': '54 ', 'Bst': '57.33 ', 'Rst': '23 '}"
19047,Carian Knight's Shield,Standard +19 ,"{'Phy': '132 ', 'Mag': '84 ', 'Fir': '- ', 'Lit': '- ', 'Hol': '- ', 'Sta': '114 '}","{'Str': 'C ', 'Dex': '- ', 'Int': 'D ', 'Fai': '- ', 'Arc': '- '}",{'Any': '- '},"{'Phy': '100 ', 'Mag': '71 ', 'Fir': '28 ', 'Lit': '19 ', 'Hol': '54 ', 'Bst': '57.82 ', 'Rst': '23 '}"
19048,Carian Knight's Shield,Standard +20 ,"{'Phy': '136 ', 'Mag': '86 ', 'Fir': '- ', 'Lit': '- ', 'Hol': '- ', 'Sta': '117 '}","{'Str': 'C ', 'Dex': '- ', 'Int': 'D ', 'Fai': '- ', 'Arc': '- '}",{'Any': '- '},"{'Phy': '100 ', 'Mag': '71 ', 'Fir': '28 ', 'Lit': '19 ', 'Hol': '54 ', 'Bst': '58.31 ', 'Rst': '23 '}"
19049,Carian Knight's Shield,Standard +21 ,"{'Phy': '139 ', 'Mag': '88 ', 'Fir': '- ', 'Lit': '- ', 'Hol': '- ', 'Sta': '119 '}","{'Str': 'C ', 'Dex': '- ', 'Int': 'D ', 'Fai': '- ', 'Arc': '- '}",{'Any': '- '},"{'Phy': '100 ', 'Mag': '71 ', 'Fir': '28 ', 'Lit': '19 ', 'Hol': '54 ', 'Bst': '58.8 ', 'Rst': '23 '}"
19050,Carian Knight's Shield,Standard +22 ,"{'Phy': '143 ', 'Mag': '91 ', 'Fir': '- ', 'Lit': '- ', 'Hol': '- ', 'Sta': '122 '}","{'Str': 'C ', 'Dex': '- ', 'Int': 'D ', 'Fai': '- ', 'Arc': '- '}",{'Any': '- '},"{'Phy': '100 ', 'Mag': '71 ', 'Fir': '28 ', 'Lit': '19 ', 'Hol': '54 ', 'Bst': '59.29 ', 'Rst': '23 '}"
19051,Carian Knight's Shield,Standard +23 ,"{'Phy': '147 ', 'Mag': '93 ', 'Fir': '- ', 'Lit': '- ', 'Hol': '- ', 'Sta': '124 '}","{'Str': 'C ', 'Dex': '- ', 'Int': 'D ', 'Fai': '- ', 'Arc': '- '}",{'Any': '- '},"{'Phy': '100 ', 'Mag': '71 ', 'Fir': '28 ', 'Lit': '19 ', 'Hol': '54 ', 'Bst': '59.78 ', 'Rst': '23 '}"
19052,Carian Knight's Shield,Standard +24 ,"{'Phy': '150 ', 'Mag': '95 ', 'Fir': '- ', 'Lit': '- ', 'Hol': '- ', 'Sta': '127 '}","{'Str': 'C ', 'Dex': '- ', 'Int': 'D ', 'Fai': '- ', 'Arc': '- '}",{'Any': '- '},"{'Phy': '100 ', 'Mag': '71 ', 'Fir': '28 ', 'Lit': '19 ', 'Hol': '54 ', 'Bst': '60.27 ', 'Rst': '23 '}"
19053,Carian Knight's Shield,Standard +25 ,"{'Phy': '154 ', 'Mag': '98 ', 'Fir': '- ', 'Lit': '- ', 'Hol': '- ', 'Sta': '130 '}","{'Str': 'C ', 'Dex': '- ', 'Int': 'D ', 'Fai': '- ', 'Arc': '- '}",{'Any': '- '},"{'Phy': '100 ', 'Mag': '71 ', 'Fir': '28 ', 'Lit': '19 ', 'Hol': '54 ', 'Bst': '60.76 ', 'Rst': '23 '}"
19366,Carian Knight's Shield,Standard ,"{'Phy': '63 ', 'Mag': '40 ', 'Fir': '- ', 'Lit': '- ', 'Hol': '- ', 'Sta': '65 '}","{'Str': 'D ', 'Dex': '- ', 'Int': 'D ', 'Fai': '- ', 'Arc': '- '}",{'Any': '- '},"{'Phy': '100 ', 'Mag': '71 ', 'Fir': '28 ', 'Lit': '19 ', 'Hol': '54 ', 'Bst': '49 ', 'Rst': '23 '}"
19367,Carian Knight's Shield,Standard +1 ,"{'Phy': '66 ', 'Mag': '42 ', 'Fir': '- ', 'Lit': '- ', 'Hol': '- ', 'Sta': '67 '}","{'Str': 'D ', 'Dex': '- ', 'Int': 'D ', 'Fai': '- ', 'Arc': '- '}",{'Any': '- '},"{'Phy': '100 ', 'Mag': '71 ', 'Fir': '28 ', 'Lit': '19 ', 'Hol': '54 ', 'Bst': '49 ', 'Rst': '23 '}"
19368,Carian Knight's Shield,Standard +2 ,"{'Phy': '70 ', 'Mag': '44 ', 'Fir': '- ', 'Lit': '- ', 'Hol': '- ', 'Sta': '70 '}","{'Str': 'D ', 'Dex': '- ', 'Int': 'D ', 'Fai': '- ', 'Arc': '- '}",{'Any': '- '},"{'Phy': '100 ', 'Mag': '71 ', 'Fir': '28 ', 'Lit': '19 ', 'Hol': '54 ', 'Bst': '49.49 ', 'Rst': '23 '}"
19369,Carian Knight's Shield,Standard +3 ,"{'Phy': '73 ', 'Mag': '46 ', 'Fir': '- ', 'Lit': '- ', 'Hol': '- ', 'Sta': '72 '}","{'Str': 'D ', 'Dex': '- ', 'Int': 'D ', 'Fai': '- ', 'Arc': '- '}",{'Any': '- '},"{'Phy': '100 ', 'Mag': '71 ', 'Fir': '28 ', 'Lit': '19 ', 'Hol': '54 ', 'Bst': '49.98 ', 'Rst': '23 '}"
19370,Carian Knight's Shield,Standard +4 ,"{'Phy': '77 ', 'Mag': '49 ', 'Fir': '- ', 'Lit': '- ', 'Hol': '- ', 'Sta': '75 '}","{'Str': 'D ', 'Dex': '- ', 'Int': 'D ', 'Fai': '- ', 'Arc': '- '}",{'Any': '- '},"{'Phy': '100 ', 'Mag': '71 ', 'Fir': '28 ', 'Lit': '19 ', 'Hol': '54 ', 'Bst': '50.47 ', 'Rst': '23 '}"
19371,Carian Knight's Shield,Standard +5 ,"{'Phy': '81 ', 'Mag': '51 ', 'Fir': '- ', 'Lit': '- ', 'Hol': '- ', 'Sta': '78 '}","{'Str': 'D ', 'Dex': '- ', 'Int': 'D ', 'Fai': '- ', 'Arc': '- '}",{'Any': '- '},"{'Phy': '100 ', 'Mag': '71 ', 'Fir': '28 ', 'Lit': '19 ', 'Hol': '54 ', 'Bst': '50.96 ', 'Rst': '23 '}"
19372,Carian Knight's Shield,Standard +6 ,"{'Phy': '84 ', 'Mag': '53 ', 'Fir': '- ', 'Lit': '- ', 'Hol': '- ', 'Sta': '80 '}","{'Str': 'D ', 'Dex': '- ', 'Int': 'D ', 'Fai': '- ', 'Arc': '- '}",{'Any': '- '},"{'Phy': '100 ', 'Mag': '71 ', 'Fir': '28 ', 'Lit': '19 ', 'Hol': '54 ', 'Bst': '51.45 ', 'Rst': '23 '}"
19373,Carian Knight's Shield,Standard +7 ,"{'Phy': '88 ', 'Mag': '56 ', 'Fir': '- ', 'Lit': '- ', 'Hol': '- ', 'Sta': '83 '}","{'Str': 'D ', 'Dex': '- ', 'Int': 'D ', 'Fai': '- ', 'Arc': '- '}",{'Any': '- '},"{'Phy': '100 ', 'Mag': '71 ', 'Fir': '28 ', 'Lit': '19 ', 'Hol': '54 ', 'Bst': '51.94 ', 'Rst': '23 '}"
19374,Carian Knight's Shield,Standard +8 ,"{'Phy': '92 ', 'Mag': '58 ', 'Fir': '- ', 'Lit': '- ', 'Hol': '- ', 'Sta': '85 '}","{'Str': 'D ', 'Dex': '- ', 'Int': 'D ', 'Fai': '- ', 'Arc': '- '}",{'Any': '- '},"{'Phy': '100 ', 'Mag': '71 ', 'Fir': '28 ', 'Lit': '19 ', 'Hol': '54 ', 'Bst': '52.43 ', 'Rst': '23 '}"
19375,Carian Knight's Shield,Standard +9 ,"{'Phy': '95 ', 'Mag': '60 ', 'Fir': '- ', 'Lit': '- ', 'Hol': '- ', 'Sta': '88 '}","{'Str': 'D ', 'Dex': '- ', 'Int': 'D ', 'Fai': '- ', 'Arc': '- '}",{'Any': '- '},"{'Phy': '100 ', 'Mag': '71 ', 'Fir': '28 ', 'Lit': '19 ', 'Hol': '54 ', 'Bst': '52.92 ', 'Rst': '23 '}"
19376,Carian Knight's Shield,Standard +10 ,"{'Phy': '99 ', 'Mag': '63 ', 'Fir': '- ', 'Lit': '- ', 'Hol': '- ', 'Sta': '91 '}","{'Str': 'D ', 'Dex': '- ', 'Int': 'D ', 'Fai': '- ', 'Arc': '- '}",{'Any': '- '},"{'Phy': '100 ', 'Mag': '71 ', 'Fir': '28 ', 'Lit': '19 ', 'Hol': '54 ', 'Bst': '53.41 ', 'Rst': '23 '}"
19377,Carian Knight's Shield,Standard +11 ,"{'Phy': '103 ', 'Mag': '65 ', 'Fir': '- ', 'Lit': '- ', 'Hol': '- ', 'Sta': '93 '}","{'Str': 'D ', 'Dex': '- ', 'Int': 'D ', 'Fai': '- ', 'Arc': '- '}",{'Any': '- '},"{'Phy': '100 ', 'Mag': '71 ', 'Fir': '28 ', 'Lit': '19 ', 'Hol': '54 ', 'Bst': '53.9 ', 'Rst': '23 '}"
19378,Carian Knight's Shield,Standard +12 ,"{'Phy': '106 ', 'Mag': '67 ', 'Fir': '- ', 'Lit': '- ', 'Hol': '- ', 'Sta': '96 '}","{'Str': 'D ', 'Dex': '- ', 'Int': 'D ', 'Fai': '- ', 'Arc': '- '}",{'Any': '- '},"{'Phy': '100 ', 'Mag': '71 ', 'Fir': '28 ', 'Lit': '19 ', 'Hol': '54 ', 'Bst': '54.39 ', 'Rst': '23 '}"
19379,Carian Knight's Shield,Standard +13 ,"{'Phy': '110 ', 'Mag': '70 ', 'Fir': '- ', 'Lit': '- ', 'Hol': '- ', 'Sta': '98 '}","{'Str': 'D ', 'Dex': '- ', 'Int': 'D ', 'Fai': '- ', 'Arc': '- '}",{'Any': '- '},"{'Phy': '100 ', 'Mag': '71 ', 'Fir': '28 ', 'Lit': '19 ', 'Hol': '54 ', 'Bst': '54.88 ', 'Rst': '23 '}"
19380,Carian Knight's Shield,Standard +14 ,"{'Phy': '114 ', 'Mag': '72 ', 'Fir': '- ', 'Lit': '- ', 'Hol': '- ', 'Sta': '101 '}","{'Str': 'C ', 'Dex': '- ', 'Int': 'D ', 'Fai': '- ', 'Arc': '- '}",{'Any': '- '},"{'Phy': '100 ', 'Mag': '71 ', 'Fir': '28 ', 'Lit': '19 ', 'Hol': '54 ', 'Bst': '55.37 ', 'Rst': '23 '}"
19381,Carian Knight's Shield,Standard +15 ,"{'Phy': '117 ', 'Mag': '74 ', 'Fir': '- ', 'Lit': '- ', 'Hol': '- ', 'Sta': '104 '}","{'Str': 'C ', 'Dex': '- ', 'Int': 'D ', 'Fai': '- ', 'Arc': '- '}",{'Any': '- '},"{'Phy': '100 ', 'Mag': '71 ', 'Fir': '28 ', 'Lit': '19 ', 'Hol': '54 ', 'Bst': '55.86 ', 'Rst': '23 '}"
19382,Carian Knight's Shield,Standard +16 ,"{'Phy': '121 ', 'Mag': '77 ', 'Fir': '- ', 'Lit': '- ', 'Hol': '- ', 'Sta': '106 '}","{'Str': 'C ', 'Dex': '- ', 'Int': 'D ', 'Fai': '- ', 'Arc': '- '}",{'Any': '- '},"{'Phy': '100 ', 'Mag': '71 ', 'Fir': '28 ', 'Lit': '19 ', 'Hol': '54 ', 'Bst': '56.35 ', 'Rst': '23 '}"
19383,Carian Knight's Shield,Standard +17 ,"{'Phy': '125 ', 'Mag': '79 ', 'Fir': '- ', 'Lit': '- ', 'Hol': '- ', 'Sta': '109 '}","{'Str': 'C ', 'Dex': '- ', 'Int': 'D ', 'Fai': '- ', 'Arc': '- '}",{'Any': '- '},"{'Phy': '100 ', 'Mag': '71 ', 'Fir': '28 ', 'Lit': '19 ', 'Hol': '54 ', 'Bst': '56.84 ', 'Rst': '23 '}"
19384,Carian Knight's Shield,Standard +18 ,"{'Phy': '128 ', 'Mag': '81 ', 'Fir': '- ', 'Lit': '- ', 'Hol': '- ', 'Sta': '111 '}","{'Str': 'C ', 'Dex': '- ', 'Int': 'D ', 'Fai': '- ', 'Arc': '- '}",{'Any': '- '},"{'Phy': '100 ', 'Mag': '71 ', 'Fir': '28 ', 'Lit': '19 ', 'Hol': '54 ', 'Bst': '57.33 ', 'Rst': '23 '}"
19385,Carian Knight's Shield,Standard +19 ,"{'Phy': '132 ', 'Mag': '84 ', 'Fir': '- ', 'Lit': '- ', 'Hol': '- ', 'Sta': '114 '}","{'Str': 'C ', 'Dex': '- ', 'Int': 'D ', 'Fai': '- ', 'Arc': '- '}",{'Any': '- '},"{'Phy': '100 ', 'Mag': '71 ', 'Fir': '28 ', 'Lit': '19 ', 'Hol': '54 ', 'Bst': '57.82 ', 'Rst': '23 '}"
19386,Carian Knight's Shield,Standard +20 ,"{'Phy': '136 ', 'Mag': '86 ', 'Fir': '- ', 'Lit': '- ', 'Hol': '- ', 'Sta': '117 '}","{'Str': 'C ', 'Dex': '- ', 'Int': 'D ', 'Fai': '- ', 'Arc': '- '}",{'Any': '- '},"{'Phy': '100 ', 'Mag': '71 ', 'Fir': '28 ', 'Lit': '19 ', 'Hol': '54 ', 'Bst': '58.31 ', 'Rst': '23 '}"
19387,Carian Knight's Shield,Standard +21 ,"{'Phy': '139 ', 'Mag': '88 ', 'Fir': '- ', 'Lit': '- ', 'Hol': '- ', 'Sta': '119 '}","{'Str': 'C ', 'Dex': '- ', 'Int': 'D ', 'Fai': '- ', 'Arc': '- '}",{'Any': '- '},"{'Phy': '100 ', 'Mag': '71 ', 'Fir': '28 ', 'Lit': '19 ', 'Hol': '54 ', 'Bst': '58.8 ', 'Rst': '23 '}"
19388,Carian Knight's Shield,Standard +22 ,"{'Phy': '143 ', 'Mag': '91 ', 'Fir': '- ', 'Lit': '- ', 'Hol': '- ', 'Sta': '122 '}","{'Str': 'C ', 'Dex': '- ', 'Int': 'D ', 'Fai': '- ', 'Arc': '- '}",{'Any': '- '},"{'Phy': '100 ', 'Mag': '71 ', 'Fir': '28 ', 'Lit': '19 ', 'Hol': '54 ', 'Bst': '59.29 ', 'Rst': '23 '}"
19389,Carian Knight's Shield,Standard +23 ,"{'Phy': '147 ', 'Mag': '93 ', 'Fir': '- ', 'Lit': '- ', 'Hol': '- ', 'Sta': '124 '}","{'Str': 'C ', 'Dex': '- ', 'Int': 'D ', 'Fai': '- ', 'Arc': '- '}",{'Any': '- '},"{'Phy': '100 ', 'Mag': '71 ', 'Fir': '28 ', 'Lit': '19 ', 'Hol': '54 ', 'Bst': '59.78 ', 'Rst': '23 '}"
19390,Carian Knight's Shield,Standard +24 ,"{'Phy': '150 ', 'Mag': '95 ', 'Fir': '- ', 'Lit': '- ', 'Hol': '- ', 'Sta': '127 '}","{'Str': 'C ', 'Dex': '- ', 'Int': 'D ', 'Fai': '- ', 'Arc': '- '}",{'Any': '- '},"{'Phy': '100 ', 'Mag': '71 ', 'Fir': '28 ', 'Lit': '19 ', 'Hol': '54 ', 'Bst': '60.27 ', 'Rst': '23 '}"
19391,Carian Knight's Shield,Standard +25 ,"{'Phy': '154 ', 'Mag': '98 ', 'Fir': '- ', 'Lit': '- ', 'Hol': '- ', 'Sta': '130 '}","{'Str': 'C ', 'Dex': '- ', 'Int': 'D ', 'Fai': '- ', 'Arc': '- '}",{'Any': '- '},"{'Phy': '100 ', 'Mag': '71 ', 'Fir': '28 ', 'Lit': '19 ', 'Hol': '54 ', 'Bst': '60.76 ', 'Rst': '23 '}"
19704,Silver Mirrorshield,Standard ,"{'Phy': '70 ', 'Mag': '45 ', 'Fir': '- ', 'Lit': '- ', 'Hol': '- ', 'Sta': '78 '}","{'Str': 'D ', 'Dex': '- ', 'Int': 'D ', 'Fai': '- ', 'Arc': '- '}",{'Any': '- '},"{'Phy': '100 ', 'Mag': '89 ', 'Fir': '31 ', 'Lit': '19 ', 'Hol': '27 ', 'Bst': '45 ', 'Rst': '22 '}"
19705,Silver Mirrorshield,Standard +1 ,"{'Phy': '77 ', 'Mag': '49 ', 'Fir': '- ', 'Lit': '- ', 'Hol': '- ', 'Sta': '83 '}","{'Str': 'D ', 'Dex': '- ', 'Int': 'D ', 'Fai': '- ', 'Arc': '- '}",{'Any': '- '},"{'Phy': '100 ', 'Mag': '89 ', 'Fir': '31 ', 'Lit': '19 ', 'Hol': '27 ', 'Bst': '45.45 ', 'Rst': '22 '}"
19706,Silver Mirrorshield,Standard +2 ,"{'Phy': '83 ', 'Mag': '53 ', 'Fir': '- ', 'Lit': '- ', 'Hol': '- ', 'Sta': '88 '}","{'Str': 'D ', 'Dex': '- ', 'Int': 'D ', 'Fai': '- ', 'Arc': '- '}",{'Any': '- '},"{'Phy': '100 ', 'Mag': '89 ', 'Fir': '31 ', 'Lit': '19 ', 'Hol': '27 ', 'Bst': '45.9 ', 'Rst': '22 '}"
19707,Silver Mirrorshield,Standard +3 ,"{'Phy': '90 ', 'Mag': '58 ', 'Fir': '- ', 'Lit': '- ', 'Hol': '- ', 'Sta': '93 '}","{'Str': 'D ', 'Dex': '- ', 'Int': 'D ', 'Fai': '- ', 'Arc': '- '}",{'Any': '- '},"{'Phy': '100 ', 'Mag': '89 ', 'Fir': '31 ', 'Lit': '19 ', 'Hol': '27 ', 'Bst': '46.35 ', 'Rst': '22 '}"
19708,Silver Mirrorshield,Standard +4 ,"{'Phy': '96 ', 'Mag': '62 ', 'Fir': '- ', 'Lit': '- ', 'Hol': '- ', 'Sta': '98 '}","{'Str': 'D ', 'Dex': '- ', 'Int': 'D ', 'Fai': '- ', 'Arc': '- '}",{'Any': '- '},"{'Phy': '100 ', 'Mag': '89 ', 'Fir': '31 ', 'Lit': '19 ', 'Hol': '27 ', 'Bst': '46.8 ', 'Rst': '22 '}"
19709,Silver Mirrorshield,Standard +5 ,"{'Phy': '103 ', 'Mag': '66 ', 'Fir': '- ', 'Lit': '- ', 'Hol': '- ', 'Sta': '104 '}","{'Str': 'D ', 'Dex': '- ', 'Int': 'D ', 'Fai': '- ', 'Arc': '- '}",{'Any': '- '},"{'Phy': '100 ', 'Mag': '89 ', 'Fir': '31 ', 'Lit': '19 ', 'Hol': '27 ', 'Bst': '47.25 ', 'Rst': '22 '}"
19710,Silver Mirrorshield,Standard +6 ,"{'Phy': '109 ', 'Mag': '70 ', 'Fir': '- ', 'Lit': '- ', 'Hol': '- ', 'Sta': '109 '}","{'Str': 'D ', 'Dex': '- ', 'Int': 'D ', 'Fai': '- ', 'Arc': '- '}",{'Any': '- '},"{'Phy': '100 ', 'Mag': '89 ', 'Fir': '31 ', 'Lit': '19 ', 'Hol': '27 ', 'Bst': '47.7 ', 'Rst': '22 '}"
19711,Silver Mirrorshield,Standard +7 ,"{'Phy': '116 ', 'Mag': '74 ', 'Fir': '- ', 'Lit': '- ', 'Hol': '- ', 'Sta': '114 '}","{'Str': 'C ', 'Dex': '- ', 'Int': 'D ', 'Fai': '- ', 'Arc': '- '}",{'Any': '- '},"{'Phy': '100 ', 'Mag': '89 ', 'Fir': '31 ', 'Lit': '19 ', 'Hol': '27 ', 'Bst': '48.15 ', 'Rst': '22 '}"
19712,Silver Mirrorshield,Standard +8 ,"{'Phy': '122 ', 'Mag': '79 ', 'Fir': '- ', 'Lit': '- ', 'Hol': '- ', 'Sta': '119 '}","{'Str': 'C ', 'Dex': '- ', 'Int': 'D ', 'Fai': '- ', 'Arc': '- '}",{'Any': '- '},"{'Phy': '100 ', 'Mag': '89 ', 'Fir': '31 ', 'Lit': '19 ', 'Hol': '27 ', 'Bst': '48.6 ', 'Rst': '22 '}"
19713,Silver Mirrorshield,Standard +9 ,"{'Phy': '129 ', 'Mag': '83 ', 'Fir': '- ', 'Lit': '- ', 'Hol': '- ', 'Sta': '124 '}","{'Str': 'C ', 'Dex': '- ', 'Int': 'D ', 'Fai': '- ', 'Arc': '- '}",{'Any': '- '},"{'Phy': '100 ', 'Mag': '89 ', 'Fir': '31 ', 'Lit': '19 ', 'Hol': '27 ', 'Bst': '49.05 ', 'Rst': '22 '}"
19714,Silver Mirrorshield,Standard +10 ,"{'Phy': '135 ', 'Mag': '87 ', 'Fir': '- ', 'Lit': '- ', 'Hol': '- ', 'Sta': '130 '}","{'Str': 'C ', 'Dex': '- ', 'Int': 'D ', 'Fai': '- ', 'Arc': '- '}",{'Any': '- '},"{'Phy': '100 ', 'Mag': '89 ', 'Fir': '31 ', 'Lit': '19 ', 'Hol': '27 ', 'Bst': '49.5 ', 'Rst': '22 '}"
19715,Silver Mirrorshield,Standard ,"{'Phy': '70 ', 'Mag': '45 ', 'Fir': '- ', 'Lit': '- ', 'Hol': '- ', 'Sta': '78 '}","{'Str': 'D ', 'Dex': '- ', 'Int': 'D ', 'Fai': '- ', 'Arc': '- '}",{'Any': '- '},"{'Phy': '100 ', 'Mag': '89 ', 'Fir': '31 ', 'Lit': '19 ', 'Hol': '27 ', 'Bst': '45 ', 'Rst': '22 '}"
19716,Silver Mirrorshield,Standard +1 ,"{'Phy': '77 ', 'Mag': '49 ', 'Fir': '- ', 'Lit': '- ', 'Hol': '- ', 'Sta': '83 '}","{'Str': 'D ', 'Dex': '- ', 'Int': 'D ', 'Fai': '- ', 'Arc': '- '}",{'Any': '- '},"{'Phy': '100 ', 'Mag': '89 ', 'Fir': '31 ', 'Lit': '19 ', 'Hol': '27 ', 'Bst': '45.45 ', 'Rst': '22 '}"
19717,Silver Mirrorshield,Standard +2 ,"{'Phy': '83 ', 'Mag': '53 ', 'Fir': '- ', 'Lit': '- ', 'Hol': '- ', 'Sta': '88 '}","{'Str': 'D ', 'Dex': '- ', 'Int': 'D ', 'Fai': '- ', 'Arc': '- '}",{'Any': '- '},"{'Phy': '100 ', 'Mag': '89 ', 'Fir': '31 ', 'Lit': '19 ', 'Hol': '27 ', 'Bst': '45.9 ', 'Rst': '22 '}"
19718,Silver Mirrorshield,Standard +3 ,"{'Phy': '90 ', 'Mag': '58 ', 'Fir': '- ', 'Lit': '- ', 'Hol': '- ', 'Sta': '93 '}","{'Str': 'D ', 'Dex': '- ', 'Int': 'D ', 'Fai': '- ', 'Arc': '- '}",{'Any': '- '},"{'Phy': '100 ', 'Mag': '89 ', 'Fir': '31 ', 'Lit': '19 ', 'Hol': '27 ', 'Bst': '46.35 ', 'Rst': '22 '}"
19719,Silver Mirrorshield,Standard +4 ,"{'Phy': '96 ', 'Mag': '62 ', 'Fir': '- ', 'Lit': '- ', 'Hol': '- ', 'Sta': '98 '}","{'Str': 'D ', 'Dex': '- ', 'Int': 'D ', 'Fai': '- ', 'Arc': '- '}",{'Any': '- '},"{'Phy': '100 ', 'Mag': '89 ', 'Fir': '31 ', 'Lit': '19 ', 'Hol': '27 ', 'Bst': '46.8 ', 'Rst': '22 '}"
19720,Silver Mirrorshield,Standard +5 ,"{'Phy': '103 ', 'Mag': '66 ', 'Fir': '- ', 'Lit': '- ', 'Hol': '- ', 'Sta': '104 '}","{'Str': 'D ', 'Dex': '- ', 'Int': 'D ', 'Fai': '- ', 'Arc': '- '}",{'Any': '- '},"{'Phy': '100 ', 'Mag': '89 ', 'Fir': '31 ', 'Lit': '19 ', 'Hol': '27 ', 'Bst': '47.25 ', 'Rst': '22 '}"
19721,Silver Mirrorshield,Standard +6 ,"{'Phy': '109 ', 'Mag': '70 ', 'Fir': '- ', 'Lit': '- ', 'Hol': '- ', 'Sta': '109 '}","{'Str': 'D ', 'Dex': '- ', 'Int': 'D ', 'Fai': '- ', 'Arc': '- '}",{'Any': '- '},"{'Phy': '100 ', 'Mag': '89 ', 'Fir': '31 ', 'Lit': '19 ', 'Hol': '27 ', 'Bst': '47.7 ', 'Rst': '22 '}"
19722,Silver Mirrorshield,Standard +7 ,"{'Phy': '116 ', 'Mag': '74 ', 'Fir': '- ', 'Lit': '- ', 'Hol': '- ', 'Sta': '114 '}","{'Str': 'C ', 'Dex': '- ', 'Int': 'D ', 'Fai': '- ', 'Arc': '- '}",{'Any': '- '},"{'Phy': '100 ', 'Mag': '89 ', 'Fir': '31 ', 'Lit': '19 ', 'Hol': '27 ', 'Bst': '48.15 ', 'Rst': '22 '}"
19723,Silver Mirrorshield,Standard +8 ,"{'Phy': '122 ', 'Mag': '79 ', 'Fir': '- ', 'Lit': '- ', 'Hol': '- ', 'Sta': '119 '}","{'Str': 'C ', 'Dex': '- ', 'Int': 'D ', 'Fai': '- ', 'Arc': '- '}",{'Any': '- '},"{'Phy': '100 ', 'Mag': '89 ', 'Fir': '31 ', 'Lit': '19 ', 'Hol': '27 ', 'Bst': '48.6 ', 'Rst': '22 '}"
19724,Silver Mirrorshield,Standard +9 ,"{'Phy': '129 ', 'Mag': '83 ', 'Fir': '- ', 'Lit': '- ', 'Hol': '- ', 'Sta': '124 '}","{'Str': 'C ', 'Dex': '- ', 'Int': 'D ', 'Fai': '- ', 'Arc': '- '}",{'Any': '- '},"{'Phy': '100 ', 'Mag': '89 ', 'Fir': '31 ', 'Lit': '19 ', 'Hol': '27 ', 'Bst': '49.05 ', 'Rst': '22 '}"
19725,Silver Mirrorshield,Standard +10 ,"{'Phy': '135 ', 'Mag': '87 ', 'Fir': '- ', 'Lit': '- ', 'Hol': '- ', 'Sta': '130 '}","{'Str': 'C ', 'Dex': '- ', 'Int': 'D ', 'Fai': '- ', 'Arc': '- '}",{'Any': '- '},"{'Phy': '100 ', 'Mag': '89 ', 'Fir': '31 ', 'Lit': '19 ', 'Hol': '27 ', 'Bst': '49.5 ', 'Rst': '22 '}"
19726,Great Turtle Shell,Standard ,"{'Phy': '81 ', 'Mag': '- ', 'Fir': '- ', 'Lit': '- ', 'Hol': '- ', 'Sta': '66 '}","{'Str': 'D ', 'Dex': '- ', 'Int': '- ', 'Fai': '- ', 'Arc': '- '}",{'Any': '- '},"{'Phy': '87 ', 'Mag': '44 ', 'Fir': '39 ', 'Lit': '43 ', 'Hol': '46 ', 'Bst': '49 ', 'Rst': '25 '}"
19727,Great Turtle Shell,Standard +1 ,"{'Phy': '85 ', 'Mag': '- ', 'Fir': '- ', 'Lit': '- ', 'Hol': '- ', 'Sta': '68 '}","{'Str': 'D ', 'Dex': '- ', 'Int': '- ', 'Fai': '- ', 'Arc': '- '}",{'Any': '- '},"{'Phy': '87 ', 'Mag': '44 ', 'Fir': '39 ', 'Lit': '43 ', 'Hol': '46 ', 'Bst': '49 ', 'Rst': '25 '}"
19728,Great Turtle Shell,Standard +2 ,"{'Phy': '90 ', 'Mag': '- ', 'Fir': '- ', 'Lit': '- ', 'Hol': '- ', 'Sta': '71 '}","{'Str': 'D ', 'Dex': '- ', 'Int': '- ', 'Fai': '- ', 'Arc': '- '}",{'Any': '- '},"{'Phy': '87 ', 'Mag': '44 ', 'Fir': '39 ', 'Lit': '43 ', 'Hol': '46 ', 'Bst': '49.49 ', 'Rst': '25 '}"
19729,Great Turtle Shell,Standard +3 ,"{'Phy': '95 ', 'Mag': '- ', 'Fir': '- ', 'Lit': '- ', 'Hol': '- ', 'Sta': '73 '}","{'Str': 'D ', 'Dex': '- ', 'Int': '- ', 'Fai': '- ', 'Arc': '- '}",{'Any': '- '},"{'Phy': '87 ', 'Mag': '44 ', 'Fir': '39 ', 'Lit': '43 ', 'Hol': '46 ', 'Bst': '49.98 ', 'Rst': '25 '}"
19730,Great Turtle Shell,Standard +4 ,"{'Phy': '99 ', 'Mag': '- ', 'Fir': '- ', 'Lit': '- ', 'Hol': '- ', 'Sta': '76 '}","{'Str': 'D ', 'Dex': '- ', 'Int': '- ', 'Fai': '- ', 'Arc': '- '}",{'Any': '- '},"{'Phy': '87 ', 'Mag': '44 ', 'Fir': '39 ', 'Lit': '43 ', 'Hol': '46 ', 'Bst': '50.47 ', 'Rst': '25 '}"
19731,Great Turtle Shell,Standard +5 ,"{'Phy': '104 ', 'Mag': '- ', 'Fir': '- ', 'Lit': '- ', 'Hol': '- ', 'Sta': '79 '}","{'Str': 'D ', 'Dex': '- ', 'Int': '- ', 'Fai': '- ', 'Arc': '- '}",{'Any': '- '},"{'Phy': '87 ', 'Mag': '44 ', 'Fir': '39 ', 'Lit': '43 ', 'Hol': '46 ', 'Bst': '50.96 ', 'Rst': '25 '}"
19732,Great Turtle Shell,Standard +6 ,"{'Phy': '109 ', 'Mag': '- ', 'Fir': '- ', 'Lit': '- ', 'Hol': '- ', 'Sta': '81 '}","{'Str': 'D ', 'Dex': '- ', 'Int': '- ', 'Fai': '- ', 'Arc': '- '}",{'Any': '- '},"{'Phy': '87 ', 'Mag': '44 ', 'Fir': '39 ', 'Lit': '43 ', 'Hol': '46 ', 'Bst': '51.45 ', 'Rst': '25 '}"
19733,Great Turtle Shell,Standard +7 ,"{'Phy': '113 ', 'Mag': '- ', 'Fir': '- ', 'Lit': '- ', 'Hol': '- ', 'Sta': '84 '}","{'Str': 'D ', 'Dex': '- ', 'Int': '- ', 'Fai': '- ', 'Arc': '- '}",{'Any': '- '},"{'Phy': '87 ', 'Mag': '44 ', 'Fir': '39 ', 'Lit': '43 ', 'Hol': '46 ', 'Bst': '51.94 ', 'Rst': '25 '}"
19734,Great Turtle Shell,Standard +8 ,"{'Phy': '118 ', 'Mag': '- ', 'Fir': '- ', 'Lit': '- ', 'Hol': '- ', 'Sta': '87 '}","{'Str': 'D ', 'Dex': '- ', 'Int': '- ', 'Fai': '- ', 'Arc': '- '}",{'Any': '- '},"{'Phy': '87 ', 'Mag': '44 ', 'Fir': '39 ', 'Lit': '43 ', 'Hol': '46 ', 'Bst': '52.43 ', 'Rst': '25 '}"
19735,Great Turtle Shell,Standard +9 ,"{'Phy': '123 ', 'Mag': '- ', 'Fir': '- ', 'Lit': '- ', 'Hol': '- ', 'Sta': '89 '}","{'Str': 'D ', 'Dex': '- ', 'Int': '- ', 'Fai': '- ', 'Arc': '- '}",{'Any': '- '},"{'Phy': '87 ', 'Mag': '44 ', 'Fir': '39 ', 'Lit': '43 ', 'Hol': '46 ', 'Bst': '52.92 ', 'Rst': '25 '}"
19736,Great Turtle Shell,Standard +10 ,"{'Phy': '127 ', 'Mag': '- ', 'Fir': '- ', 'Lit': '- ', 'Hol': '- ', 'Sta': '92 '}","{'Str': 'D ', 'Dex': '- ', 'Int': '- ', 'Fai': '- ', 'Arc': '- '}",{'Any': '- '},"{'Phy': '87 ', 'Mag': '44 ', 'Fir': '39 ', 'Lit': '43 ', 'Hol': '46 ', 'Bst': '53.41 ', 'Rst': '25 '}"
19737,Great Turtle Shell,Standard +11 ,"{'Phy': '132 ', 'Mag': '- ', 'Fir': '- ', 'Lit': '- ', 'Hol': '- ', 'Sta': '95 '}","{'Str': 'D ', 'Dex': '- ', 'Int': '- ', 'Fai': '- ', 'Arc': '- '}",{'Any': '- '},"{'Phy': '87 ', 'Mag': '44 ', 'Fir': '39 ', 'Lit': '43 ', 'Hol': '46 ', 'Bst': '53.9 ', 'Rst': '25 '}"
19738,Great Turtle Shell,Standard +12 ,"{'Phy': '137 ', 'Mag': '- ', 'Fir': '- ', 'Lit': '- ', 'Hol': '- ', 'Sta': '97 '}","{'Str': 'D ', 'Dex': '- ', 'Int': '- ', 'Fai': '- ', 'Arc': '- '}",{'Any': '- '},"{'Phy': '87 ', 'Mag': '44 ', 'Fir': '39 ', 'Lit': '43 ', 'Hol': '46 ', 'Bst': '54.39 ', 'Rst': '25 '}"
19739,Great Turtle Shell,Standard +13 ,"{'Phy': '142 ', 'Mag': '- ', 'Fir': '- ', 'Lit': '- ', 'Hol': '- ', 'Sta': '100 '}","{'Str': 'D ', 'Dex': '- ', 'Int': '- ', 'Fai': '- ', 'Arc': '- '}",{'Any': '- '},"{'Phy': '87 ', 'Mag': '44 ', 'Fir': '39 ', 'Lit': '43 ', 'Hol': '46 ', 'Bst': '54.88 ', 'Rst': '25 '}"
19740,Great Turtle Shell,Standard +14 ,"{'Phy': '146 ', 'Mag': '- ', 'Fir': '- ', 'Lit': '- ', 'Hol': '- ', 'Sta': '102 '}","{'Str': 'C ', 'Dex': '- ', 'Int': '- ', 'Fai': '- ', 'Arc': '- '}",{'Any': '- '},"{'Phy': '87 ', 'Mag': '44 ', 'Fir': '39 ', 'Lit': '43 ', 'Hol': '46 ', 'Bst': '55.37 ', 'Rst': '25 '}"
19741,Great Turtle Shell,Standard +15 ,"{'Phy': '151 ', 'Mag': '- ', 'Fir': '- ', 'Lit': '- ', 'Hol': '- ', 'Sta': '105 '}","{'Str': 'C ', 'Dex': '- ', 'Int': '- ', 'Fai': '- ', 'Arc': '- '}",{'Any': '- '},"{'Phy': '87 ', 'Mag': '44 ', 'Fir': '39 ', 'Lit': '43 ', 'Hol': '46 ', 'Bst': '55.86 ', 'Rst': '25 '}"
19742,Great Turtle Shell,Standard +16 ,"{'Phy': '156 ', 'Mag': '- ', 'Fir': '- ', 'Lit': '- ', 'Hol': '- ', 'Sta': '108 '}","{'Str': 'C ', 'Dex': '- ', 'Int': '- ', 'Fai': '- ', 'Arc': '- '}",{'Any': '- '},"{'Phy': '87 ', 'Mag': '44 ', 'Fir': '39 ', 'Lit': '43 ', 'Hol': '46 ', 'Bst': '56.35 ', 'Rst': '25 '}"
19743,Great Turtle Shell,Standard +17 ,"{'Phy': '160 ', 'Mag': '- ', 'Fir': '- ', 'Lit': '- ', 'Hol': '- ', 'Sta': '110 '}","{'Str': 'C ', 'Dex': '- ', 'Int': '- ', 'Fai': '- ', 'Arc': '- '}",{'Any': '- '},"{'Phy': '87 ', 'Mag': '44 ', 'Fir': '39 ', 'Lit': '43 ', 'Hol': '46 ', 'Bst': '56.84 ', 'Rst': '25 '}"
19744,Great Turtle Shell,Standard +18 ,"{'Phy': '165 ', 'Mag': '- ', 'Fir': '- ', 'Lit': '- ', 'Hol': '- ', 'Sta': '113 '}","{'Str': 'C ', 'Dex': '- ', 'Int': '- ', 'Fai': '- ', 'Arc': '- '}",{'Any': '- '},"{'Phy': '87 ', 'Mag': '44 ', 'Fir': '39 ', 'Lit': '43 ', 'Hol': '46 ', 'Bst': '57.33 ', 'Rst': '25 '}"
19745,Great Turtle Shell,Standard +19 ,"{'Phy': '170 ', 'Mag': '- ', 'Fir': '- ', 'Lit': '- ', 'Hol': '- ', 'Sta': '116 '}","{'Str': 'C ', 'Dex': '- ', 'Int': '- ', 'Fai': '- ', 'Arc': '- '}",{'Any': '- '},"{'Phy': '87 ', 'Mag': '44 ', 'Fir': '39 ', 'Lit': '43 ', 'Hol': '46 ', 'Bst': '57.82 ', 'Rst': '25 '}"
19746,Great Turtle Shell,Standard +20 ,"{'Phy': '174 ', 'Mag': '- ', 'Fir': '- ', 'Lit': '- ', 'Hol': '- ', 'Sta': '118 '}","{'Str': 'C ', 'Dex': '- ', 'Int': '- ', 'Fai': '- ', 'Arc': '- '}",{'Any': '- '},"{'Phy': '87 ', 'Mag': '44 ', 'Fir': '39 ', 'Lit': '43 ', 'Hol': '46 ', 'Bst': '58.31 ', 'Rst': '25 '}"
19747,Great Turtle Shell,Standard +21 ,"{'Phy': '179 ', 'Mag': '- ', 'Fir': '- ', 'Lit': '- ', 'Hol': '- ', 'Sta': '121 '}","{'Str': 'C ', 'Dex': '- ', 'Int': '- ', 'Fai': '- ', 'Arc': '- '}",{'Any': '- '},"{'Phy': '87 ', 'Mag': '44 ', 'Fir': '39 ', 'Lit': '43 ', 'Hol': '46 ', 'Bst': '58.8 ', 'Rst': '25 '}"
19748,Great Turtle Shell,Standard +22 ,"{'Phy': '184 ', 'Mag': '- ', 'Fir': '- ', 'Lit': '- ', 'Hol': '- ', 'Sta': '124 '}","{'Str': 'C ', 'Dex': '- ', 'Int': '- ', 'Fai': '- ', 'Arc': '- '}",{'Any': '- '},"{'Phy': '87 ', 'Mag': '44 ', 'Fir': '39 ', 'Lit': '43 ', 'Hol': '46 ', 'Bst': '59.29 ', 'Rst': '25 '}"
19749,Great Turtle Shell,Standard +23 ,"{'Phy': '189 ', 'Mag': '- ', 'Fir': '- ', 'Lit': '- ', 'Hol': '- ', 'Sta': '126 '}","{'Str': 'C ', 'Dex': '- ', 'Int': '- ', 'Fai': '- ', 'Arc': '- '}",{'Any': '- '},"{'Phy': '87 ', 'Mag': '44 ', 'Fir': '39 ', 'Lit': '43 ', 'Hol': '46 ', 'Bst': '59.78 ', 'Rst': '25 '}"
19750,Great Turtle Shell,Standard +24 ,"{'Phy': '193 ', 'Mag': '- ', 'Fir': '- ', 'Lit': '- ', 'Hol': '- ', 'Sta': '129 '}","{'Str': 'C ', 'Dex': '- ', 'Int': '- ', 'Fai': '- ', 'Arc': '- '}",{'Any': '- '},"{'Phy': '87 ', 'Mag': '44 ', 'Fir': '39 ', 'Lit': '43 ', 'Hol': '46 ', 'Bst': '60.27 ', 'Rst': '25 '}"
19751,Great Turtle Shell,Standard +25 ,"{'Phy': '198 ', 'Mag': '- ', 'Fir': '- ', 'Lit': '- ', 'Hol': '- ', 'Sta': '132 '}","{'Str': 'C ', 'Dex': '- ', 'Int': '- ', 'Fai': '- ', 'Arc': '- '}",{'Any': '- '},"{'Phy': '87 ', 'Mag': '44 ', 'Fir': '39 ', 'Lit': '43 ', 'Hol': '46 ', 'Bst': '60.76 ', 'Rst': '25 '}"
20064,Great Turtle Shell,Standard ,"{'Phy': '81 ', 'Mag': '- ', 'Fir': '- ', 'Lit': '- ', 'Hol': '- ', 'Sta': '66 '}","{'Str': 'D ', 'Dex': '- ', 'Int': '- ', 'Fai': '- ', 'Arc': '- '}",{'Any': '- '},"{'Phy': '87 ', 'Mag': '44 ', 'Fir': '39 ', 'Lit': '43 ', 'Hol': '46 ', 'Bst': '49 ', 'Rst': '25 '}"
20065,Great Turtle Shell,Standard +1 ,"{'Phy': '85 ', 'Mag': '- ', 'Fir': '- ', 'Lit': '- ', 'Hol': '- ', 'Sta': '68 '}","{'Str': 'D ', 'Dex': '- ', 'Int': '- ', 'Fai': '- ', 'Arc': '- '}",{'Any': '- '},"{'Phy': '87 ', 'Mag': '44 ', 'Fir': '39 ', 'Lit': '43 ', 'Hol': '46 ', 'Bst': '49 ', 'Rst': '25 '}"
20066,Great Turtle Shell,Standard +2 ,"{'Phy': '90 ', 'Mag': '- ', 'Fir': '- ', 'Lit': '- ', 'Hol': '- ', 'Sta': '71 '}","{'Str': 'D ', 'Dex': '- ', 'Int': '- ', 'Fai': '- ', 'Arc': '- '}",{'Any': '- '},"{'Phy': '87 ', 'Mag': '44 ', 'Fir': '39 ', 'Lit': '43 ', 'Hol': '46 ', 'Bst': '49.49 ', 'Rst': '25 '}"
20067,Great Turtle Shell,Standard +3 ,"{'Phy': '95 ', 'Mag': '- ', 'Fir': '- ', 'Lit': '- ', 'Hol': '- ', 'Sta': '73 '}","{'Str': 'D ', 'Dex': '- ', 'Int': '- ', 'Fai': '- ', 'Arc': '- '}",{'Any': '- '},"{'Phy': '87 ', 'Mag': '44 ', 'Fir': '39 ', 'Lit': '43 ', 'Hol': '46 ', 'Bst': '49.98 ', 'Rst': '25 '}"
20068,Great Turtle Shell,Standard +4 ,"{'Phy': '99 ', 'Mag': '- ', 'Fir': '- ', 'Lit': '- ', 'Hol': '- ', 'Sta': '76 '}","{'Str': 'D ', 'Dex': '- ', 'Int': '- ', 'Fai': '- ', 'Arc': '- '}",{'Any': '- '},"{'Phy': '87 ', 'Mag': '44 ', 'Fir': '39 ', 'Lit': '43 ', 'Hol': '46 ', 'Bst': '50.47 ', 'Rst': '25 '}"
20069,Great Turtle Shell,Standard +5 ,"{'Phy': '104 ', 'Mag': '- ', 'Fir': '- ', 'Lit': '- ', 'Hol': '- ', 'Sta': '79 '}","{'Str': 'D ', 'Dex': '- ', 'Int': '- ', 'Fai': '- ', 'Arc': '- '}",{'Any': '- '},"{'Phy': '87 ', 'Mag': '44 ', 'Fir': '39 ', 'Lit': '43 ', 'Hol': '46 ', 'Bst': '50.96 ', 'Rst': '25 '}"
20070,Great Turtle Shell,Standard +6 ,"{'Phy': '109 ', 'Mag': '- ', 'Fir': '- ', 'Lit': '- ', 'Hol': '- ', 'Sta': '81 '}","{'Str': 'D ', 'Dex': '- ', 'Int': '- ', 'Fai': '- ', 'Arc': '- '}",{'Any': '- '},"{'Phy': '87 ', 'Mag': '44 ', 'Fir': '39 ', 'Lit': '43 ', 'Hol': '46 ', 'Bst': '51.45 ', 'Rst': '25 '}"
20071,Great Turtle Shell,Standard +7 ,"{'Phy': '113 ', 'Mag': '- ', 'Fir': '- ', 'Lit': '- ', 'Hol': '- ', 'Sta': '84 '}","{'Str': 'D ', 'Dex': '- ', 'Int': '- ', 'Fai': '- ', 'Arc': '- '}",{'Any': '- '},"{'Phy': '87 ', 'Mag': '44 ', 'Fir': '39 ', 'Lit': '43 ', 'Hol': '46 ', 'Bst': '51.94 ', 'Rst': '25 '}"
20072,Great Turtle Shell,Standard +8 ,"{'Phy': '118 ', 'Mag': '- ', 'Fir': '- ', 'Lit': '- ', 'Hol': '- ', 'Sta': '87 '}","{'Str': 'D ', 'Dex': '- ', 'Int': '- ', 'Fai': '- ', 'Arc': '- '}",{'Any': '- '},"{'Phy': '87 ', 'Mag': '44 ', 'Fir': '39 ', 'Lit': '43 ', 'Hol': '46 ', 'Bst': '52.43 ', 'Rst': '25 '}"
20073,Great Turtle Shell,Standard +9 ,"{'Phy': '123 ', 'Mag': '- ', 'Fir': '- ', 'Lit': '- ', 'Hol': '- ', 'Sta': '89 '}","{'Str': 'D ', 'Dex': '- ', 'Int': '- ', 'Fai': '- ', 'Arc': '- '}",{'Any': '- '},"{'Phy': '87 ', 'Mag': '44 ', 'Fir': '39 ', 'Lit': '43 ', 'Hol': '46 ', 'Bst': '52.92 ', 'Rst': '25 '}"
20074,Great Turtle Shell,Standard +10 ,"{'Phy': '127 ', 'Mag': '- ', 'Fir': '- ', 'Lit': '- ', 'Hol': '- ', 'Sta': '92 '}","{'Str': 'D ', 'Dex': '- ', 'Int': '- ', 'Fai': '- ', 'Arc': '- '}",{'Any': '- '},"{'Phy': '87 ', 'Mag': '44 ', 'Fir': '39 ', 'Lit': '43 ', 'Hol': '46 ', 'Bst': '53.41 ', 'Rst': '25 '}"
20075,Great Turtle Shell,Standard +11 ,"{'Phy': '132 ', 'Mag': '- ', 'Fir': '- ', 'Lit': '- ', 'Hol': '- ', 'Sta': '95 '}","{'Str': 'D ', 'Dex': '- ', 'Int': '- ', 'Fai': '- ', 'Arc': '- '}",{'Any': '- '},"{'Phy': '87 ', 'Mag': '44 ', 'Fir': '39 ', 'Lit': '43 ', 'Hol': '46 ', 'Bst': '53.9 ', 'Rst': '25 '}"
20076,Great Turtle Shell,Standard +12 ,"{'Phy': '137 ', 'Mag': '- ', 'Fir': '- ', 'Lit': '- ', 'Hol': '- ', 'Sta': '97 '}","{'Str': 'D ', 'Dex': '- ', 'Int': '- ', 'Fai': '- ', 'Arc': '- '}",{'Any': '- '},"{'Phy': '87 ', 'Mag': '44 ', 'Fir': '39 ', 'Lit': '43 ', 'Hol': '46 ', 'Bst': '54.39 ', 'Rst': '25 '}"
20077,Great Turtle Shell,Standard +13 ,"{'Phy': '142 ', 'Mag': '- ', 'Fir': '- ', 'Lit': '- ', 'Hol': '- ', 'Sta': '100 '}","{'Str': 'D ', 'Dex': '- ', 'Int': '- ', 'Fai': '- ', 'Arc': '- '}",{'Any': '- '},"{'Phy': '87 ', 'Mag': '44 ', 'Fir': '39 ', 'Lit': '43 ', 'Hol': '46 ', 'Bst': '54.88 ', 'Rst': '25 '}"
20078,Great Turtle Shell,Standard +14 ,"{'Phy': '146 ', 'Mag': '- ', 'Fir': '- ', 'Lit': '- ', 'Hol': '- ', 'Sta': '102 '}","{'Str': 'C ', 'Dex': '- ', 'Int': '- ', 'Fai': '- ', 'Arc': '- '}",{'Any': '- '},"{'Phy': '87 ', 'Mag': '44 ', 'Fir': '39 ', 'Lit': '43 ', 'Hol': '46 ', 'Bst': '55.37 ', 'Rst': '25 '}"
20079,Great Turtle Shell,Standard +15 ,"{'Phy': '151 ', 'Mag': '- ', 'Fir': '- ', 'Lit': '- ', 'Hol': '- ', 'Sta': '105 '}","{'Str': 'C ', 'Dex': '- ', 'Int': '- ', 'Fai': '- ', 'Arc': '- '}",{'Any': '- '},"{'Phy': '87 ', 'Mag': '44 ', 'Fir': '39 ', 'Lit': '43 ', 'Hol': '46 ', 'Bst': '55.86 ', 'Rst': '25 '}"
20080,Great Turtle Shell,Standard +16 ,"{'Phy': '156 ', 'Mag': '- ', 'Fir': '- ', 'Lit': '- ', 'Hol': '- ', 'Sta': '108 '}","{'Str': 'C ', 'Dex': '- ', 'Int': '- ', 'Fai': '- ', 'Arc': '- '}",{'Any': '- '},"{'Phy': '87 ', 'Mag': '44 ', 'Fir': '39 ', 'Lit': '43 ', 'Hol': '46 ', 'Bst': '56.35 ', 'Rst': '25 '}"
20081,Great Turtle Shell,Standard +17 ,"{'Phy': '160 ', 'Mag': '- ', 'Fir': '- ', 'Lit': '- ', 'Hol': '- ', 'Sta': '110 '}","{'Str': 'C ', 'Dex': '- ', 'Int': '- ', 'Fai': '- ', 'Arc': '- '}",{'Any': '- '},"{'Phy': '87 ', 'Mag': '44 ', 'Fir': '39 ', 'Lit': '43 ', 'Hol': '46 ', 'Bst': '56.84 ', 'Rst': '25 '}"
20082,Great Turtle Shell,Standard +18 ,"{'Phy': '165 ', 'Mag': '- ', 'Fir': '- ', 'Lit': '- ', 'Hol': '- ', 'Sta': '113 '}","{'Str': 'C ', 'Dex': '- ', 'Int': '- ', 'Fai': '- ', 'Arc': '- '}",{'Any': '- '},"{'Phy': '87 ', 'Mag': '44 ', 'Fir': '39 ', 'Lit': '43 ', 'Hol': '46 ', 'Bst': '57.33 ', 'Rst': '25 '}"
20083,Great Turtle Shell,Standard +19 ,"{'Phy': '170 ', 'Mag': '- ', 'Fir': '- ', 'Lit': '- ', 'Hol': '- ', 'Sta': '116 '}","{'Str': 'C ', 'Dex': '- ', 'Int': '- ', 'Fai': '- ', 'Arc': '- '}",{'Any': '- '},"{'Phy': '87 ', 'Mag': '44 ', 'Fir': '39 ', 'Lit': '43 ', 'Hol': '46 ', 'Bst': '57.82 ', 'Rst': '25 '}"
20084,Great Turtle Shell,Standard +20 ,"{'Phy': '174 ', 'Mag': '- ', 'Fir': '- ', 'Lit': '- ', 'Hol': '- ', 'Sta': '118 '}","{'Str': 'C ', 'Dex': '- ', 'Int': '- ', 'Fai': '- ', 'Arc': '- '}",{'Any': '- '},"{'Phy': '87 ', 'Mag': '44 ', 'Fir': '39 ', 'Lit': '43 ', 'Hol': '46 ', 'Bst': '58.31 ', 'Rst': '25 '}"
20085,Great Turtle Shell,Standard +21 ,"{'Phy': '179 ', 'Mag': '- ', 'Fir': '- ', 'Lit': '- ', 'Hol': '- ', 'Sta': '121 '}","{'Str': 'C ', 'Dex': '- ', 'Int': '- ', 'Fai': '- ', 'Arc': '- '}",{'Any': '- '},"{'Phy': '87 ', 'Mag': '44 ', 'Fir': '39 ', 'Lit': '43 ', 'Hol': '46 ', 'Bst': '58.8 ', 'Rst': '25 '}"
20086,Great Turtle Shell,Standard +22 ,"{'Phy': '184 ', 'Mag': '- ', 'Fir': '- ', 'Lit': '- ', 'Hol': '- ', 'Sta': '124 '}","{'Str': 'C ', 'Dex': '- ', 'Int': '- ', 'Fai': '- ', 'Arc': '- '}",{'Any': '- '},"{'Phy': '87 ', 'Mag': '44 ', 'Fir': '39 ', 'Lit': '43 ', 'Hol': '46 ', 'Bst': '59.29 ', 'Rst': '25 '}"
20087,Great Turtle Shell,Standard +23 ,"{'Phy': '189 ', 'Mag': '- ', 'Fir': '- ', 'Lit': '- ', 'Hol': '- ', 'Sta': '126 '}","{'Str': 'C ', 'Dex': '- ', 'Int': '- ', 'Fai': '- ', 'Arc': '- '}",{'Any': '- '},"{'Phy': '87 ', 'Mag': '44 ', 'Fir': '39 ', 'Lit': '43 ', 'Hol': '46 ', 'Bst': '59.78 ', 'Rst': '25 '}"
20088,Great Turtle Shell,Standard +24 ,"{'Phy': '193 ', 'Mag': '- ', 'Fir': '- ', 'Lit': '- ', 'Hol': '- ', 'Sta': '129 '}","{'Str': 'C ', 'Dex': '- ', 'Int': '- ', 'Fai': '- ', 'Arc': '- '}",{'Any': '- '},"{'Phy': '87 ', 'Mag': '44 ', 'Fir': '39 ', 'Lit': '43 ', 'Hol': '46 ', 'Bst': '60.27 ', 'Rst': '25 '}"
20089,Great Turtle Shell,Standard +25 ,"{'Phy': '198 ', 'Mag': '- ', 'Fir': '- ', 'Lit': '- ', 'Hol': '- ', 'Sta': '132 '}","{'Str': 'C ', 'Dex': '- ', 'Int': '- ', 'Fai': '- ', 'Arc': '- '}",{'Any': '- '},"{'Phy': '87 ', 'Mag': '44 ', 'Fir': '39 ', 'Lit': '43 ', 'Hol': '46 ', 'Bst': '60.76 ', 'Rst': '25 '}"
20402,Golden Lion Shield,Standard ,"{'Phy': '81 ', 'Mag': '- ', 'Fir': '- ', 'Lit': '- ', 'Hol': '- ', 'Sta': '66 '}","{'Str': 'C ', 'Dex': '- ', 'Int': '- ', 'Fai': '- ', 'Arc': '- '}",{'Any': '- '},"{'Phy': '100 ', 'Mag': '44 ', 'Fir': '43 ', 'Lit': '41 ', 'Hol': '49 ', 'Bst': '50 ', 'Rst': '25 '}"
20403,Golden Lion Shield,Standard +1 ,"{'Phy': '85 ', 'Mag': '- ', 'Fir': '- ', 'Lit': '- ', 'Hol': '- ', 'Sta': '68 '}","{'Str': 'C ', 'Dex': '- ', 'Int': '- ', 'Fai': '- ', 'Arc': '- '}",{'Any': '- '},"{'Phy': '100 ', 'Mag': '44 ', 'Fir': '43 ', 'Lit': '41 ', 'Hol': '49 ', 'Bst': '50 ', 'Rst': '25 '}"
20404,Golden Lion Shield,Standard +2 ,"{'Phy': '90 ', 'Mag': '- ', 'Fir': '- ', 'Lit': '- ', 'Hol': '- ', 'Sta': '71 '}","{'Str': 'C ', 'Dex': '- ', 'Int': '- ', 'Fai': '- ', 'Arc': '- '}",{'Any': '- '},"{'Phy': '100 ', 'Mag': '44 ', 'Fir': '43 ', 'Lit': '41 ', 'Hol': '49 ', 'Bst': '50.5 ', 'Rst': '25 '}"
20405,Golden Lion Shield,Standard +3 ,"{'Phy': '95 ', 'Mag': '- ', 'Fir': '- ', 'Lit': '- ', 'Hol': '- ', 'Sta': '73 '}","{'Str': 'C ', 'Dex': '- ', 'Int': '- ', 'Fai': '- ', 'Arc': '- '}",{'Any': '- '},"{'Phy': '100 ', 'Mag': '44 ', 'Fir': '43 ', 'Lit': '41 ', 'Hol': '49 ', 'Bst': '51 ', 'Rst': '25 '}"
20406,Golden Lion Shield,Standard +4 ,"{'Phy': '99 ', 'Mag': '- ', 'Fir': '- ', 'Lit': '- ', 'Hol': '- ', 'Sta': '76 '}","{'Str': 'C ', 'Dex': '- ', 'Int': '- ', 'Fai': '- ', 'Arc': '- '}",{'Any': '- '},"{'Phy': '100 ', 'Mag': '44 ', 'Fir': '43 ', 'Lit': '41 ', 'Hol': '49 ', 'Bst': '51.5 ', 'Rst': '25 '}"
20407,Golden Lion Shield,Standard +5 ,"{'Phy': '104 ', 'Mag': '- ', 'Fir': '- ', 'Lit': '- ', 'Hol': '- ', 'Sta': '79 '}","{'Str': 'C ', 'Dex': '- ', 'Int': '- ', 'Fai': '- ', 'Arc': '- '}",{'Any': '- '},"{'Phy': '100 ', 'Mag': '44 ', 'Fir': '43 ', 'Lit': '41 ', 'Hol': '49 ', 'Bst': '52 ', 'Rst': '25 '}"
20408,Golden Lion Shield,Standard +6 ,"{'Phy': '109 ', 'Mag': '- ', 'Fir': '- ', 'Lit': '- ', 'Hol': '- ', 'Sta': '81 '}","{'Str': 'C ', 'Dex': '- ', 'Int': '- ', 'Fai': '- ', 'Arc': '- '}",{'Any': '- '},"{'Phy': '100 ', 'Mag': '44 ', 'Fir': '43 ', 'Lit': '41 ', 'Hol': '49 ', 'Bst': '52.5 ', 'Rst': '25 '}"
20409,Golden Lion Shield,Standard +7 ,"{'Phy': '113 ', 'Mag': '- ', 'Fir': '- ', 'Lit': '- ', 'Hol': '- ', 'Sta': '84 '}","{'Str': 'C ', 'Dex': '- ', 'Int': '- ', 'Fai': '- ', 'Arc': '- '}",{'Any': '- '},"{'Phy': '100 ', 'Mag': '44 ', 'Fir': '43 ', 'Lit': '41 ', 'Hol': '49 ', 'Bst': '53 ', 'Rst': '25 '}"
20410,Golden Lion Shield,Standard +8 ,"{'Phy': '118 ', 'Mag': '- ', 'Fir': '- ', 'Lit': '- ', 'Hol': '- ', 'Sta': '87 '}","{'Str': 'C ', 'Dex': '- ', 'Int': '- ', 'Fai': '- ', 'Arc': '- '}",{'Any': '- '},"{'Phy': '100 ', 'Mag': '44 ', 'Fir': '43 ', 'Lit': '41 ', 'Hol': '49 ', 'Bst': '53.5 ', 'Rst': '25 '}"
20411,Golden Lion Shield,Standard +9 ,"{'Phy': '123 ', 'Mag': '- ', 'Fir': '- ', 'Lit': '- ', 'Hol': '- ', 'Sta': '89 '}","{'Str': 'C ', 'Dex': '- ', 'Int': '- ', 'Fai': '- ', 'Arc': '- '}",{'Any': '- '},"{'Phy': '100 ', 'Mag': '44 ', 'Fir': '43 ', 'Lit': '41 ', 'Hol': '49 ', 'Bst': '54 ', 'Rst': '25 '}"
20412,Golden Lion Shield,Standard +10 ,"{'Phy': '127 ', 'Mag': '- ', 'Fir': '- ', 'Lit': '- ', 'Hol': '- ', 'Sta': '92 '}","{'Str': 'C ', 'Dex': '- ', 'Int': '- ', 'Fai': '- ', 'Arc': '- '}",{'Any': '- '},"{'Phy': '100 ', 'Mag': '44 ', 'Fir': '43 ', 'Lit': '41 ', 'Hol': '49 ', 'Bst': '54.5 ', 'Rst': '25 '}"
20413,Serpent Crest Shield,Standard ,"{'Phy': '82 ', 'Mag': '- ', 'Fir': '- ', 'Lit': '- ', 'Hol': '- ', 'Sta': '68 '}","{'Str': 'D ', 'Dex': '- ', 'Int': '- ', 'Fai': '- ', 'Arc': '- '}",{'Any': '- '},"{'Phy': '100 ', 'Mag': '39 ', 'Fir': '63 ', 'Lit': '39 ', 'Hol': '38 ', 'Bst': '55 ', 'Rst': '26 '}"
20414,Serpent Crest Shield,Standard +1 ,"{'Phy': '86 ', 'Mag': '- ', 'Fir': '- ', 'Lit': '- ', 'Hol': '- ', 'Sta': '70 '}","{'Str': 'D ', 'Dex': '- ', 'Int': '- ', 'Fai': '- ', 'Arc': '- '}",{'Any': '- '},"{'Phy': '100 ', 'Mag': '39 ', 'Fir': '63 ', 'Lit': '39 ', 'Hol': '38 ', 'Bst': '55.55 ', 'Rst': '26 '}"
20415,Serpent Crest Shield,Standard +2 ,"{'Phy': '91 ', 'Mag': '- ', 'Fir': '- ', 'Lit': '- ', 'Hol': '- ', 'Sta': '73 '}","{'Str': 'D ', 'Dex': '- ', 'Int': '- ', 'Fai': '- ', 'Arc': '- '}",{'Any': '- '},"{'Phy': '100 ', 'Mag': '39 ', 'Fir': '63 ', 'Lit': '39 ', 'Hol': '38 ', 'Bst': '56.1 ', 'Rst': '26 '}"
20416,Serpent Crest Shield,Standard +3 ,"{'Phy': '96 ', 'Mag': '- ', 'Fir': '- ', 'Lit': '- ', 'Hol': '- ', 'Sta': '76 '}","{'Str': 'D ', 'Dex': '- ', 'Int': '- ', 'Fai': '- ', 'Arc': '- '}",{'Any': '- '},"{'Phy': '100 ', 'Mag': '39 ', 'Fir': '63 ', 'Lit': '39 ', 'Hol': '38 ', 'Bst': '56.65 ', 'Rst': '26 '}"
20417,Serpent Crest Shield,Standard +4 ,"{'Phy': '101 ', 'Mag': '- ', 'Fir': '- ', 'Lit': '- ', 'Hol': '- ', 'Sta': '78 '}","{'Str': 'D ', 'Dex': '- ', 'Int': '- ', 'Fai': '- ', 'Arc': '- '}",{'Any': '- '},"{'Phy': '100 ', 'Mag': '39 ', 'Fir': '63 ', 'Lit': '39 ', 'Hol': '38 ', 'Bst': '56.65 ', 'Rst': '26 '}"
20418,Serpent Crest Shield,Standard +5 ,"{'Phy': '105 ', 'Mag': '- ', 'Fir': '- ', 'Lit': '- ', 'Hol': '- ', 'Sta': '81 '}","{'Str': 'D ', 'Dex': '- ', 'Int': '- ', 'Fai': '- ', 'Arc': '- '}",{'Any': '- '},"{'Phy': '100 ', 'Mag': '39 ', 'Fir': '63 ', 'Lit': '39 ', 'Hol': '38 ', 'Bst': '57.75 ', 'Rst': '26 '}"
20419,Serpent Crest Shield,Standard +6 ,"{'Phy': '110 ', 'Mag': '- ', 'Fir': '- ', 'Lit': '- ', 'Hol': '- ', 'Sta': '84 '}","{'Str': 'D ', 'Dex': '- ', 'Int': '- ', 'Fai': '- ', 'Arc': '- '}",{'Any': '- '},"{'Phy': '100 ', 'Mag': '39 ', 'Fir': '63 ', 'Lit': '39 ', 'Hol': '38 ', 'Bst': '58.3 ', 'Rst': '26 '}"
20420,Serpent Crest Shield,Standard +7 ,"{'Phy': '115 ', 'Mag': '- ', 'Fir': '- ', 'Lit': '- ', 'Hol': '- ', 'Sta': '87 '}","{'Str': 'D ', 'Dex': '- ', 'Int': '- ', 'Fai': '- ', 'Arc': '- '}",{'Any': '- '},"{'Phy': '100 ', 'Mag': '39 ', 'Fir': '63 ', 'Lit': '39 ', 'Hol': '38 ', 'Bst': '58.85 ', 'Rst': '26 '}"
20421,Serpent Crest Shield,Standard +8 ,"{'Phy': '120 ', 'Mag': '- ', 'Fir': '- ', 'Lit': '- ', 'Hol': '- ', 'Sta': '89 '}","{'Str': 'D ', 'Dex': '- ', 'Int': '- ', 'Fai': '- ', 'Arc': '- '}",{'Any': '- '},"{'Phy': '100 ', 'Mag': '39 ', 'Fir': '63 ', 'Lit': '39 ', 'Hol': '38 ', 'Bst': '59.4 ', 'Rst': '26 '}"
20422,Serpent Crest Shield,Standard +9 ,"{'Phy': '124 ', 'Mag': '- ', 'Fir': '- ', 'Lit': '- ', 'Hol': '- ', 'Sta': '92 '}","{'Str': 'D ', 'Dex': '- ', 'Int': '- ', 'Fai': '- ', 'Arc': '- '}",{'Any': '- '},"{'Phy': '100 ', 'Mag': '39 ', 'Fir': '63 ', 'Lit': '39 ', 'Hol': '38 ', 'Bst': '59.95 ', 'Rst': '26 '}"
20423,Serpent Crest Shield,Standard +10 ,"{'Phy': '129 ', 'Mag': '- ', 'Fir': '- ', 'Lit': '- ', 'Hol': '- ', 'Sta': '95 '}","{'Str': 'D ', 'Dex': '- ', 'Int': '- ', 'Fai': '- ', 'Arc': '- '}",{'Any': '- '},"{'Phy': '100 ', 'Mag': '39 ', 'Fir': '63 ', 'Lit': '39 ', 'Hol': '38 ', 'Bst': '60.5 ', 'Rst': '26 '}"
20424,Serpent Crest Shield,Standard +11 ,"{'Phy': '134 ', 'Mag': '- ', 'Fir': '- ', 'Lit': '- ', 'Hol': '- ', 'Sta': '97 '}","{'Str': 'D ', 'Dex': '- ', 'Int': '- ', 'Fai': '- ', 'Arc': '- '}",{'Any': '- '},"{'Phy': '100 ', 'Mag': '39 ', 'Fir': '63 ', 'Lit': '39 ', 'Hol': '38 ', 'Bst': '61.05 ', 'Rst': '26 '}"
20425,Serpent Crest Shield,Standard +12 ,"{'Phy': '139 ', 'Mag': '- ', 'Fir': '- ', 'Lit': '- ', 'Hol': '- ', 'Sta': '100 '}","{'Str': 'D ', 'Dex': '- ', 'Int': '- ', 'Fai': '- ', 'Arc': '- '}",{'Any': '- '},"{'Phy': '100 ', 'Mag': '39 ', 'Fir': '63 ', 'Lit': '39 ', 'Hol': '38 ', 'Bst': '61.6 ', 'Rst': '26 '}"
20426,Serpent Crest Shield,Standard +13 ,"{'Phy': '143 ', 'Mag': '- ', 'Fir': '- ', 'Lit': '- ', 'Hol': '- ', 'Sta': '103 '}","{'Str': 'D ', 'Dex': '- ', 'Int': '- ', 'Fai': '- ', 'Arc': '- '}",{'Any': '- '},"{'Phy': '100 ', 'Mag': '39 ', 'Fir': '63 ', 'Lit': '39 ', 'Hol': '38 ', 'Bst': '62.15 ', 'Rst': '26 '}"
20427,Serpent Crest Shield,Standard +14 ,"{'Phy': '148 ', 'Mag': '- ', 'Fir': '- ', 'Lit': '- ', 'Hol': '- ', 'Sta': '106 '}","{'Str': 'C ', 'Dex': '- ', 'Int': '- ', 'Fai': '- ', 'Arc': '- '}",{'Any': '- '},"{'Phy': '100 ', 'Mag': '39 ', 'Fir': '63 ', 'Lit': '39 ', 'Hol': '38 ', 'Bst': '62.7 ', 'Rst': '26 '}"
20428,Serpent Crest Shield,Standard +15 ,"{'Phy': '153 ', 'Mag': '- ', 'Fir': '- ', 'Lit': '- ', 'Hol': '- ', 'Sta': '108 '}","{'Str': 'C ', 'Dex': '- ', 'Int': '- ', 'Fai': '- ', 'Arc': '- '}",{'Any': '- '},"{'Phy': '100 ', 'Mag': '39 ', 'Fir': '63 ', 'Lit': '39 ', 'Hol': '38 ', 'Bst': '63.25 ', 'Rst': '26 '}"
20429,Serpent Crest Shield,Standard +16 ,"{'Phy': '158 ', 'Mag': '- ', 'Fir': '- ', 'Lit': '- ', 'Hol': '- ', 'Sta': '111 '}","{'Str': 'C ', 'Dex': '- ', 'Int': '- ', 'Fai': '- ', 'Arc': '- '}",{'Any': '- '},"{'Phy': '100 ', 'Mag': '39 ', 'Fir': '63 ', 'Lit': '39 ', 'Hol': '38 ', 'Bst': '63.8 ', 'Rst': '26 '}"
20430,Serpent Crest Shield,Standard +17 ,"{'Phy': '162 ', 'Mag': '- ', 'Fir': '- ', 'Lit': '- ', 'Hol': '- ', 'Sta': '114 '}","{'Str': 'C ', 'Dex': '- ', 'Int': '- ', 'Fai': '- ', 'Arc': '- '}",{'Any': '- '},"{'Phy': '100 ', 'Mag': '39 ', 'Fir': '63 ', 'Lit': '39 ', 'Hol': '38 ', 'Bst': '63.8 ', 'Rst': '26 '}"
20431,Serpent Crest Shield,Standard +18 ,"{'Phy': '167 ', 'Mag': '- ', 'Fir': '- ', 'Lit': '- ', 'Hol': '- ', 'Sta': '116 '}","{'Str': 'C ', 'Dex': '- ', 'Int': '- ', 'Fai': '- ', 'Arc': '- '}",{'Any': '- '},"{'Phy': '100 ', 'Mag': '39 ', 'Fir': '63 ', 'Lit': '39 ', 'Hol': '38 ', 'Bst': '64.35 ', 'Rst': '26 '}"
20432,Serpent Crest Shield,Standard +19 ,"{'Phy': '172 ', 'Mag': '- ', 'Fir': '- ', 'Lit': '- ', 'Hol': '- ', 'Sta': '119 '}","{'Str': 'C ', 'Dex': '- ', 'Int': '- ', 'Fai': '- ', 'Arc': '- '}",{'Any': '- '},"{'Phy': '100 ', 'Mag': '39 ', 'Fir': '63 ', 'Lit': '39 ', 'Hol': '38 ', 'Bst': '64.35 ', 'Rst': '26 '}"
20433,Serpent Crest Shield,Standard +20 ,"{'Phy': '177 ', 'Mag': '- ', 'Fir': '- ', 'Lit': '- ', 'Hol': '- ', 'Sta': '122 '}","{'Str': 'C ', 'Dex': '- ', 'Int': '- ', 'Fai': '- ', 'Arc': '- '}",{'Any': '- '},"{'Phy': '100 ', 'Mag': '39 ', 'Fir': '63 ', 'Lit': '39 ', 'Hol': '38 ', 'Bst': '64.9 ', 'Rst': '26 '}"
20434,Serpent Crest Shield,Standard +21 ,"{'Phy': '181 ', 'Mag': '- ', 'Fir': '- ', 'Lit': '- ', 'Hol': '- ', 'Sta': '125 '}","{'Str': 'C ', 'Dex': '- ', 'Int': '- ', 'Fai': '- ', 'Arc': '- '}",{'Any': '- '},"{'Phy': '100 ', 'Mag': '39 ', 'Fir': '63 ', 'Lit': '39 ', 'Hol': '38 ', 'Bst': '64.9 ', 'Rst': '26 '}"
20435,Serpent Crest Shield,Standard +22 ,"{'Phy': '186 ', 'Mag': '- ', 'Fir': '- ', 'Lit': '- ', 'Hol': '- ', 'Sta': '127 '}","{'Str': 'C ', 'Dex': '- ', 'Int': '- ', 'Fai': '- ', 'Arc': '- '}",{'Any': '- '},"{'Phy': '100 ', 'Mag': '39 ', 'Fir': '63 ', 'Lit': '39 ', 'Hol': '38 ', 'Bst': '64.9 ', 'Rst': '26 '}"
20436,Serpent Crest Shield,Standard +23 ,"{'Phy': '191 ', 'Mag': '- ', 'Fir': '- ', 'Lit': '- ', 'Hol': '- ', 'Sta': '130 '}","{'Str': 'C ', 'Dex': '- ', 'Int': '- ', 'Fai': '- ', 'Arc': '- '}",{'Any': '- '},"{'Phy': '100 ', 'Mag': '39 ', 'Fir': '63 ', 'Lit': '39 ', 'Hol': '38 ', 'Bst': '65.45 ', 'Rst': '26 '}"
20437,Serpent Crest Shield,Standard +24 ,"{'Phy': '196 ', 'Mag': '- ', 'Fir': '- ', 'Lit': '- ', 'Hol': '- ', 'Sta': '133 '}","{'Str': 'C ', 'Dex': '- ', 'Int': '- ', 'Fai': '- ', 'Arc': '- '}",{'Any': '- '},"{'Phy': '100 ', 'Mag': '39 ', 'Fir': '63 ', 'Lit': '39 ', 'Hol': '38 ', 'Bst': '65.45 ', 'Rst': '26 '}"
20438,Serpent Crest Shield,Standard +25 ,"{'Phy': '200 ', 'Mag': '- ', 'Fir': '- ', 'Lit': '- ', 'Hol': '- ', 'Sta': '136 '}","{'Str': 'C ', 'Dex': '- ', 'Int': '- ', 'Fai': '- ', 'Arc': '- '}",{'Any': '- '},"{'Phy': '100 ', 'Mag': '39 ', 'Fir': '63 ', 'Lit': '39 ', 'Hol': '38 ', 'Bst': '66 ', 'Rst': '26 '}"
20751,Wolf Crest Shield,Standard ,"{'Phy': '82 ', 'Mag': '- ', 'Fir': '- ', 'Lit': '- ', 'Hol': '- ', 'Sta': '68 '}","{'Str': 'D ', 'Dex': '- ', 'Int': '- ', 'Fai': '- ', 'Arc': '- '}",{'Any': '- '},"{'Phy': '100 ', 'Mag': '63 ', 'Fir': '38 ', 'Lit': '42 ', 'Hol': '40 ', 'Bst': '54 ', 'Rst': '26 '}"
20752,Wolf Crest Shield,Standard +1 ,"{'Phy': '86 ', 'Mag': '- ', 'Fir': '- ', 'Lit': '- ', 'Hol': '- ', 'Sta': '70 '}","{'Str': 'D ', 'Dex': '- ', 'Int': '- ', 'Fai': '- ', 'Arc': '- '}",{'Any': '- '},"{'Phy': '100 ', 'Mag': '63 ', 'Fir': '38 ', 'Lit': '42 ', 'Hol': '40 ', 'Bst': '54.54 ', 'Rst': '26 '}"
20753,Wolf Crest Shield,Standard +2 ,"{'Phy': '91 ', 'Mag': '- ', 'Fir': '- ', 'Lit': '- ', 'Hol': '- ', 'Sta': '73 '}","{'Str': 'D ', 'Dex': '- ', 'Int': '- ', 'Fai': '- ', 'Arc': '- '}",{'Any': '- '},"{'Phy': '100 ', 'Mag': '63 ', 'Fir': '38 ', 'Lit': '42 ', 'Hol': '40 ', 'Bst': '55.08 ', 'Rst': '26 '}"
20754,Wolf Crest Shield,Standard +3 ,"{'Phy': '96 ', 'Mag': '- ', 'Fir': '- ', 'Lit': '- ', 'Hol': '- ', 'Sta': '76 '}","{'Str': 'D ', 'Dex': '- ', 'Int': '- ', 'Fai': '- ', 'Arc': '- '}",{'Any': '- '},"{'Phy': '100 ', 'Mag': '63 ', 'Fir': '38 ', 'Lit': '42 ', 'Hol': '40 ', 'Bst': '55.62 ', 'Rst': '26 '}"
20755,Wolf Crest Shield,Standard +4 ,"{'Phy': '101 ', 'Mag': '- ', 'Fir': '- ', 'Lit': '- ', 'Hol': '- ', 'Sta': '78 '}","{'Str': 'D ', 'Dex': '- ', 'Int': '- ', 'Fai': '- ', 'Arc': '- '}",{'Any': '- '},"{'Phy': '100 ', 'Mag': '63 ', 'Fir': '38 ', 'Lit': '42 ', 'Hol': '40 ', 'Bst': '55.62 ', 'Rst': '26 '}"
20756,Wolf Crest Shield,Standard +5 ,"{'Phy': '105 ', 'Mag': '- ', 'Fir': '- ', 'Lit': '- ', 'Hol': '- ', 'Sta': '81 '}","{'Str': 'D ', 'Dex': '- ', 'Int': '- ', 'Fai': '- ', 'Arc': '- '}",{'Any': '- '},"{'Phy': '100 ', 'Mag': '63 ', 'Fir': '38 ', 'Lit': '42 ', 'Hol': '40 ', 'Bst': '56.7 ', 'Rst': '26 '}"
20757,Wolf Crest Shield,Standard +6 ,"{'Phy': '110 ', 'Mag': '- ', 'Fir': '- ', 'Lit': '- ', 'Hol': '- ', 'Sta': '84 '}","{'Str': 'D ', 'Dex': '- ', 'Int': '- ', 'Fai': '- ', 'Arc': '- '}",{'Any': '- '},"{'Phy': '100 ', 'Mag': '63 ', 'Fir': '38 ', 'Lit': '42 ', 'Hol': '40 ', 'Bst': '57.24 ', 'Rst': '26 '}"
20758,Wolf Crest Shield,Standard +7 ,"{'Phy': '115 ', 'Mag': '- ', 'Fir': '- ', 'Lit': '- ', 'Hol': '- ', 'Sta': '87 '}","{'Str': 'D ', 'Dex': '- ', 'Int': '- ', 'Fai': '- ', 'Arc': '- '}",{'Any': '- '},"{'Phy': '100 ', 'Mag': '63 ', 'Fir': '38 ', 'Lit': '42 ', 'Hol': '40 ', 'Bst': '57.78 ', 'Rst': '26 '}"
20759,Wolf Crest Shield,Standard +8 ,"{'Phy': '120 ', 'Mag': '- ', 'Fir': '- ', 'Lit': '- ', 'Hol': '- ', 'Sta': '89 '}","{'Str': 'D ', 'Dex': '- ', 'Int': '- ', 'Fai': '- ', 'Arc': '- '}",{'Any': '- '},"{'Phy': '100 ', 'Mag': '63 ', 'Fir': '38 ', 'Lit': '42 ', 'Hol': '40 ', 'Bst': '58.32 ', 'Rst': '26 '}"
20760,Wolf Crest Shield,Standard +9 ,"{'Phy': '124 ', 'Mag': '- ', 'Fir': '- ', 'Lit': '- ', 'Hol': '- ', 'Sta': '92 '}","{'Str': 'D ', 'Dex': '- ', 'Int': '- ', 'Fai': '- ', 'Arc': '- '}",{'Any': '- '},"{'Phy': '100 ', 'Mag': '63 ', 'Fir': '38 ', 'Lit': '42 ', 'Hol': '40 ', 'Bst': '58.86 ', 'Rst': '26 '}"
20761,Wolf Crest Shield,Standard +10 ,"{'Phy': '129 ', 'Mag': '- ', 'Fir': '- ', 'Lit': '- ', 'Hol': '- ', 'Sta': '95 '}","{'Str': 'D ', 'Dex': '- ', 'Int': '- ', 'Fai': '- ', 'Arc': '- '}",{'Any': '- '},"{'Phy': '100 ', 'Mag': '63 ', 'Fir': '38 ', 'Lit': '42 ', 'Hol': '40 ', 'Bst': '59.4 ', 'Rst': '26 '}"
20762,Wolf Crest Shield,Standard +11 ,"{'Phy': '134 ', 'Mag': '- ', 'Fir': '- ', 'Lit': '- ', 'Hol': '- ', 'Sta': '97 '}","{'Str': 'D ', 'Dex': '- ', 'Int': '- ', 'Fai': '- ', 'Arc': '- '}",{'Any': '- '},"{'Phy': '100 ', 'Mag': '63 ', 'Fir': '38 ', 'Lit': '42 ', 'Hol': '40 ', 'Bst': '59.94 ', 'Rst': '26 '}"
20763,Wolf Crest Shield,Standard +12 ,"{'Phy': '139 ', 'Mag': '- ', 'Fir': '- ', 'Lit': '- ', 'Hol': '- ', 'Sta': '100 '}","{'Str': 'D ', 'Dex': '- ', 'Int': '- ', 'Fai': '- ', 'Arc': '- '}",{'Any': '- '},"{'Phy': '100 ', 'Mag': '63 ', 'Fir': '38 ', 'Lit': '42 ', 'Hol': '40 ', 'Bst': '60.48 ', 'Rst': '26 '}"
20764,Wolf Crest Shield,Standard +13 ,"{'Phy': '143 ', 'Mag': '- ', 'Fir': '- ', 'Lit': '- ', 'Hol': '- ', 'Sta': '103 '}","{'Str': 'D ', 'Dex': '- ', 'Int': '- ', 'Fai': '- ', 'Arc': '- '}",{'Any': '- '},"{'Phy': '100 ', 'Mag': '63 ', 'Fir': '38 ', 'Lit': '42 ', 'Hol': '40 ', 'Bst': '61.02 ', 'Rst': '26 '}"
20765,Wolf Crest Shield,Standard +14 ,"{'Phy': '148 ', 'Mag': '- ', 'Fir': '- ', 'Lit': '- ', 'Hol': '- ', 'Sta': '106 '}","{'Str': 'C ', 'Dex': '- ', 'Int': '- ', 'Fai': '- ', 'Arc': '- '}",{'Any': '- '},"{'Phy': '100 ', 'Mag': '63 ', 'Fir': '38 ', 'Lit': '42 ', 'Hol': '40 ', 'Bst': '61.56 ', 'Rst': '26 '}"
20766,Wolf Crest Shield,Standard +15 ,"{'Phy': '153 ', 'Mag': '- ', 'Fir': '- ', 'Lit': '- ', 'Hol': '- ', 'Sta': '108 '}","{'Str': 'C ', 'Dex': '- ', 'Int': '- ', 'Fai': '- ', 'Arc': '- '}",{'Any': '- '},"{'Phy': '100 ', 'Mag': '63 ', 'Fir': '38 ', 'Lit': '42 ', 'Hol': '40 ', 'Bst': '62.1 ', 'Rst': '26 '}"
20767,Wolf Crest Shield,Standard +16 ,"{'Phy': '158 ', 'Mag': '- ', 'Fir': '- ', 'Lit': '- ', 'Hol': '- ', 'Sta': '111 '}","{'Str': 'C ', 'Dex': '- ', 'Int': '- ', 'Fai': '- ', 'Arc': '- '}",{'Any': '- '},"{'Phy': '100 ', 'Mag': '63 ', 'Fir': '38 ', 'Lit': '42 ', 'Hol': '40 ', 'Bst': '62.64 ', 'Rst': '26 '}"
20768,Wolf Crest Shield,Standard +17 ,"{'Phy': '162 ', 'Mag': '- ', 'Fir': '- ', 'Lit': '- ', 'Hol': '- ', 'Sta': '114 '}","{'Str': 'C ', 'Dex': '- ', 'Int': '- ', 'Fai': '- ', 'Arc': '- '}",{'Any': '- '},"{'Phy': '100 ', 'Mag': '63 ', 'Fir': '38 ', 'Lit': '42 ', 'Hol': '40 ', 'Bst': '62.64 ', 'Rst': '26 '}"
20769,Wolf Crest Shield,Standard +18 ,"{'Phy': '167 ', 'Mag': '- ', 'Fir': '- ', 'Lit': '- ', 'Hol': '- ', 'Sta': '116 '}","{'Str': 'C ', 'Dex': '- ', 'Int': '- ', 'Fai': '- ', 'Arc': '- '}",{'Any': '- '},"{'Phy': '100 ', 'Mag': '63 ', 'Fir': '38 ', 'Lit': '42 ', 'Hol': '40 ', 'Bst': '63.18 ', 'Rst': '26 '}"
20770,Wolf Crest Shield,Standard +19 ,"{'Phy': '172 ', 'Mag': '- ', 'Fir': '- ', 'Lit': '- ', 'Hol': '- ', 'Sta': '119 '}","{'Str': 'C ', 'Dex': '- ', 'Int': '- ', 'Fai': '- ', 'Arc': '- '}",{'Any': '- '},"{'Phy': '100 ', 'Mag': '63 ', 'Fir': '38 ', 'Lit': '42 ', 'Hol': '40 ', 'Bst': '63.18 ', 'Rst': '26 '}"
20771,Wolf Crest Shield,Standard +20 ,"{'Phy': '177 ', 'Mag': '- ', 'Fir': '- ', 'Lit': '- ', 'Hol': '- ', 'Sta': '122 '}","{'Str': 'C ', 'Dex': '- ', 'Int': '- ', 'Fai': '- ', 'Arc': '- '}",{'Any': '- '},"{'Phy': '100 ', 'Mag': '63 ', 'Fir': '38 ', 'Lit': '42 ', 'Hol': '40 ', 'Bst': '63.72 ', 'Rst': '26 '}"
20772,Wolf Crest Shield,Standard +21 ,"{'Phy': '181 ', 'Mag': '- ', 'Fir': '- ', 'Lit': '- ', 'Hol': '- ', 'Sta': '125 '}","{'Str': 'C ', 'Dex': '- ', 'Int': '- ', 'Fai': '- ', 'Arc': '- '}",{'Any': '- '},"{'Phy': '100 ', 'Mag': '63 ', 'Fir': '38 ', 'Lit': '42 ', 'Hol': '40 ', 'Bst': '63.72 ', 'Rst': '26 '}"
20773,Wolf Crest Shield,Standard +22 ,"{'Phy': '186 ', 'Mag': '- ', 'Fir': '- ', 'Lit': '- ', 'Hol': '- ', 'Sta': '127 '}","{'Str': 'C ', 'Dex': '- ', 'Int': '- ', 'Fai': '- ', 'Arc': '- '}",{'Any': '- '},"{'Phy': '100 ', 'Mag': '63 ', 'Fir': '38 ', 'Lit': '42 ', 'Hol': '40 ', 'Bst': '63.72 ', 'Rst': '26 '}"
20774,Wolf Crest Shield,Standard +23 ,"{'Phy': '191 ', 'Mag': '- ', 'Fir': '- ', 'Lit': '- ', 'Hol': '- ', 'Sta': '130 '}","{'Str': 'C ', 'Dex': '- ', 'Int': '- ', 'Fai': '- ', 'Arc': '- '}",{'Any': '- '},"{'Phy': '100 ', 'Mag': '63 ', 'Fir': '38 ', 'Lit': '42 ', 'Hol': '40 ', 'Bst': '64.26 ', 'Rst': '26 '}"
20775,Wolf Crest Shield,Standard +24 ,"{'Phy': '196 ', 'Mag': '- ', 'Fir': '- ', 'Lit': '- ', 'Hol': '- ', 'Sta': '133 '}","{'Str': 'C ', 'Dex': '- ', 'Int': '- ', 'Fai': '- ', 'Arc': '- '}",{'Any': '- '},"{'Phy': '100 ', 'Mag': '63 ', 'Fir': '38 ', 'Lit': '42 ', 'Hol': '40 ', 'Bst': '64.26 ', 'Rst': '26 '}"
20776,Wolf Crest Shield,Standard +25 ,"{'Phy': '200 ', 'Mag': '- ', 'Fir': '- ', 'Lit': '- ', 'Hol': '- ', 'Sta': '136 '}","{'Str': 'C ', 'Dex': '- ', 'Int': '- ', 'Fai': '- ', 'Arc': '- '}",{'Any': '- '},"{'Phy': '100 ', 'Mag': '63 ', 'Fir': '38 ', 'Lit': '42 ', 'Hol': '40 ', 'Bst': '64.8 ', 'Rst': '26 '}"
21089,Messmer Soldier Shield,Standard ,"{'Phy': '80 ', 'Mag': '- ', 'Fir': '- ', 'Lit': '- ', 'Hol': '- ', 'Sta': '65 '}","{'Str': 'D ', 'Dex': '- ', 'Int': '- ', 'Fai': '- ', 'Arc': '- '}",{'Any': '- '},"{'Phy': '100 ', 'Mag': '43 ', 'Fir': '43 ', 'Lit': '43 ', 'Hol': '43 ', 'Bst': '54 ', 'Rst': '25 '}"
21090,Messmer Soldier Shield,Standard +1 ,"{'Phy': '84 ', 'Mag': '- ', 'Fir': '- ', 'Lit': '- ', 'Hol': '- ', 'Sta': '67 '}","{'Str': 'D ', 'Dex': '- ', 'Int': '- ', 'Fai': '- ', 'Arc': '- '}",{'Any': '- '},"{'Phy': '100 ', 'Mag': '43 ', 'Fir': '43 ', 'Lit': '43 ', 'Hol': '43 ', 'Bst': '54.54 ', 'Rst': '25 '}"
21091,Messmer Soldier Shield,Standard +2 ,"{'Phy': '89 ', 'Mag': '- ', 'Fir': '- ', 'Lit': '- ', 'Hol': '- ', 'Sta': '70 '}","{'Str': 'D ', 'Dex': '- ', 'Int': '- ', 'Fai': '- ', 'Arc': '- '}",{'Any': '- '},"{'Phy': '100 ', 'Mag': '43 ', 'Fir': '43 ', 'Lit': '43 ', 'Hol': '43 ', 'Bst': '55.08 ', 'Rst': '25 '}"
21092,Messmer Soldier Shield,Standard +3 ,"{'Phy': '93 ', 'Mag': '- ', 'Fir': '- ', 'Lit': '- ', 'Hol': '- ', 'Sta': '72 '}","{'Str': 'D ', 'Dex': '- ', 'Int': '- ', 'Fai': '- ', 'Arc': '- '}",{'Any': '- '},"{'Phy': '100 ', 'Mag': '43 ', 'Fir': '43 ', 'Lit': '43 ', 'Hol': '43 ', 'Bst': '55.62 ', 'Rst': '25 '}"
21093,Messmer Soldier Shield,Standard +4 ,"{'Phy': '98 ', 'Mag': '- ', 'Fir': '- ', 'Lit': '- ', 'Hol': '- ', 'Sta': '75 '}","{'Str': 'D ', 'Dex': '- ', 'Int': '- ', 'Fai': '- ', 'Arc': '- '}",{'Any': '- '},"{'Phy': '100 ', 'Mag': '43 ', 'Fir': '43 ', 'Lit': '43 ', 'Hol': '43 ', 'Bst': '55.62 ', 'Rst': '25 '}"
21094,Messmer Soldier Shield,Standard +5 ,"{'Phy': '103 ', 'Mag': '- ', 'Fir': '- ', 'Lit': '- ', 'Hol': '- ', 'Sta': '78 '}","{'Str': 'D ', 'Dex': '- ', 'Int': '- ', 'Fai': '- ', 'Arc': '- '}",{'Any': '- '},"{'Phy': '100 ', 'Mag': '43 ', 'Fir': '43 ', 'Lit': '43 ', 'Hol': '43 ', 'Bst': '56.7 ', 'Rst': '25 '}"
21095,Messmer Soldier Shield,Standard +6 ,"{'Phy': '107 ', 'Mag': '- ', 'Fir': '- ', 'Lit': '- ', 'Hol': '- ', 'Sta': '80 '}","{'Str': 'D ', 'Dex': '- ', 'Int': '- ', 'Fai': '- ', 'Arc': '- '}",{'Any': '- '},"{'Phy': '100 ', 'Mag': '43 ', 'Fir': '43 ', 'Lit': '43 ', 'Hol': '43 ', 'Bst': '57.24 ', 'Rst': '25 '}"
21096,Messmer Soldier Shield,Standard +7 ,"{'Phy': '112 ', 'Mag': '- ', 'Fir': '- ', 'Lit': '- ', 'Hol': '- ', 'Sta': '83 '}","{'Str': 'D ', 'Dex': '- ', 'Int': '- ', 'Fai': '- ', 'Arc': '- '}",{'Any': '- '},"{'Phy': '100 ', 'Mag': '43 ', 'Fir': '43 ', 'Lit': '43 ', 'Hol': '43 ', 'Bst': '57.78 ', 'Rst': '25 '}"
21097,Messmer Soldier Shield,Standard +8 ,"{'Phy': '117 ', 'Mag': '- ', 'Fir': '- ', 'Lit': '- ', 'Hol': '- ', 'Sta': '85 '}","{'Str': 'D ', 'Dex': '- ', 'Int': '- ', 'Fai': '- ', 'Arc': '- '}",{'Any': '- '},"{'Phy': '100 ', 'Mag': '43 ', 'Fir': '43 ', 'Lit': '43 ', 'Hol': '43 ', 'Bst': '58.32 ', 'Rst': '25 '}"
21098,Messmer Soldier Shield,Standard +9 ,"{'Phy': '121 ', 'Mag': '- ', 'Fir': '- ', 'Lit': '- ', 'Hol': '- ', 'Sta': '88 '}","{'Str': 'D ', 'Dex': '- ', 'Int': '- ', 'Fai': '- ', 'Arc': '- '}",{'Any': '- '},"{'Phy': '100 ', 'Mag': '43 ', 'Fir': '43 ', 'Lit': '43 ', 'Hol': '43 ', 'Bst': '58.86 ', 'Rst': '25 '}"
21099,Messmer Soldier Shield,Standard +10 ,"{'Phy': '126 ', 'Mag': '- ', 'Fir': '- ', 'Lit': '- ', 'Hol': '- ', 'Sta': '91 '}","{'Str': 'D ', 'Dex': '- ', 'Int': '- ', 'Fai': '- ', 'Arc': '- '}",{'Any': '- '},"{'Phy': '100 ', 'Mag': '43 ', 'Fir': '43 ', 'Lit': '43 ', 'Hol': '43 ', 'Bst': '59.4 ', 'Rst': '25 '}"
21100,Messmer Soldier Shield,Standard +11 ,"{'Phy': '131 ', 'Mag': '- ', 'Fir': '- ', 'Lit': '- ', 'Hol': '- ', 'Sta': '93 '}","{'Str': 'D ', 'Dex': '- ', 'Int': '- ', 'Fai': '- ', 'Arc': '- '}",{'Any': '- '},"{'Phy': '100 ', 'Mag': '43 ', 'Fir': '43 ', 'Lit': '43 ', 'Hol': '43 ', 'Bst': '59.94 ', 'Rst': '25 '}"
21101,Messmer Soldier Shield,Standard +12 ,"{'Phy': '135 ', 'Mag': '- ', 'Fir': '- ', 'Lit': '- ', 'Hol': '- ', 'Sta': '96 '}","{'Str': 'D ', 'Dex': '- ', 'Int': '- ', 'Fai': '- ', 'Arc': '- '}",{'Any': '- '},"{'Phy': '100 ', 'Mag': '43 ', 'Fir': '43 ', 'Lit': '43 ', 'Hol': '43 ', 'Bst': '60.48 ', 'Rst': '25 '}"
21102,Messmer Soldier Shield,Standard +13 ,"{'Phy': '140 ', 'Mag': '- ', 'Fir': '- ', 'Lit': '- ', 'Hol': '- ', 'Sta': '98 '}","{'Str': 'D ', 'Dex': '- ', 'Int': '- ', 'Fai': '- ', 'Arc': '- '}",{'Any': '- '},"{'Phy': '100 ', 'Mag': '43 ', 'Fir': '43 ', 'Lit': '43 ', 'Hol': '43 ', 'Bst': '61.02 ', 'Rst': '25 '}"
21103,Messmer Soldier Shield,Standard +14 ,"{'Phy': '144 ', 'Mag': '- ', 'Fir': '- ', 'Lit': '- ', 'Hol': '- ', 'Sta': '101 '}","{'Str': 'C ', 'Dex': '- ', 'Int': '- ', 'Fai': '- ', 'Arc': '- '}",{'Any': '- '},"{'Phy': '100 ', 'Mag': '43 ', 'Fir': '43 ', 'Lit': '43 ', 'Hol': '43 ', 'Bst': '61.56 ', 'Rst': '25 '}"
21104,Messmer Soldier Shield,Standard +15 ,"{'Phy': '149 ', 'Mag': '- ', 'Fir': '- ', 'Lit': '- ', 'Hol': '- ', 'Sta': '104 '}","{'Str': 'C ', 'Dex': '- ', 'Int': '- ', 'Fai': '- ', 'Arc': '- '}",{'Any': '- '},"{'Phy': '100 ', 'Mag': '43 ', 'Fir': '43 ', 'Lit': '43 ', 'Hol': '43 ', 'Bst': '62.1 ', 'Rst': '25 '}"
21105,Messmer Soldier Shield,Standard +16 ,"{'Phy': '154 ', 'Mag': '- ', 'Fir': '- ', 'Lit': '- ', 'Hol': '- ', 'Sta': '106 '}","{'Str': 'C ', 'Dex': '- ', 'Int': '- ', 'Fai': '- ', 'Arc': '- '}",{'Any': '- '},"{'Phy': '100 ', 'Mag': '43 ', 'Fir': '43 ', 'Lit': '43 ', 'Hol': '43 ', 'Bst': '62.64 ', 'Rst': '25 '}"
21106,Messmer Soldier Shield,Standard +17 ,"{'Phy': '158 ', 'Mag': '- ', 'Fir': '- ', 'Lit': '- ', 'Hol': '- ', 'Sta': '109 '}","{'Str': 'C ', 'Dex': '- ', 'Int': '- ', 'Fai': '- ', 'Arc': '- '}",{'Any': '- '},"{'Phy': '100 ', 'Mag': '43 ', 'Fir': '43 ', 'Lit': '43 ', 'Hol': '43 ', 'Bst': '62.64 ', 'Rst': '25 '}"
21107,Messmer Soldier Shield,Standard +18 ,"{'Phy': '163 ', 'Mag': '- ', 'Fir': '- ', 'Lit': '- ', 'Hol': '- ', 'Sta': '111 '}","{'Str': 'C ', 'Dex': '- ', 'Int': '- ', 'Fai': '- ', 'Arc': '- '}",{'Any': '- '},"{'Phy': '100 ', 'Mag': '43 ', 'Fir': '43 ', 'Lit': '43 ', 'Hol': '43 ', 'Bst': '63.18 ', 'Rst': '25 '}"
21108,Messmer Soldier Shield,Standard +19 ,"{'Phy': '168 ', 'Mag': '- ', 'Fir': '- ', 'Lit': '- ', 'Hol': '- ', 'Sta': '114 '}","{'Str': 'C ', 'Dex': '- ', 'Int': '- ', 'Fai': '- ', 'Arc': '- '}",{'Any': '- '},"{'Phy': '100 ', 'Mag': '43 ', 'Fir': '43 ', 'Lit': '43 ', 'Hol': '43 ', 'Bst': '63.18 ', 'Rst': '25 '}"
21109,Messmer Soldier Shield,Standard +20 ,"{'Phy': '172 ', 'Mag': '- ', 'Fir': '- ', 'Lit': '- ', 'Hol': '- ', 'Sta': '117 '}","{'Str': 'C ', 'Dex': '- ', 'Int': '- ', 'Fai': '- ', 'Arc': '- '}",{'Any': '- '},"{'Phy': '100 ', 'Mag': '43 ', 'Fir': '43 ', 'Lit': '43 ', 'Hol': '43 ', 'Bst': '63.72 ', 'Rst': '25 '}"
21110,Messmer Soldier Shield,Standard +21 ,"{'Phy': '177 ', 'Mag': '- ', 'Fir': '- ', 'Lit': '- ', 'Hol': '- ', 'Sta': '119 '}","{'Str': 'C ', 'Dex': '- ', 'Int': '- ', 'Fai': '- ', 'Arc': '- '}",{'Any': '- '},"{'Phy': '100 ', 'Mag': '43 ', 'Fir': '43 ', 'Lit': '43 ', 'Hol': '43 ', 'Bst': '63.72 ', 'Rst': '25 '}"
21111,Messmer Soldier Shield,Standard +22 ,"{'Phy': '182 ', 'Mag': '- ', 'Fir': '- ', 'Lit': '- ', 'Hol': '- ', 'Sta': '122 '}","{'Str': 'C ', 'Dex': '- ', 'Int': '- ', 'Fai': '- ', 'Arc': '- '}",{'Any': '- '},"{'Phy': '100 ', 'Mag': '43 ', 'Fir': '43 ', 'Lit': '43 ', 'Hol': '43 ', 'Bst': '63.72 ', 'Rst': '25 '}"
21112,Messmer Soldier Shield,Standard +23 ,"{'Phy': '186 ', 'Mag': '- ', 'Fir': '- ', 'Lit': '- ', 'Hol': '- ', 'Sta': '124 '}","{'Str': 'C ', 'Dex': '- ', 'Int': '- ', 'Fai': '- ', 'Arc': '- '}",{'Any': '- '},"{'Phy': '100 ', 'Mag': '43 ', 'Fir': '43 ', 'Lit': '43 ', 'Hol': '43 ', 'Bst': '64.26 ', 'Rst': '25 '}"
21113,Messmer Soldier Shield,Standard +24 ,"{'Phy': '191 ', 'Mag': '- ', 'Fir': '- ', 'Lit': '- ', 'Hol': '- ', 'Sta': '127 '}","{'Str': 'C ', 'Dex': '- ', 'Int': '- ', 'Fai': '- ', 'Arc': '- '}",{'Any': '- '},"{'Phy': '100 ', 'Mag': '43 ', 'Fir': '43 ', 'Lit': '43 ', 'Hol': '43 ', 'Bst': '64.26 ', 'Rst': '25 '}"
21114,Messmer Soldier Shield,Standard +25 ,"{'Phy': '196 ', 'Mag': '- ', 'Fir': '- ', 'Lit': '- ', 'Hol': '- ', 'Sta': '130 '}","{'Str': 'C ', 'Dex': '- ', 'Int': '- ', 'Fai': '- ', 'Arc': '- '}",{'Any': '- '},"{'Phy': '100 ', 'Mag': '43 ', 'Fir': '43 ', 'Lit': '43 ', 'Hol': '43 ', 'Bst': '64.8 ', 'Rst': '25 '}"
21427,Wooden Greatshield,Standard ,"{'Phy': '95 ', 'Mag': '- ', 'Fir': '- ', 'Lit': '- ', 'Hol': '- ', 'Sta': '62 '}","{'Str': 'D ', 'Dex': '- ', 'Int': '- ', 'Fai': '- ', 'Arc': '- '}",{'Any': '- '},"{'Phy': '91 ', 'Mag': '49 ', 'Fir': '41 ', 'Lit': '51 ', 'Hol': '47 ', 'Bst': '56 ', 'Rst': '24 '}"
21428,Wooden Greatshield,Standard +1 ,"{'Phy': '100 ', 'Mag': '- ', 'Fir': '- ', 'Lit': '- ', 'Hol': '- ', 'Sta': '64 '}","{'Str': 'D ', 'Dex': '- ', 'Int': '- ', 'Fai': '- ', 'Arc': '- '}",{'Any': '- '},"{'Phy': '91 ', 'Mag': '49 ', 'Fir': '41 ', 'Lit': '51 ', 'Hol': '47 ', 'Bst': '56.56 ', 'Rst': '24 '}"
21429,Wooden Greatshield,Standard +2 ,"{'Phy': '106 ', 'Mag': '- ', 'Fir': '- ', 'Lit': '- ', 'Hol': '- ', 'Sta': '66 '}","{'Str': 'D ', 'Dex': '- ', 'Int': '- ', 'Fai': '- ', 'Arc': '- '}",{'Any': '- '},"{'Phy': '91 ', 'Mag': '49 ', 'Fir': '41 ', 'Lit': '51 ', 'Hol': '47 ', 'Bst': '56.56 ', 'Rst': '24 '}"
21430,Wooden Greatshield,Standard +3 ,"{'Phy': '111 ', 'Mag': '- ', 'Fir': '- ', 'Lit': '- ', 'Hol': '- ', 'Sta': '69 '}","{'Str': 'D ', 'Dex': '- ', 'Int': '- ', 'Fai': '- ', 'Arc': '- '}",{'Any': '- '},"{'Phy': '91 ', 'Mag': '49 ', 'Fir': '41 ', 'Lit': '51 ', 'Hol': '47 ', 'Bst': '57.12 ', 'Rst': '24 '}"
21431,Wooden Greatshield,Standard +4 ,"{'Phy': '117 ', 'Mag': '- ', 'Fir': '- ', 'Lit': '- ', 'Hol': '- ', 'Sta': '71 '}","{'Str': 'D ', 'Dex': '- ', 'Int': '- ', 'Fai': '- ', 'Arc': '- '}",{'Any': '- '},"{'Phy': '91 ', 'Mag': '49 ', 'Fir': '41 ', 'Lit': '51 ', 'Hol': '47 ', 'Bst': '57.12 ', 'Rst': '24 '}"
21432,Wooden Greatshield,Standard +5 ,"{'Phy': '122 ', 'Mag': '- ', 'Fir': '- ', 'Lit': '- ', 'Hol': '- ', 'Sta': '74 '}","{'Str': 'C ', 'Dex': '- ', 'Int': '- ', 'Fai': '- ', 'Arc': '- '}",{'Any': '- '},"{'Phy': '91 ', 'Mag': '49 ', 'Fir': '41 ', 'Lit': '51 ', 'Hol': '47 ', 'Bst': '57.68 ', 'Rst': '24 '}"
21433,Wooden Greatshield,Standard +6 ,"{'Phy': '128 ', 'Mag': '- ', 'Fir': '- ', 'Lit': '- ', 'Hol': '- ', 'Sta': '76 '}","{'Str': 'C ', 'Dex': '- ', 'Int': '- ', 'Fai': '- ', 'Arc': '- '}",{'Any': '- '},"{'Phy': '91 ', 'Mag': '49 ', 'Fir': '41 ', 'Lit': '51 ', 'Hol': '47 ', 'Bst': '57.68 ', 'Rst': '24 '}"
21434,Wooden Greatshield,Standard +7 ,"{'Phy': '133 ', 'Mag': '- ', 'Fir': '- ', 'Lit': '- ', 'Hol': '- ', 'Sta': '79 '}","{'Str': 'C ', 'Dex': '- ', 'Int': '- ', 'Fai': '- ', 'Arc': '- '}",{'Any': '- '},"{'Phy': '91 ', 'Mag': '49 ', 'Fir': '41 ', 'Lit': '51 ', 'Hol': '47 ', 'Bst': '58.24 ', 'Rst': '24 '}"
21435,Wooden Greatshield,Standard +8 ,"{'Phy': '139 ', 'Mag': '- ', 'Fir': '- ', 'Lit': '- ', 'Hol': '- ', 'Sta': '81 '}","{'Str': 'C ', 'Dex': '- ', 'Int': '- ', 'Fai': '- ', 'Arc': '- '}",{'Any': '- '},"{'Phy': '91 ', 'Mag': '49 ', 'Fir': '41 ', 'Lit': '51 ', 'Hol': '47 ', 'Bst': '58.24 ', 'Rst': '24 '}"
21436,Wooden Greatshield,Standard +9 ,"{'Phy': '144 ', 'Mag': '- ', 'Fir': '- ', 'Lit': '- ', 'Hol': '- ', 'Sta': '84 '}","{'Str': 'C ', 'Dex': '- ', 'Int': '- ', 'Fai': '- ', 'Arc': '- '}",{'Any': '- '},"{'Phy': '91 ', 'Mag': '49 ', 'Fir': '41 ', 'Lit': '51 ', 'Hol': '47 ', 'Bst': '58.24 ', 'Rst': '24 '}"
21437,Wooden Greatshield,Standard +10 ,"{'Phy': '150 ', 'Mag': '- ', 'Fir': '- ', 'Lit': '- ', 'Hol': '- ', 'Sta': '86 '}","{'Str': 'C ', 'Dex': '- ', 'Int': '- ', 'Fai': '- ', 'Arc': '- '}",{'Any': '- '},"{'Phy': '91 ', 'Mag': '49 ', 'Fir': '41 ', 'Lit': '51 ', 'Hol': '47 ', 'Bst': '58.8 ', 'Rst': '24 '}"
21438,Wooden Greatshield,Standard +11 ,"{'Phy': '155 ', 'Mag': '- ', 'Fir': '- ', 'Lit': '- ', 'Hol': '- ', 'Sta': '89 '}","{'Str': 'C ', 'Dex': '- ', 'Int': '- ', 'Fai': '- ', 'Arc': '- '}",{'Any': '- '},"{'Phy': '91 ', 'Mag': '49 ', 'Fir': '41 ', 'Lit': '51 ', 'Hol': '47 ', 'Bst': '58.8 ', 'Rst': '24 '}"
21439,Wooden Greatshield,Standard +12 ,"{'Phy': '161 ', 'Mag': '- ', 'Fir': '- ', 'Lit': '- ', 'Hol': '- ', 'Sta': '91 '}","{'Str': 'C ', 'Dex': '- ', 'Int': '- ', 'Fai': '- ', 'Arc': '- '}",{'Any': '- '},"{'Phy': '91 ', 'Mag': '49 ', 'Fir': '41 ', 'Lit': '51 ', 'Hol': '47 ', 'Bst': '59.36 ', 'Rst': '24 '}"
21440,Wooden Greatshield,Standard +13 ,"{'Phy': '166 ', 'Mag': '- ', 'Fir': '- ', 'Lit': '- ', 'Hol': '- ', 'Sta': '94 '}","{'Str': 'C ', 'Dex': '- ', 'Int': '- ', 'Fai': '- ', 'Arc': '- '}",{'Any': '- '},"{'Phy': '91 ', 'Mag': '49 ', 'Fir': '41 ', 'Lit': '51 ', 'Hol': '47 ', 'Bst': '59.36 ', 'Rst': '24 '}"
21441,Wooden Greatshield,Standard +14 ,"{'Phy': '172 ', 'Mag': '- ', 'Fir': '- ', 'Lit': '- ', 'Hol': '- ', 'Sta': '96 '}","{'Str': 'C ', 'Dex': '- ', 'Int': '- ', 'Fai': '- ', 'Arc': '- '}",{'Any': '- '},"{'Phy': '91 ', 'Mag': '49 ', 'Fir': '41 ', 'Lit': '51 ', 'Hol': '47 ', 'Bst': '59.92 ', 'Rst': '24 '}"
21442,Wooden Greatshield,Standard +15 ,"{'Phy': '177 ', 'Mag': '- ', 'Fir': '- ', 'Lit': '- ', 'Hol': '- ', 'Sta': '99 '}","{'Str': 'C ', 'Dex': '- ', 'Int': '- ', 'Fai': '- ', 'Arc': '- '}",{'Any': '- '},"{'Phy': '91 ', 'Mag': '49 ', 'Fir': '41 ', 'Lit': '51 ', 'Hol': '47 ', 'Bst': '59.92 ', 'Rst': '24 '}"
21443,Wooden Greatshield,Standard +16 ,"{'Phy': '183 ', 'Mag': '- ', 'Fir': '- ', 'Lit': '- ', 'Hol': '- ', 'Sta': '101 '}","{'Str': 'C ', 'Dex': '- ', 'Int': '- ', 'Fai': '- ', 'Arc': '- '}",{'Any': '- '},"{'Phy': '91 ', 'Mag': '49 ', 'Fir': '41 ', 'Lit': '51 ', 'Hol': '47 ', 'Bst': '60.48 ', 'Rst': '24 '}"
21444,Wooden Greatshield,Standard +17 ,"{'Phy': '188 ', 'Mag': '- ', 'Fir': '- ', 'Lit': '- ', 'Hol': '- ', 'Sta': '104 '}","{'Str': 'C ', 'Dex': '- ', 'Int': '- ', 'Fai': '- ', 'Arc': '- '}",{'Any': '- '},"{'Phy': '91 ', 'Mag': '49 ', 'Fir': '41 ', 'Lit': '51 ', 'Hol': '47 ', 'Bst': '60.48 ', 'Rst': '24 '}"
21445,Wooden Greatshield,Standard +18 ,"{'Phy': '194 ', 'Mag': '- ', 'Fir': '- ', 'Lit': '- ', 'Hol': '- ', 'Sta': '106 '}","{'Str': 'C ', 'Dex': '- ', 'Int': '- ', 'Fai': '- ', 'Arc': '- '}",{'Any': '- '},"{'Phy': '91 ', 'Mag': '49 ', 'Fir': '41 ', 'Lit': '51 ', 'Hol': '47 ', 'Bst': '61.04 ', 'Rst': '24 '}"
21446,Wooden Greatshield,Standard +19 ,"{'Phy': '199 ', 'Mag': '- ', 'Fir': '- ', 'Lit': '- ', 'Hol': '- ', 'Sta': '109 '}","{'Str': 'C ', 'Dex': '- ', 'Int': '- ', 'Fai': '- ', 'Arc': '- '}",{'Any': '- '},"{'Phy': '91 ', 'Mag': '49 ', 'Fir': '41 ', 'Lit': '51 ', 'Hol': '47 ', 'Bst': '61.04 ', 'Rst': '24 '}"
21447,Wooden Greatshield,Standard +20 ,"{'Phy': '205 ', 'Mag': '- ', 'Fir': '- ', 'Lit': '- ', 'Hol': '- ', 'Sta': '111 '}","{'Str': 'C ', 'Dex': '- ', 'Int': '- ', 'Fai': '- ', 'Arc': '- '}",{'Any': '- '},"{'Phy': '91 ', 'Mag': '49 ', 'Fir': '41 ', 'Lit': '51 ', 'Hol': '47 ', 'Bst': '61.6 ', 'Rst': '24 '}"
21448,Wooden Greatshield,Standard +21 ,"{'Phy': '210 ', 'Mag': '- ', 'Fir': '- ', 'Lit': '- ', 'Hol': '- ', 'Sta': '114 '}","{'Str': 'C ', 'Dex': '- ', 'Int': '- ', 'Fai': '- ', 'Arc': '- '}",{'Any': '- '},"{'Phy': '91 ', 'Mag': '49 ', 'Fir': '41 ', 'Lit': '51 ', 'Hol': '47 ', 'Bst': '61.6 ', 'Rst': '24 '}"
21449,Wooden Greatshield,Standard +22 ,"{'Phy': '216 ', 'Mag': '- ', 'Fir': '- ', 'Lit': '- ', 'Hol': '- ', 'Sta': '116 '}","{'Str': 'C ', 'Dex': '- ', 'Int': '- ', 'Fai': '- ', 'Arc': '- '}",{'Any': '- '},"{'Phy': '91 ', 'Mag': '49 ', 'Fir': '41 ', 'Lit': '51 ', 'Hol': '47 ', 'Bst': '62.16 ', 'Rst': '24 '}"
21450,Wooden Greatshield,Standard +23 ,"{'Phy': '221 ', 'Mag': '- ', 'Fir': '- ', 'Lit': '- ', 'Hol': '- ', 'Sta': '119 '}","{'Str': 'C ', 'Dex': '- ', 'Int': '- ', 'Fai': '- ', 'Arc': '- '}",{'Any': '- '},"{'Phy': '91 ', 'Mag': '49 ', 'Fir': '41 ', 'Lit': '51 ', 'Hol': '47 ', 'Bst': '62.16 ', 'Rst': '24 '}"
21451,Wooden Greatshield,Standard +24 ,"{'Phy': '227 ', 'Mag': '- ', 'Fir': '- ', 'Lit': '- ', 'Hol': '- ', 'Sta': '121 '}","{'Str': 'C ', 'Dex': '- ', 'Int': '- ', 'Fai': '- ', 'Arc': '- '}",{'Any': '- '},"{'Phy': '91 ', 'Mag': '49 ', 'Fir': '41 ', 'Lit': '51 ', 'Hol': '47 ', 'Bst': '62.16 ', 'Rst': '24 '}"
21452,Wooden Greatshield,Standard +25 ,"{'Phy': '232 ', 'Mag': '- ', 'Fir': '- ', 'Lit': '- ', 'Hol': '- ', 'Sta': '124 '}","{'Str': 'B ', 'Dex': '- ', 'Int': '- ', 'Fai': '- ', 'Arc': '- '}",{'Any': '- '},"{'Phy': '91 ', 'Mag': '49 ', 'Fir': '41 ', 'Lit': '51 ', 'Hol': '47 ', 'Bst': '62.72 ', 'Rst': '24 '}"
21765,Lordsworn's Shield,Standard ,"{'Phy': '99 ', 'Mag': '- ', 'Fir': '- ', 'Lit': '- ', 'Hol': '- ', 'Sta': '66 '}","{'Str': 'D ', 'Dex': '- ', 'Int': '- ', 'Fai': '- ', 'Arc': '- '}",{'Any': '- '},"{'Phy': '94 ', 'Mag': '51 ', 'Fir': '44 ', 'Lit': '52 ', 'Hol': '52 ', 'Bst': '60 ', 'Rst': '25 '}"
21766,Lordsworn's Shield,Standard +1 ,"{'Phy': '104 ', 'Mag': '- ', 'Fir': '- ', 'Lit': '- ', 'Hol': '- ', 'Sta': '68 '}","{'Str': 'D ', 'Dex': '- ', 'Int': '- ', 'Fai': '- ', 'Arc': '- '}",{'Any': '- '},"{'Phy': '94 ', 'Mag': '51 ', 'Fir': '44 ', 'Lit': '52 ', 'Hol': '52 ', 'Bst': '60.6 ', 'Rst': '25 '}"
21767,Lordsworn's Shield,Standard +2 ,"{'Phy': '110 ', 'Mag': '- ', 'Fir': '- ', 'Lit': '- ', 'Hol': '- ', 'Sta': '71 '}","{'Str': 'D ', 'Dex': '- ', 'Int': '- ', 'Fai': '- ', 'Arc': '- '}",{'Any': '- '},"{'Phy': '94 ', 'Mag': '51 ', 'Fir': '44 ', 'Lit': '52 ', 'Hol': '52 ', 'Bst': '60.6 ', 'Rst': '25 '}"
21768,Lordsworn's Shield,Standard +3 ,"{'Phy': '116 ', 'Mag': '- ', 'Fir': '- ', 'Lit': '- ', 'Hol': '- ', 'Sta': '73 '}","{'Str': 'D ', 'Dex': '- ', 'Int': '- ', 'Fai': '- ', 'Arc': '- '}",{'Any': '- '},"{'Phy': '94 ', 'Mag': '51 ', 'Fir': '44 ', 'Lit': '52 ', 'Hol': '52 ', 'Bst': '61.2 ', 'Rst': '25 '}"
21769,Lordsworn's Shield,Standard +4 ,"{'Phy': '121 ', 'Mag': '- ', 'Fir': '- ', 'Lit': '- ', 'Hol': '- ', 'Sta': '76 '}","{'Str': 'D ', 'Dex': '- ', 'Int': '- ', 'Fai': '- ', 'Arc': '- '}",{'Any': '- '},"{'Phy': '94 ', 'Mag': '51 ', 'Fir': '44 ', 'Lit': '52 ', 'Hol': '52 ', 'Bst': '61.2 ', 'Rst': '25 '}"
21770,Lordsworn's Shield,Standard +5 ,"{'Phy': '127 ', 'Mag': '- ', 'Fir': '- ', 'Lit': '- ', 'Hol': '- ', 'Sta': '79 '}","{'Str': 'C ', 'Dex': '- ', 'Int': '- ', 'Fai': '- ', 'Arc': '- '}",{'Any': '- '},"{'Phy': '94 ', 'Mag': '51 ', 'Fir': '44 ', 'Lit': '52 ', 'Hol': '52 ', 'Bst': '61.8 ', 'Rst': '25 '}"
21771,Lordsworn's Shield,Standard +6 ,"{'Phy': '133 ', 'Mag': '- ', 'Fir': '- ', 'Lit': '- ', 'Hol': '- ', 'Sta': '81 '}","{'Str': 'C ', 'Dex': '- ', 'Int': '- ', 'Fai': '- ', 'Arc': '- '}",{'Any': '- '},"{'Phy': '94 ', 'Mag': '51 ', 'Fir': '44 ', 'Lit': '52 ', 'Hol': '52 ', 'Bst': '61.8 ', 'Rst': '25 '}"
21772,Lordsworn's Shield,Standard +7 ,"{'Phy': '139 ', 'Mag': '- ', 'Fir': '- ', 'Lit': '- ', 'Hol': '- ', 'Sta': '84 '}","{'Str': 'C ', 'Dex': '- ', 'Int': '- ', 'Fai': '- ', 'Arc': '- '}",{'Any': '- '},"{'Phy': '94 ', 'Mag': '51 ', 'Fir': '44 ', 'Lit': '52 ', 'Hol': '52 ', 'Bst': '62.4 ', 'Rst': '25 '}"
21773,Lordsworn's Shield,Standard +8 ,"{'Phy': '144 ', 'Mag': '- ', 'Fir': '- ', 'Lit': '- ', 'Hol': '- ', 'Sta': '87 '}","{'Str': 'C ', 'Dex': '- ', 'Int': '- ', 'Fai': '- ', 'Arc': '- '}",{'Any': '- '},"{'Phy': '94 ', 'Mag': '51 ', 'Fir': '44 ', 'Lit': '52 ', 'Hol': '52 ', 'Bst': '62.4 ', 'Rst': '25 '}"
21774,Lordsworn's Shield,Standard +9 ,"{'Phy': '150 ', 'Mag': '- ', 'Fir': '- ', 'Lit': '- ', 'Hol': '- ', 'Sta': '89 '}","{'Str': 'C ', 'Dex': '- ', 'Int': '- ', 'Fai': '- ', 'Arc': '- '}",{'Any': '- '},"{'Phy': '94 ', 'Mag': '51 ', 'Fir': '44 ', 'Lit': '52 ', 'Hol': '52 ', 'Bst': '62.4 ', 'Rst': '25 '}"
21775,Lordsworn's Shield,Standard +10 ,"{'Phy': '156 ', 'Mag': '- ', 'Fir': '- ', 'Lit': '- ', 'Hol': '- ', 'Sta': '92 '}","{'Str': 'C ', 'Dex': '- ', 'Int': '- ', 'Fai': '- ', 'Arc': '- '}",{'Any': '- '},"{'Phy': '94 ', 'Mag': '51 ', 'Fir': '44 ', 'Lit': '52 ', 'Hol': '52 ', 'Bst': '63 ', 'Rst': '25 '}"
21776,Lordsworn's Shield,Standard +11 ,"{'Phy': '162 ', 'Mag': '- ', 'Fir': '- ', 'Lit': '- ', 'Hol': '- ', 'Sta': '95 '}","{'Str': 'C ', 'Dex': '- ', 'Int': '- ', 'Fai': '- ', 'Arc': '- '}",{'Any': '- '},"{'Phy': '94 ', 'Mag': '51 ', 'Fir': '44 ', 'Lit': '52 ', 'Hol': '52 ', 'Bst': '63 ', 'Rst': '25 '}"
21777,Lordsworn's Shield,Standard +12 ,"{'Phy': '167 ', 'Mag': '- ', 'Fir': '- ', 'Lit': '- ', 'Hol': '- ', 'Sta': '97 '}","{'Str': 'C ', 'Dex': '- ', 'Int': '- ', 'Fai': '- ', 'Arc': '- '}",{'Any': '- '},"{'Phy': '94 ', 'Mag': '51 ', 'Fir': '44 ', 'Lit': '52 ', 'Hol': '52 ', 'Bst': '63.6 ', 'Rst': '25 '}"
21778,Lordsworn's Shield,Standard +13 ,"{'Phy': '173 ', 'Mag': '- ', 'Fir': '- ', 'Lit': '- ', 'Hol': '- ', 'Sta': '100 '}","{'Str': 'C ', 'Dex': '- ', 'Int': '- ', 'Fai': '- ', 'Arc': '- '}",{'Any': '- '},"{'Phy': '94 ', 'Mag': '51 ', 'Fir': '44 ', 'Lit': '52 ', 'Hol': '52 ', 'Bst': '63.6 ', 'Rst': '25 '}"
21779,Lordsworn's Shield,Standard +14 ,"{'Phy': '179 ', 'Mag': '- ', 'Fir': '- ', 'Lit': '- ', 'Hol': '- ', 'Sta': '102 '}","{'Str': 'C ', 'Dex': '- ', 'Int': '- ', 'Fai': '- ', 'Arc': '- '}",{'Any': '- '},"{'Phy': '94 ', 'Mag': '51 ', 'Fir': '44 ', 'Lit': '52 ', 'Hol': '52 ', 'Bst': '64.2 ', 'Rst': '25 '}"
21780,Lordsworn's Shield,Standard +15 ,"{'Phy': '185 ', 'Mag': '- ', 'Fir': '- ', 'Lit': '- ', 'Hol': '- ', 'Sta': '105 '}","{'Str': 'C ', 'Dex': '- ', 'Int': '- ', 'Fai': '- ', 'Arc': '- '}",{'Any': '- '},"{'Phy': '94 ', 'Mag': '51 ', 'Fir': '44 ', 'Lit': '52 ', 'Hol': '52 ', 'Bst': '64.2 ', 'Rst': '25 '}"
21781,Lordsworn's Shield,Standard +16 ,"{'Phy': '190 ', 'Mag': '- ', 'Fir': '- ', 'Lit': '- ', 'Hol': '- ', 'Sta': '108 '}","{'Str': 'C ', 'Dex': '- ', 'Int': '- ', 'Fai': '- ', 'Arc': '- '}",{'Any': '- '},"{'Phy': '94 ', 'Mag': '51 ', 'Fir': '44 ', 'Lit': '52 ', 'Hol': '52 ', 'Bst': '64.8 ', 'Rst': '25 '}"
21782,Lordsworn's Shield,Standard +17 ,"{'Phy': '196 ', 'Mag': '- ', 'Fir': '- ', 'Lit': '- ', 'Hol': '- ', 'Sta': '110 '}","{'Str': 'C ', 'Dex': '- ', 'Int': '- ', 'Fai': '- ', 'Arc': '- '}",{'Any': '- '},"{'Phy': '94 ', 'Mag': '51 ', 'Fir': '44 ', 'Lit': '52 ', 'Hol': '52 ', 'Bst': '64.8 ', 'Rst': '25 '}"
21783,Lordsworn's Shield,Standard +18 ,"{'Phy': '202 ', 'Mag': '- ', 'Fir': '- ', 'Lit': '- ', 'Hol': '- ', 'Sta': '113 '}","{'Str': 'C ', 'Dex': '- ', 'Int': '- ', 'Fai': '- ', 'Arc': '- '}",{'Any': '- '},"{'Phy': '94 ', 'Mag': '51 ', 'Fir': '44 ', 'Lit': '52 ', 'Hol': '52 ', 'Bst': '65.4 ', 'Rst': '25 '}"
21784,Lordsworn's Shield,Standard +19 ,"{'Phy': '208 ', 'Mag': '- ', 'Fir': '- ', 'Lit': '- ', 'Hol': '- ', 'Sta': '116 '}","{'Str': 'C ', 'Dex': '- ', 'Int': '- ', 'Fai': '- ', 'Arc': '- '}",{'Any': '- '},"{'Phy': '94 ', 'Mag': '51 ', 'Fir': '44 ', 'Lit': '52 ', 'Hol': '52 ', 'Bst': '65.4 ', 'Rst': '25 '}"
21785,Lordsworn's Shield,Standard +20 ,"{'Phy': '213 ', 'Mag': '- ', 'Fir': '- ', 'Lit': '- ', 'Hol': '- ', 'Sta': '118 '}","{'Str': 'C ', 'Dex': '- ', 'Int': '- ', 'Fai': '- ', 'Arc': '- '}",{'Any': '- '},"{'Phy': '94 ', 'Mag': '51 ', 'Fir': '44 ', 'Lit': '52 ', 'Hol': '52 ', 'Bst': '66 ', 'Rst': '25 '}"
21786,Lordsworn's Shield,Standard +21 ,"{'Phy': '219 ', 'Mag': '- ', 'Fir': '- ', 'Lit': '- ', 'Hol': '- ', 'Sta': '121 '}","{'Str': 'C ', 'Dex': '- ', 'Int': '- ', 'Fai': '- ', 'Arc': '- '}",{'Any': '- '},"{'Phy': '94 ', 'Mag': '51 ', 'Fir': '44 ', 'Lit': '52 ', 'Hol': '52 ', 'Bst': '66 ', 'Rst': '25 '}"
21787,Lordsworn's Shield,Standard +22 ,"{'Phy': '225 ', 'Mag': '- ', 'Fir': '- ', 'Lit': '- ', 'Hol': '- ', 'Sta': '124 '}","{'Str': 'C ', 'Dex': '- ', 'Int': '- ', 'Fai': '- ', 'Arc': '- '}",{'Any': '- '},"{'Phy': '94 ', 'Mag': '51 ', 'Fir': '44 ', 'Lit': '52 ', 'Hol': '52 ', 'Bst': '66.6 ', 'Rst': '25 '}"
21788,Lordsworn's Shield,Standard +23 ,"{'Phy': '231 ', 'Mag': '- ', 'Fir': '- ', 'Lit': '- ', 'Hol': '- ', 'Sta': '126 '}","{'Str': 'C ', 'Dex': '- ', 'Int': '- ', 'Fai': '- ', 'Arc': '- '}",{'Any': '- '},"{'Phy': '94 ', 'Mag': '51 ', 'Fir': '44 ', 'Lit': '52 ', 'Hol': '52 ', 'Bst': '66.6 ', 'Rst': '25 '}"
21789,Lordsworn's Shield,Standard +24 ,"{'Phy': '236 ', 'Mag': '- ', 'Fir': '- ', 'Lit': '- ', 'Hol': '- ', 'Sta': '129 '}","{'Str': 'C ', 'Dex': '- ', 'Int': '- ', 'Fai': '- ', 'Arc': '- '}",{'Any': '- '},"{'Phy': '94 ', 'Mag': '51 ', 'Fir': '44 ', 'Lit': '52 ', 'Hol': '52 ', 'Bst': '66.6 ', 'Rst': '25 '}"
21790,Lordsworn's Shield,Standard +25 ,"{'Phy': '242 ', 'Mag': '- ', 'Fir': '- ', 'Lit': '- ', 'Hol': '- ', 'Sta': '132 '}","{'Str': 'B ', 'Dex': '- ', 'Int': '- ', 'Fai': '- ', 'Arc': '- '}",{'Any': '- '},"{'Phy': '94 ', 'Mag': '51 ', 'Fir': '44 ', 'Lit': '52 ', 'Hol': '52 ', 'Bst': '67.2 ', 'Rst': '25 '}"
22103,Briar Greatshield,Standard ,"{'Phy': '98 ', 'Mag': '- ', 'Fir': '- ', 'Lit': '- ', 'Hol': '- ', 'Sta': '65 '}","{'Str': 'D ', 'Dex': '- ', 'Int': '- ', 'Fai': '- ', 'Arc': '- '}",{'Any': '(70) Hemorrhage '},"{'Phy': '93 ', 'Mag': '50 ', 'Fir': '43 ', 'Lit': '50 ', 'Hol': '50 ', 'Bst': '58 ', 'Rst': '25 '}"
22104,Briar Greatshield,Standard +1 ,"{'Phy': '103 ', 'Mag': '- ', 'Fir': '- ', 'Lit': '- ', 'Hol': '- ', 'Sta': '67 '}","{'Str': 'D ', 'Dex': '- ', 'Int': '- ', 'Fai': '- ', 'Arc': '- '}",{'Any': '(70) Hemorrhage '},"{'Phy': '93 ', 'Mag': '50 ', 'Fir': '43 ', 'Lit': '50 ', 'Hol': '50 ', 'Bst': '58.58 ', 'Rst': '25 '}"
22105,Briar Greatshield,Standard +2 ,"{'Phy': '109 ', 'Mag': '- ', 'Fir': '- ', 'Lit': '- ', 'Hol': '- ', 'Sta': '70 '}","{'Str': 'D ', 'Dex': '- ', 'Int': '- ', 'Fai': '- ', 'Arc': '- '}",{'Any': '(70) Hemorrhage '},"{'Phy': '93 ', 'Mag': '50 ', 'Fir': '43 ', 'Lit': '50 ', 'Hol': '50 ', 'Bst': '58.58 ', 'Rst': '25 '}"
22106,Briar Greatshield,Standard +3 ,"{'Phy': '115 ', 'Mag': '- ', 'Fir': '- ', 'Lit': '- ', 'Hol': '- ', 'Sta': '72 '}","{'Str': 'D ', 'Dex': '- ', 'Int': '- ', 'Fai': '- ', 'Arc': '- '}",{'Any': '(70) Hemorrhage '},"{'Phy': '93 ', 'Mag': '50 ', 'Fir': '43 ', 'Lit': '50 ', 'Hol': '50 ', 'Bst': '59.16 ', 'Rst': '25 '}"
22107,Briar Greatshield,Standard +4 ,"{'Phy': '120 ', 'Mag': '- ', 'Fir': '- ', 'Lit': '- ', 'Hol': '- ', 'Sta': '75 '}","{'Str': 'D ', 'Dex': '- ', 'Int': '- ', 'Fai': '- ', 'Arc': '- '}",{'Any': '(70) Hemorrhage '},"{'Phy': '93 ', 'Mag': '50 ', 'Fir': '43 ', 'Lit': '50 ', 'Hol': '50 ', 'Bst': '59.16 ', 'Rst': '25 '}"
22108,Briar Greatshield,Standard +5 ,"{'Phy': '126 ', 'Mag': '- ', 'Fir': '- ', 'Lit': '- ', 'Hol': '- ', 'Sta': '78 '}","{'Str': 'C ', 'Dex': '- ', 'Int': '- ', 'Fai': '- ', 'Arc': '- '}",{'Any': '(70) Hemorrhage '},"{'Phy': '93 ', 'Mag': '50 ', 'Fir': '43 ', 'Lit': '50 ', 'Hol': '50 ', 'Bst': '59.74 ', 'Rst': '25 '}"
22109,Briar Greatshield,Standard +6 ,"{'Phy': '132 ', 'Mag': '- ', 'Fir': '- ', 'Lit': '- ', 'Hol': '- ', 'Sta': '80 '}","{'Str': 'C ', 'Dex': '- ', 'Int': '- ', 'Fai': '- ', 'Arc': '- '}",{'Any': '(70) Hemorrhage '},"{'Phy': '93 ', 'Mag': '50 ', 'Fir': '43 ', 'Lit': '50 ', 'Hol': '50 ', 'Bst': '59.74 ', 'Rst': '25 '}"
22110,Briar Greatshield,Standard +7 ,"{'Phy': '137 ', 'Mag': '- ', 'Fir': '- ', 'Lit': '- ', 'Hol': '- ', 'Sta': '83 '}","{'Str': 'C ', 'Dex': '- ', 'Int': '- ', 'Fai': '- ', 'Arc': '- '}",{'Any': '(70) Hemorrhage '},"{'Phy': '93 ', 'Mag': '50 ', 'Fir': '43 ', 'Lit': '50 ', 'Hol': '50 ', 'Bst': '60.32 ', 'Rst': '25 '}"
22111,Briar Greatshield,Standard +8 ,"{'Phy': '143 ', 'Mag': '- ', 'Fir': '- ', 'Lit': '- ', 'Hol': '- ', 'Sta': '85 '}","{'Str': 'C ', 'Dex': '- ', 'Int': '- ', 'Fai': '- ', 'Arc': '- '}",{'Any': '(70) Hemorrhage '},"{'Phy': '93 ', 'Mag': '50 ', 'Fir': '43 ', 'Lit': '50 ', 'Hol': '50 ', 'Bst': '60.32 ', 'Rst': '25 '}"
22112,Briar Greatshield,Standard +9 ,"{'Phy': '149 ', 'Mag': '- ', 'Fir': '- ', 'Lit': '- ', 'Hol': '- ', 'Sta': '88 '}","{'Str': 'C ', 'Dex': '- ', 'Int': '- ', 'Fai': '- ', 'Arc': '- '}",{'Any': '(70) Hemorrhage '},"{'Phy': '93 ', 'Mag': '50 ', 'Fir': '43 ', 'Lit': '50 ', 'Hol': '50 ', 'Bst': '60.32 ', 'Rst': '25 '}"
22113,Briar Greatshield,Standard +10 ,"{'Phy': '154 ', 'Mag': '- ', 'Fir': '- ', 'Lit': '- ', 'Hol': '- ', 'Sta': '91 '}","{'Str': 'C ', 'Dex': '- ', 'Int': '- ', 'Fai': '- ', 'Arc': '- '}",{'Any': '(70) Hemorrhage '},"{'Phy': '93 ', 'Mag': '50 ', 'Fir': '43 ', 'Lit': '50 ', 'Hol': '50 ', 'Bst': '60.9 ', 'Rst': '25 '}"
22114,Briar Greatshield,Standard +11 ,"{'Phy': '160 ', 'Mag': '- ', 'Fir': '- ', 'Lit': '- ', 'Hol': '- ', 'Sta': '93 '}","{'Str': 'C ', 'Dex': '- ', 'Int': '- ', 'Fai': '- ', 'Arc': '- '}",{'Any': '(70) Hemorrhage '},"{'Phy': '93 ', 'Mag': '50 ', 'Fir': '43 ', 'Lit': '50 ', 'Hol': '50 ', 'Bst': '60.9 ', 'Rst': '25 '}"
22115,Briar Greatshield,Standard +12 ,"{'Phy': '166 ', 'Mag': '- ', 'Fir': '- ', 'Lit': '- ', 'Hol': '- ', 'Sta': '96 '}","{'Str': 'C ', 'Dex': '- ', 'Int': '- ', 'Fai': '- ', 'Arc': '- '}",{'Any': '(70) Hemorrhage '},"{'Phy': '93 ', 'Mag': '50 ', 'Fir': '43 ', 'Lit': '50 ', 'Hol': '50 ', 'Bst': '61.48 ', 'Rst': '25 '}"
22116,Briar Greatshield,Standard +13 ,"{'Phy': '171 ', 'Mag': '- ', 'Fir': '- ', 'Lit': '- ', 'Hol': '- ', 'Sta': '98 '}","{'Str': 'C ', 'Dex': '- ', 'Int': '- ', 'Fai': '- ', 'Arc': '- '}",{'Any': '(70) Hemorrhage '},"{'Phy': '93 ', 'Mag': '50 ', 'Fir': '43 ', 'Lit': '50 ', 'Hol': '50 ', 'Bst': '61.48 ', 'Rst': '25 '}"
22117,Briar Greatshield,Standard +14 ,"{'Phy': '177 ', 'Mag': '- ', 'Fir': '- ', 'Lit': '- ', 'Hol': '- ', 'Sta': '101 '}","{'Str': 'C ', 'Dex': '- ', 'Int': '- ', 'Fai': '- ', 'Arc': '- '}",{'Any': '(70) Hemorrhage '},"{'Phy': '93 ', 'Mag': '50 ', 'Fir': '43 ', 'Lit': '50 ', 'Hol': '50 ', 'Bst': '62.06 ', 'Rst': '25 '}"
22118,Briar Greatshield,Standard +15 ,"{'Phy': '183 ', 'Mag': '- ', 'Fir': '- ', 'Lit': '- ', 'Hol': '- ', 'Sta': '104 '}","{'Str': 'C ', 'Dex': '- ', 'Int': '- ', 'Fai': '- ', 'Arc': '- '}",{'Any': '(70) Hemorrhage '},"{'Phy': '93 ', 'Mag': '50 ', 'Fir': '43 ', 'Lit': '50 ', 'Hol': '50 ', 'Bst': '62.06 ', 'Rst': '25 '}"
22119,Briar Greatshield,Standard +16 ,"{'Phy': '188 ', 'Mag': '- ', 'Fir': '- ', 'Lit': '- ', 'Hol': '- ', 'Sta': '106 '}","{'Str': 'C ', 'Dex': '- ', 'Int': '- ', 'Fai': '- ', 'Arc': '- '}",{'Any': '(70) Hemorrhage '},"{'Phy': '93 ', 'Mag': '50 ', 'Fir': '43 ', 'Lit': '50 ', 'Hol': '50 ', 'Bst': '62.64 ', 'Rst': '25 '}"
22120,Briar Greatshield,Standard +17 ,"{'Phy': '194 ', 'Mag': '- ', 'Fir': '- ', 'Lit': '- ', 'Hol': '- ', 'Sta': '109 '}","{'Str': 'C ', 'Dex': '- ', 'Int': '- ', 'Fai': '- ', 'Arc': '- '}",{'Any': '(70) Hemorrhage '},"{'Phy': '93 ', 'Mag': '50 ', 'Fir': '43 ', 'Lit': '50 ', 'Hol': '50 ', 'Bst': '62.64 ', 'Rst': '25 '}"
22121,Briar Greatshield,Standard +18 ,"{'Phy': '200 ', 'Mag': '- ', 'Fir': '- ', 'Lit': '- ', 'Hol': '- ', 'Sta': '111 '}","{'Str': 'C ', 'Dex': '- ', 'Int': '- ', 'Fai': '- ', 'Arc': '- '}",{'Any': '(70) Hemorrhage '},"{'Phy': '93 ', 'Mag': '50 ', 'Fir': '43 ', 'Lit': '50 ', 'Hol': '50 ', 'Bst': '63.22 ', 'Rst': '25 '}"
22122,Briar Greatshield,Standard +19 ,"{'Phy': '205 ', 'Mag': '- ', 'Fir': '- ', 'Lit': '- ', 'Hol': '- ', 'Sta': '114 '}","{'Str': 'C ', 'Dex': '- ', 'Int': '- ', 'Fai': '- ', 'Arc': '- '}",{'Any': '(70) Hemorrhage '},"{'Phy': '93 ', 'Mag': '50 ', 'Fir': '43 ', 'Lit': '50 ', 'Hol': '50 ', 'Bst': '63.22 ', 'Rst': '25 '}"
22123,Briar Greatshield,Standard +20 ,"{'Phy': '211 ', 'Mag': '- ', 'Fir': '- ', 'Lit': '- ', 'Hol': '- ', 'Sta': '117 '}","{'Str': 'C ', 'Dex': '- ', 'Int': '- ', 'Fai': '- ', 'Arc': '- '}",{'Any': '(70) Hemorrhage '},"{'Phy': '93 ', 'Mag': '50 ', 'Fir': '43 ', 'Lit': '50 ', 'Hol': '50 ', 'Bst': '63.8 ', 'Rst': '25 '}"
22124,Briar Greatshield,Standard +21 ,"{'Phy': '217 ', 'Mag': '- ', 'Fir': '- ', 'Lit': '- ', 'Hol': '- ', 'Sta': '119 '}","{'Str': 'C ', 'Dex': '- ', 'Int': '- ', 'Fai': '- ', 'Arc': '- '}",{'Any': '(70) Hemorrhage '},"{'Phy': '93 ', 'Mag': '50 ', 'Fir': '43 ', 'Lit': '50 ', 'Hol': '50 ', 'Bst': '63.8 ', 'Rst': '25 '}"
22125,Briar Greatshield,Standard +22 ,"{'Phy': '223 ', 'Mag': '- ', 'Fir': '- ', 'Lit': '- ', 'Hol': '- ', 'Sta': '122 '}","{'Str': 'C ', 'Dex': '- ', 'Int': '- ', 'Fai': '- ', 'Arc': '- '}",{'Any': '(70) Hemorrhage '},"{'Phy': '93 ', 'Mag': '50 ', 'Fir': '43 ', 'Lit': '50 ', 'Hol': '50 ', 'Bst': '64.38 ', 'Rst': '25 '}"
22126,Briar Greatshield,Standard +23 ,"{'Phy': '228 ', 'Mag': '- ', 'Fir': '- ', 'Lit': '- ', 'Hol': '- ', 'Sta': '124 '}","{'Str': 'C ', 'Dex': '- ', 'Int': '- ', 'Fai': '- ', 'Arc': '- '}",{'Any': '(70) Hemorrhage '},"{'Phy': '93 ', 'Mag': '50 ', 'Fir': '43 ', 'Lit': '50 ', 'Hol': '50 ', 'Bst': '64.38 ', 'Rst': '25 '}"
22127,Briar Greatshield,Standard +24 ,"{'Phy': '234 ', 'Mag': '- ', 'Fir': '- ', 'Lit': '- ', 'Hol': '- ', 'Sta': '127 '}","{'Str': 'C ', 'Dex': '- ', 'Int': '- ', 'Fai': '- ', 'Arc': '- '}",{'Any': '(70) Hemorrhage '},"{'Phy': '93 ', 'Mag': '50 ', 'Fir': '43 ', 'Lit': '50 ', 'Hol': '50 ', 'Bst': '64.38 ', 'Rst': '25 '}"
22128,Briar Greatshield,Standard +25 ,"{'Phy': '240 ', 'Mag': '- ', 'Fir': '- ', 'Lit': '- ', 'Hol': '- ', 'Sta': '130 '}","{'Str': 'B ', 'Dex': '- ', 'Int': '- ', 'Fai': '- ', 'Arc': '- '}",{'Any': '(70) Hemorrhage '},"{'Phy': '93 ', 'Mag': '50 ', 'Fir': '43 ', 'Lit': '50 ', 'Hol': '50 ', 'Bst': '64.96 ', 'Rst': '25 '}"
22441,Spiked Palisade Shield,Standard ,"{'Phy': '116 ', 'Mag': '- ', 'Fir': '- ', 'Lit': '- ', 'Hol': '- ', 'Sta': '70 '}","{'Str': 'D ', 'Dex': '- ', 'Int': '- ', 'Fai': '- ', 'Arc': '- '}",{'Any': '(70) Hemorrhage '},"{'Phy': '95 ', 'Mag': '51 ', 'Fir': '45 ', 'Lit': '54 ', 'Hol': '50 ', 'Bst': '59 ', 'Rst': '27 '}"
22442,Spiked Palisade Shield,Standard +1 ,"{'Phy': '122 ', 'Mag': '- ', 'Fir': '- ', 'Lit': '- ', 'Hol': '- ', 'Sta': '72 '}","{'Str': 'D ', 'Dex': '- ', 'Int': '- ', 'Fai': '- ', 'Arc': '- '}",{'Any': '(70) Hemorrhage '},"{'Phy': '95 ', 'Mag': '51 ', 'Fir': '45 ', 'Lit': '54 ', 'Hol': '50 ', 'Bst': '59.59 ', 'Rst': '27 '}"
22443,Spiked Palisade Shield,Standard +2 ,"{'Phy': '129 ', 'Mag': '- ', 'Fir': '- ', 'Lit': '- ', 'Hol': '- ', 'Sta': '75 '}","{'Str': 'D ', 'Dex': '- ', 'Int': '- ', 'Fai': '- ', 'Arc': '- '}",{'Any': '(70) Hemorrhage '},"{'Phy': '95 ', 'Mag': '51 ', 'Fir': '45 ', 'Lit': '54 ', 'Hol': '50 ', 'Bst': '59.59 ', 'Rst': '27 '}"
22444,Spiked Palisade Shield,Standard +3 ,"{'Phy': '136 ', 'Mag': '- ', 'Fir': '- ', 'Lit': '- ', 'Hol': '- ', 'Sta': '78 '}","{'Str': 'D ', 'Dex': '- ', 'Int': '- ', 'Fai': '- ', 'Arc': '- '}",{'Any': '(70) Hemorrhage '},"{'Phy': '95 ', 'Mag': '51 ', 'Fir': '45 ', 'Lit': '54 ', 'Hol': '50 ', 'Bst': '60.18 ', 'Rst': '27 '}"
22445,Spiked Palisade Shield,Standard +4 ,"{'Phy': '142 ', 'Mag': '- ', 'Fir': '- ', 'Lit': '- ', 'Hol': '- ', 'Sta': '81 '}","{'Str': 'D ', 'Dex': '- ', 'Int': '- ', 'Fai': '- ', 'Arc': '- '}",{'Any': '(70) Hemorrhage '},"{'Phy': '95 ', 'Mag': '51 ', 'Fir': '45 ', 'Lit': '54 ', 'Hol': '50 ', 'Bst': '60.18 ', 'Rst': '27 '}"
22446,Spiked Palisade Shield,Standard +5 ,"{'Phy': '149 ', 'Mag': '- ', 'Fir': '- ', 'Lit': '- ', 'Hol': '- ', 'Sta': '84 '}","{'Str': 'C ', 'Dex': '- ', 'Int': '- ', 'Fai': '- ', 'Arc': '- '}",{'Any': '(70) Hemorrhage '},"{'Phy': '95 ', 'Mag': '51 ', 'Fir': '45 ', 'Lit': '54 ', 'Hol': '50 ', 'Bst': '60.77 ', 'Rst': '27 '}"
22447,Spiked Palisade Shield,Standard +6 ,"{'Phy': '156 ', 'Mag': '- ', 'Fir': '- ', 'Lit': '- ', 'Hol': '- ', 'Sta': '86 '}","{'Str': 'C ', 'Dex': '- ', 'Int': '- ', 'Fai': '- ', 'Arc': '- '}",{'Any': '(70) Hemorrhage '},"{'Phy': '95 ', 'Mag': '51 ', 'Fir': '45 ', 'Lit': '54 ', 'Hol': '50 ', 'Bst': '60.77 ', 'Rst': '27 '}"
22448,Spiked Palisade Shield,Standard +7 ,"{'Phy': '163 ', 'Mag': '- ', 'Fir': '- ', 'Lit': '- ', 'Hol': '- ', 'Sta': '89 '}","{'Str': 'C ', 'Dex': '- ', 'Int': '- ', 'Fai': '- ', 'Arc': '- '}",{'Any': '(70) Hemorrhage '},"{'Phy': '95 ', 'Mag': '51 ', 'Fir': '45 ', 'Lit': '54 ', 'Hol': '50 ', 'Bst': '61.36 ', 'Rst': '27 '}"
22449,Spiked Palisade Shield,Standard +8 ,"{'Phy': '169 ', 'Mag': '- ', 'Fir': '- ', 'Lit': '- ', 'Hol': '- ', 'Sta': '92 '}","{'Str': 'C ', 'Dex': '- ', 'Int': '- ', 'Fai': '- ', 'Arc': '- '}",{'Any': '(70) Hemorrhage '},"{'Phy': '95 ', 'Mag': '51 ', 'Fir': '45 ', 'Lit': '54 ', 'Hol': '50 ', 'Bst': '61.36 ', 'Rst': '27 '}"
22450,Spiked Palisade Shield,Standard +9 ,"{'Phy': '176 ', 'Mag': '- ', 'Fir': '- ', 'Lit': '- ', 'Hol': '- ', 'Sta': '95 '}","{'Str': 'C ', 'Dex': '- ', 'Int': '- ', 'Fai': '- ', 'Arc': '- '}",{'Any': '(70) Hemorrhage '},"{'Phy': '95 ', 'Mag': '51 ', 'Fir': '45 ', 'Lit': '54 ', 'Hol': '50 ', 'Bst': '61.36 ', 'Rst': '27 '}"
22451,Spiked Palisade Shield,Standard +10 ,"{'Phy': '183 ', 'Mag': '- ', 'Fir': '- ', 'Lit': '- ', 'Hol': '- ', 'Sta': '98 '}","{'Str': 'C ', 'Dex': '- ', 'Int': '- ', 'Fai': '- ', 'Arc': '- '}",{'Any': '(70) Hemorrhage '},"{'Phy': '95 ', 'Mag': '51 ', 'Fir': '45 ', 'Lit': '54 ', 'Hol': '50 ', 'Bst': '61.95 ', 'Rst': '27 '}"
22452,Spiked Palisade Shield,Standard +11 ,"{'Phy': '190 ', 'Mag': '- ', 'Fir': '- ', 'Lit': '- ', 'Hol': '- ', 'Sta': '100 '}","{'Str': 'C ', 'Dex': '- ', 'Int': '- ', 'Fai': '- ', 'Arc': '- '}",{'Any': '(70) Hemorrhage '},"{'Phy': '95 ', 'Mag': '51 ', 'Fir': '45 ', 'Lit': '54 ', 'Hol': '50 ', 'Bst': '61.95 ', 'Rst': '27 '}"
22453,Spiked Palisade Shield,Standard +12 ,"{'Phy': '196 ', 'Mag': '- ', 'Fir': '- ', 'Lit': '- ', 'Hol': '- ', 'Sta': '103 '}","{'Str': 'C ', 'Dex': '- ', 'Int': '- ', 'Fai': '- ', 'Arc': '- '}",{'Any': '(70) Hemorrhage '},"{'Phy': '95 ', 'Mag': '51 ', 'Fir': '45 ', 'Lit': '54 ', 'Hol': '50 ', 'Bst': '62.54 ', 'Rst': '27 '}"
22454,Spiked Palisade Shield,Standard +13 ,"{'Phy': '203 ', 'Mag': '- ', 'Fir': '- ', 'Lit': '- ', 'Hol': '- ', 'Sta': '106 '}","{'Str': 'C ', 'Dex': '- ', 'Int': '- ', 'Fai': '- ', 'Arc': '- '}",{'Any': '(70) Hemorrhage '},"{'Phy': '95 ', 'Mag': '51 ', 'Fir': '45 ', 'Lit': '54 ', 'Hol': '50 ', 'Bst': '62.54 ', 'Rst': '27 '}"
22455,Spiked Palisade Shield,Standard +14 ,"{'Phy': '210 ', 'Mag': '- ', 'Fir': '- ', 'Lit': '- ', 'Hol': '- ', 'Sta': '109 '}","{'Str': 'C ', 'Dex': '- ', 'Int': '- ', 'Fai': '- ', 'Arc': '- '}",{'Any': '(70) Hemorrhage '},"{'Phy': '95 ', 'Mag': '51 ', 'Fir': '45 ', 'Lit': '54 ', 'Hol': '50 ', 'Bst': '63.13 ', 'Rst': '27 '}"
22456,Spiked Palisade Shield,Standard +15 ,"{'Phy': '216 ', 'Mag': '- ', 'Fir': '- ', 'Lit': '- ', 'Hol': '- ', 'Sta': '112 '}","{'Str': 'C ', 'Dex': '- ', 'Int': '- ', 'Fai': '- ', 'Arc': '- '}",{'Any': '(70) Hemorrhage '},"{'Phy': '95 ', 'Mag': '51 ', 'Fir': '45 ', 'Lit': '54 ', 'Hol': '50 ', 'Bst': '63.13 ', 'Rst': '27 '}"
22457,Spiked Palisade Shield,Standard +16 ,"{'Phy': '223 ', 'Mag': '- ', 'Fir': '- ', 'Lit': '- ', 'Hol': '- ', 'Sta': '114 '}","{'Str': 'C ', 'Dex': '- ', 'Int': '- ', 'Fai': '- ', 'Arc': '- '}",{'Any': '(70) Hemorrhage '},"{'Phy': '95 ', 'Mag': '51 ', 'Fir': '45 ', 'Lit': '54 ', 'Hol': '50 ', 'Bst': '63.72 ', 'Rst': '27 '}"
22458,Spiked Palisade Shield,Standard +17 ,"{'Phy': '230 ', 'Mag': '- ', 'Fir': '- ', 'Lit': '- ', 'Hol': '- ', 'Sta': '117 '}","{'Str': 'C ', 'Dex': '- ', 'Int': '- ', 'Fai': '- ', 'Arc': '- '}",{'Any': '(70) Hemorrhage '},"{'Phy': '95 ', 'Mag': '51 ', 'Fir': '45 ', 'Lit': '54 ', 'Hol': '50 ', 'Bst': '63.72 ', 'Rst': '27 '}"
22459,Spiked Palisade Shield,Standard +18 ,"{'Phy': '237 ', 'Mag': '- ', 'Fir': '- ', 'Lit': '- ', 'Hol': '- ', 'Sta': '120 '}","{'Str': 'C ', 'Dex': '- ', 'Int': '- ', 'Fai': '- ', 'Arc': '- '}",{'Any': '(70) Hemorrhage '},"{'Phy': '95 ', 'Mag': '51 ', 'Fir': '45 ', 'Lit': '54 ', 'Hol': '50 ', 'Bst': '64.31 ', 'Rst': '27 '}"
22460,Spiked Palisade Shield,Standard +19 ,"{'Phy': '243 ', 'Mag': '- ', 'Fir': '- ', 'Lit': '- ', 'Hol': '- ', 'Sta': '123 '}","{'Str': 'C ', 'Dex': '- ', 'Int': '- ', 'Fai': '- ', 'Arc': '- '}",{'Any': '(70) Hemorrhage '},"{'Phy': '95 ', 'Mag': '51 ', 'Fir': '45 ', 'Lit': '54 ', 'Hol': '50 ', 'Bst': '64.31 ', 'Rst': '27 '}"
22461,Spiked Palisade Shield,Standard +20 ,"{'Phy': '250 ', 'Mag': '- ', 'Fir': '- ', 'Lit': '- ', 'Hol': '- ', 'Sta': '126 '}","{'Str': 'C ', 'Dex': '- ', 'Int': '- ', 'Fai': '- ', 'Arc': '- '}",{'Any': '(70) Hemorrhage '},"{'Phy': '95 ', 'Mag': '51 ', 'Fir': '45 ', 'Lit': '54 ', 'Hol': '50 ', 'Bst': '64.9 ', 'Rst': '27 '}"
22462,Spiked Palisade Shield,Standard +21 ,"{'Phy': '257 ', 'Mag': '- ', 'Fir': '- ', 'Lit': '- ', 'Hol': '- ', 'Sta': '128 '}","{'Str': 'C ', 'Dex': '- ', 'Int': '- ', 'Fai': '- ', 'Arc': '- '}",{'Any': '(70) Hemorrhage '},"{'Phy': '95 ', 'Mag': '51 ', 'Fir': '45 ', 'Lit': '54 ', 'Hol': '50 ', 'Bst': '64.9 ', 'Rst': '27 '}"
22463,Spiked Palisade Shield,Standard +22 ,"{'Phy': '264 ', 'Mag': '- ', 'Fir': '- ', 'Lit': '- ', 'Hol': '- ', 'Sta': '131 '}","{'Str': 'C ', 'Dex': '- ', 'Int': '- ', 'Fai': '- ', 'Arc': '- '}",{'Any': '(70) Hemorrhage '},"{'Phy': '95 ', 'Mag': '51 ', 'Fir': '45 ', 'Lit': '54 ', 'Hol': '50 ', 'Bst': '65.49 ', 'Rst': '27 '}"
22464,Spiked Palisade Shield,Standard +23 ,"{'Phy': '270 ', 'Mag': '- ', 'Fir': '- ', 'Lit': '- ', 'Hol': '- ', 'Sta': '134 '}","{'Str': 'C ', 'Dex': '- ', 'Int': '- ', 'Fai': '- ', 'Arc': '- '}",{'Any': '(70) Hemorrhage '},"{'Phy': '95 ', 'Mag': '51 ', 'Fir': '45 ', 'Lit': '54 ', 'Hol': '50 ', 'Bst': '65.49 ', 'Rst': '27 '}"
22465,Spiked Palisade Shield,Standard +24 ,"{'Phy': '277 ', 'Mag': '- ', 'Fir': '- ', 'Lit': '- ', 'Hol': '- ', 'Sta': '137 '}","{'Str': 'C ', 'Dex': '- ', 'Int': '- ', 'Fai': '- ', 'Arc': '- '}",{'Any': '(70) Hemorrhage '},"{'Phy': '95 ', 'Mag': '51 ', 'Fir': '45 ', 'Lit': '54 ', 'Hol': '50 ', 'Bst': '65.49 ', 'Rst': '27 '}"
22466,Spiked Palisade Shield,Standard +25 ,"{'Phy': '284 ', 'Mag': '- ', 'Fir': '- ', 'Lit': '- ', 'Hol': '- ', 'Sta': '140 '}","{'Str': 'B ', 'Dex': '- ', 'Int': '- ', 'Fai': '- ', 'Arc': '- '}",{'Any': '(70) Hemorrhage '},"{'Phy': '95 ', 'Mag': '51 ', 'Fir': '45 ', 'Lit': '54 ', 'Hol': '50 ', 'Bst': '66.08 ', 'Rst': '27 '}"
22779,Icon Shield,Standard ,"{'Phy': '133 ', 'Mag': '- ', 'Fir': '- ', 'Lit': '- ', 'Hol': '- ', 'Sta': '84 '}","{'Str': 'D ', 'Dex': '- ', 'Int': '- ', 'Fai': '- ', 'Arc': '- '}",{'Any': '- '},"{'Phy': '95 ', 'Mag': '49 ', 'Fir': '45 ', 'Lit': '51 ', 'Hol': '48 ', 'Bst': '59 ', 'Rst': '27 '}"
22780,Icon Shield,Standard +1 ,"{'Phy': '145 ', 'Mag': '- ', 'Fir': '- ', 'Lit': '- ', 'Hol': '- ', 'Sta': '89 '}","{'Str': 'D ', 'Dex': '- ', 'Int': '- ', 'Fai': '- ', 'Arc': '- '}",{'Any': '- '},"{'Phy': '95 ', 'Mag': '49 ', 'Fir': '45 ', 'Lit': '51 ', 'Hol': '48 ', 'Bst': '59.59 ', 'Rst': '27 '}"
22781,Icon Shield,Standard +2 ,"{'Phy': '157 ', 'Mag': '- ', 'Fir': '- ', 'Lit': '- ', 'Hol': '- ', 'Sta': '95 '}","{'Str': 'D ', 'Dex': '- ', 'Int': '- ', 'Fai': '- ', 'Arc': '- '}",{'Any': '- '},"{'Phy': '95 ', 'Mag': '49 ', 'Fir': '45 ', 'Lit': '51 ', 'Hol': '48 ', 'Bst': '60.18 ', 'Rst': '27 '}"
22782,Icon Shield,Standard +3 ,"{'Phy': '169 ', 'Mag': '- ', 'Fir': '- ', 'Lit': '- ', 'Hol': '- ', 'Sta': '100 '}","{'Str': 'C ', 'Dex': '- ', 'Int': '- ', 'Fai': '- ', 'Arc': '- '}",{'Any': '- '},"{'Phy': '95 ', 'Mag': '49 ', 'Fir': '45 ', 'Lit': '51 ', 'Hol': '48 ', 'Bst': '60.77 ', 'Rst': '27 '}"
22783,Icon Shield,Standard +4 ,"{'Phy': '182 ', 'Mag': '- ', 'Fir': '- ', 'Lit': '- ', 'Hol': '- ', 'Sta': '106 '}","{'Str': 'C ', 'Dex': '- ', 'Int': '- ', 'Fai': '- ', 'Arc': '- '}",{'Any': '- '},"{'Phy': '95 ', 'Mag': '49 ', 'Fir': '45 ', 'Lit': '51 ', 'Hol': '48 ', 'Bst': '61.36 ', 'Rst': '27 '}"
22784,Icon Shield,Standard +5 ,"{'Phy': '194 ', 'Mag': '- ', 'Fir': '- ', 'Lit': '- ', 'Hol': '- ', 'Sta': '112 '}","{'Str': 'C ', 'Dex': '- ', 'Int': '- ', 'Fai': '- ', 'Arc': '- '}",{'Any': '- '},"{'Phy': '95 ', 'Mag': '49 ', 'Fir': '45 ', 'Lit': '51 ', 'Hol': '48 ', 'Bst': '61.95 ', 'Rst': '27 '}"
22785,Icon Shield,Standard +6 ,"{'Phy': '206 ', 'Mag': '- ', 'Fir': '- ', 'Lit': '- ', 'Hol': '- ', 'Sta': '117 '}","{'Str': 'C ', 'Dex': '- ', 'Int': '- ', 'Fai': '- ', 'Arc': '- '}",{'Any': '- '},"{'Phy': '95 ', 'Mag': '49 ', 'Fir': '45 ', 'Lit': '51 ', 'Hol': '48 ', 'Bst': '62.54 ', 'Rst': '27 '}"
22786,Icon Shield,Standard +7 ,"{'Phy': '218 ', 'Mag': '- ', 'Fir': '- ', 'Lit': '- ', 'Hol': '- ', 'Sta': '123 '}","{'Str': 'C ', 'Dex': '- ', 'Int': '- ', 'Fai': '- ', 'Arc': '- '}",{'Any': '- '},"{'Phy': '95 ', 'Mag': '49 ', 'Fir': '45 ', 'Lit': '51 ', 'Hol': '48 ', 'Bst': '63.13 ', 'Rst': '27 '}"
22787,Icon Shield,Standard +8 ,"{'Phy': '230 ', 'Mag': '- ', 'Fir': '- ', 'Lit': '- ', 'Hol': '- ', 'Sta': '128 '}","{'Str': 'C ', 'Dex': '- ', 'Int': '- ', 'Fai': '- ', 'Arc': '- '}",{'Any': '- '},"{'Phy': '95 ', 'Mag': '49 ', 'Fir': '45 ', 'Lit': '51 ', 'Hol': '48 ', 'Bst': '63.72 ', 'Rst': '27 '}"
22788,Icon Shield,Standard +9 ,"{'Phy': '243 ', 'Mag': '- ', 'Fir': '- ', 'Lit': '- ', 'Hol': '- ', 'Sta': '134 '}","{'Str': 'C ', 'Dex': '- ', 'Int': '- ', 'Fai': '- ', 'Arc': '- '}",{'Any': '- '},"{'Phy': '95 ', 'Mag': '49 ', 'Fir': '45 ', 'Lit': '51 ', 'Hol': '48 ', 'Bst': '64.31 ', 'Rst': '27 '}"
22789,Icon Shield,Standard +10 ,"{'Phy': '255 ', 'Mag': '- ', 'Fir': '- ', 'Lit': '- ', 'Hol': '- ', 'Sta': '140 '}","{'Str': 'B ', 'Dex': '- ', 'Int': '- ', 'Fai': '- ', 'Arc': '- '}",{'Any': '- '},"{'Phy': '95 ', 'Mag': '49 ', 'Fir': '45 ', 'Lit': '51 ', 'Hol': '48 ', 'Bst': '64.9 ', 'Rst': '27 '}"
22790,Golden Beast Crest Shield,Standard ,"{'Phy': '104 ', 'Mag': '- ', 'Fir': '- ', 'Lit': '- ', 'Hol': '- ', 'Sta': '72 '}","{'Str': 'D ', 'Dex': '- ', 'Int': '- ', 'Fai': '- ', 'Arc': '- '}",{'Any': '- '},"{'Phy': '100 ', 'Mag': '55 ', 'Fir': '55 ', 'Lit': '48 ', 'Hol': '55 ', 'Bst': '60 ', 'Rst': '27 '}"
22791,Golden Beast Crest Shield,Standard +1 ,"{'Phy': '110 ', 'Mag': '- ', 'Fir': '- ', 'Lit': '- ', 'Hol': '- ', 'Sta': '74 '}","{'Str': 'D ', 'Dex': '- ', 'Int': '- ', 'Fai': '- ', 'Arc': '- '}",{'Any': '- '},"{'Phy': '100 ', 'Mag': '55 ', 'Fir': '55 ', 'Lit': '48 ', 'Hol': '55 ', 'Bst': '60.6 ', 'Rst': '27 '}"
22792,Golden Beast Crest Shield,Standard +2 ,"{'Phy': '116 ', 'Mag': '- ', 'Fir': '- ', 'Lit': '- ', 'Hol': '- ', 'Sta': '77 '}","{'Str': 'D ', 'Dex': '- ', 'Int': '- ', 'Fai': '- ', 'Arc': '- '}",{'Any': '- '},"{'Phy': '100 ', 'Mag': '55 ', 'Fir': '55 ', 'Lit': '48 ', 'Hol': '55 ', 'Bst': '60.6 ', 'Rst': '27 '}"
22793,Golden Beast Crest Shield,Standard +3 ,"{'Phy': '122 ', 'Mag': '- ', 'Fir': '- ', 'Lit': '- ', 'Hol': '- ', 'Sta': '80 '}","{'Str': 'D ', 'Dex': '- ', 'Int': '- ', 'Fai': '- ', 'Arc': '- '}",{'Any': '- '},"{'Phy': '100 ', 'Mag': '55 ', 'Fir': '55 ', 'Lit': '48 ', 'Hol': '55 ', 'Bst': '61.2 ', 'Rst': '27 '}"
22794,Golden Beast Crest Shield,Standard +4 ,"{'Phy': '128 ', 'Mag': '- ', 'Fir': '- ', 'Lit': '- ', 'Hol': '- ', 'Sta': '83 '}","{'Str': 'D ', 'Dex': '- ', 'Int': '- ', 'Fai': '- ', 'Arc': '- '}",{'Any': '- '},"{'Phy': '100 ', 'Mag': '55 ', 'Fir': '55 ', 'Lit': '48 ', 'Hol': '55 ', 'Bst': '61.2 ', 'Rst': '27 '}"
22795,Golden Beast Crest Shield,Standard +5 ,"{'Phy': '134 ', 'Mag': '- ', 'Fir': '- ', 'Lit': '- ', 'Hol': '- ', 'Sta': '86 '}","{'Str': 'C ', 'Dex': '- ', 'Int': '- ', 'Fai': '- ', 'Arc': '- '}",{'Any': '- '},"{'Phy': '100 ', 'Mag': '55 ', 'Fir': '55 ', 'Lit': '48 ', 'Hol': '55 ', 'Bst': '61.8 ', 'Rst': '27 '}"
22796,Golden Beast Crest Shield,Standard +6 ,"{'Phy': '140 ', 'Mag': '- ', 'Fir': '- ', 'Lit': '- ', 'Hol': '- ', 'Sta': '89 '}","{'Str': 'C ', 'Dex': '- ', 'Int': '- ', 'Fai': '- ', 'Arc': '- '}",{'Any': '- '},"{'Phy': '100 ', 'Mag': '55 ', 'Fir': '55 ', 'Lit': '48 ', 'Hol': '55 ', 'Bst': '61.8 ', 'Rst': '27 '}"
22797,Golden Beast Crest Shield,Standard +7 ,"{'Phy': '146 ', 'Mag': '- ', 'Fir': '- ', 'Lit': '- ', 'Hol': '- ', 'Sta': '92 '}","{'Str': 'C ', 'Dex': '- ', 'Int': '- ', 'Fai': '- ', 'Arc': '- '}",{'Any': '- '},"{'Phy': '100 ', 'Mag': '55 ', 'Fir': '55 ', 'Lit': '48 ', 'Hol': '55 ', 'Bst': '62.4 ', 'Rst': '27 '}"
22798,Golden Beast Crest Shield,Standard +8 ,"{'Phy': '152 ', 'Mag': '- ', 'Fir': '- ', 'Lit': '- ', 'Hol': '- ', 'Sta': '95 '}","{'Str': 'C ', 'Dex': '- ', 'Int': '- ', 'Fai': '- ', 'Arc': '- '}",{'Any': '- '},"{'Phy': '100 ', 'Mag': '55 ', 'Fir': '55 ', 'Lit': '48 ', 'Hol': '55 ', 'Bst': '62.4 ', 'Rst': '27 '}"
22799,Golden Beast Crest Shield,Standard +9 ,"{'Phy': '158 ', 'Mag': '- ', 'Fir': '- ', 'Lit': '- ', 'Hol': '- ', 'Sta': '97 '}","{'Str': 'C ', 'Dex': '- ', 'Int': '- ', 'Fai': '- ', 'Arc': '- '}",{'Any': '- '},"{'Phy': '100 ', 'Mag': '55 ', 'Fir': '55 ', 'Lit': '48 ', 'Hol': '55 ', 'Bst': '62.4 ', 'Rst': '27 '}"
22800,Golden Beast Crest Shield,Standard +10 ,"{'Phy': '164 ', 'Mag': '- ', 'Fir': '- ', 'Lit': '- ', 'Hol': '- ', 'Sta': '100 '}","{'Str': 'C ', 'Dex': '- ', 'Int': '- ', 'Fai': '- ', 'Arc': '- '}",{'Any': '- '},"{'Phy': '100 ', 'Mag': '55 ', 'Fir': '55 ', 'Lit': '48 ', 'Hol': '55 ', 'Bst': '63 ', 'Rst': '27 '}"
22801,Golden Beast Crest Shield,Standard +11 ,"{'Phy': '170 ', 'Mag': '- ', 'Fir': '- ', 'Lit': '- ', 'Hol': '- ', 'Sta': '103 '}","{'Str': 'C ', 'Dex': '- ', 'Int': '- ', 'Fai': '- ', 'Arc': '- '}",{'Any': '- '},"{'Phy': '100 ', 'Mag': '55 ', 'Fir': '55 ', 'Lit': '48 ', 'Hol': '55 ', 'Bst': '63 ', 'Rst': '27 '}"
22802,Golden Beast Crest Shield,Standard +12 ,"{'Phy': '176 ', 'Mag': '- ', 'Fir': '- ', 'Lit': '- ', 'Hol': '- ', 'Sta': '106 '}","{'Str': 'C ', 'Dex': '- ', 'Int': '- ', 'Fai': '- ', 'Arc': '- '}",{'Any': '- '},"{'Phy': '100 ', 'Mag': '55 ', 'Fir': '55 ', 'Lit': '48 ', 'Hol': '55 ', 'Bst': '63.6 ', 'Rst': '27 '}"
22803,Golden Beast Crest Shield,Standard +13 ,"{'Phy': '182 ', 'Mag': '- ', 'Fir': '- ', 'Lit': '- ', 'Hol': '- ', 'Sta': '109 '}","{'Str': 'C ', 'Dex': '- ', 'Int': '- ', 'Fai': '- ', 'Arc': '- '}",{'Any': '- '},"{'Phy': '100 ', 'Mag': '55 ', 'Fir': '55 ', 'Lit': '48 ', 'Hol': '55 ', 'Bst': '63.6 ', 'Rst': '27 '}"
22804,Golden Beast Crest Shield,Standard +14 ,"{'Phy': '188 ', 'Mag': '- ', 'Fir': '- ', 'Lit': '- ', 'Hol': '- ', 'Sta': '112 '}","{'Str': 'C ', 'Dex': '- ', 'Int': '- ', 'Fai': '- ', 'Arc': '- '}",{'Any': '- '},"{'Phy': '100 ', 'Mag': '55 ', 'Fir': '55 ', 'Lit': '48 ', 'Hol': '55 ', 'Bst': '64.2 ', 'Rst': '27 '}"
22805,Golden Beast Crest Shield,Standard +15 ,"{'Phy': '194 ', 'Mag': '- ', 'Fir': '- ', 'Lit': '- ', 'Hol': '- ', 'Sta': '115 '}","{'Str': 'C ', 'Dex': '- ', 'Int': '- ', 'Fai': '- ', 'Arc': '- '}",{'Any': '- '},"{'Phy': '100 ', 'Mag': '55 ', 'Fir': '55 ', 'Lit': '48 ', 'Hol': '55 ', 'Bst': '64.2 ', 'Rst': '27 '}"
22806,Golden Beast Crest Shield,Standard +16 ,"{'Phy': '200 ', 'Mag': '- ', 'Fir': '- ', 'Lit': '- ', 'Hol': '- ', 'Sta': '118 '}","{'Str': 'C ', 'Dex': '- ', 'Int': '- ', 'Fai': '- ', 'Arc': '- '}",{'Any': '- '},"{'Phy': '100 ', 'Mag': '55 ', 'Fir': '55 ', 'Lit': '48 ', 'Hol': '55 ', 'Bst': '64.8 ', 'Rst': '27 '}"
22807,Golden Beast Crest Shield,Standard +17 ,"{'Phy': '206 ', 'Mag': '- ', 'Fir': '- ', 'Lit': '- ', 'Hol': '- ', 'Sta': '120 '}","{'Str': 'C ', 'Dex': '- ', 'Int': '- ', 'Fai': '- ', 'Arc': '- '}",{'Any': '- '},"{'Phy': '100 ', 'Mag': '55 ', 'Fir': '55 ', 'Lit': '48 ', 'Hol': '55 ', 'Bst': '64.8 ', 'Rst': '27 '}"
22808,Golden Beast Crest Shield,Standard +18 ,"{'Phy': '212 ', 'Mag': '- ', 'Fir': '- ', 'Lit': '- ', 'Hol': '- ', 'Sta': '123 '}","{'Str': 'C ', 'Dex': '- ', 'Int': '- ', 'Fai': '- ', 'Arc': '- '}",{'Any': '- '},"{'Phy': '100 ', 'Mag': '55 ', 'Fir': '55 ', 'Lit': '48 ', 'Hol': '55 ', 'Bst': '65.4 ', 'Rst': '27 '}"
22809,Golden Beast Crest Shield,Standard +19 ,"{'Phy': '218 ', 'Mag': '- ', 'Fir': '- ', 'Lit': '- ', 'Hol': '- ', 'Sta': '126 '}","{'Str': 'C ', 'Dex': '- ', 'Int': '- ', 'Fai': '- ', 'Arc': '- '}",{'Any': '- '},"{'Phy': '100 ', 'Mag': '55 ', 'Fir': '55 ', 'Lit': '48 ', 'Hol': '55 ', 'Bst': '65.4 ', 'Rst': '27 '}"
22810,Golden Beast Crest Shield,Standard +20 ,"{'Phy': '224 ', 'Mag': '- ', 'Fir': '- ', 'Lit': '- ', 'Hol': '- ', 'Sta': '129 '}","{'Str': 'C ', 'Dex': '- ', 'Int': '- ', 'Fai': '- ', 'Arc': '- '}",{'Any': '- '},"{'Phy': '100 ', 'Mag': '55 ', 'Fir': '55 ', 'Lit': '48 ', 'Hol': '55 ', 'Bst': '66 ', 'Rst': '27 '}"
22811,Golden Beast Crest Shield,Standard +21 ,"{'Phy': '230 ', 'Mag': '- ', 'Fir': '- ', 'Lit': '- ', 'Hol': '- ', 'Sta': '132 '}","{'Str': 'C ', 'Dex': '- ', 'Int': '- ', 'Fai': '- ', 'Arc': '- '}",{'Any': '- '},"{'Phy': '100 ', 'Mag': '55 ', 'Fir': '55 ', 'Lit': '48 ', 'Hol': '55 ', 'Bst': '66 ', 'Rst': '27 '}"
22812,Golden Beast Crest Shield,Standard +22 ,"{'Phy': '236 ', 'Mag': '- ', 'Fir': '- ', 'Lit': '- ', 'Hol': '- ', 'Sta': '135 '}","{'Str': 'C ', 'Dex': '- ', 'Int': '- ', 'Fai': '- ', 'Arc': '- '}",{'Any': '- '},"{'Phy': '100 ', 'Mag': '55 ', 'Fir': '55 ', 'Lit': '48 ', 'Hol': '55 ', 'Bst': '66.6 ', 'Rst': '27 '}"
22813,Golden Beast Crest Shield,Standard +23 ,"{'Phy': '242 ', 'Mag': '- ', 'Fir': '- ', 'Lit': '- ', 'Hol': '- ', 'Sta': '138 '}","{'Str': 'C ', 'Dex': '- ', 'Int': '- ', 'Fai': '- ', 'Arc': '- '}",{'Any': '- '},"{'Phy': '100 ', 'Mag': '55 ', 'Fir': '55 ', 'Lit': '48 ', 'Hol': '55 ', 'Bst': '66.6 ', 'Rst': '27 '}"
22814,Golden Beast Crest Shield,Standard +24 ,"{'Phy': '248 ', 'Mag': '- ', 'Fir': '- ', 'Lit': '- ', 'Hol': '- ', 'Sta': '141 '}","{'Str': 'C ', 'Dex': '- ', 'Int': '- ', 'Fai': '- ', 'Arc': '- '}",{'Any': '- '},"{'Phy': '100 ', 'Mag': '55 ', 'Fir': '55 ', 'Lit': '48 ', 'Hol': '55 ', 'Bst': '66.6 ', 'Rst': '27 '}"
22815,Golden Beast Crest Shield,Standard +25 ,"{'Phy': '254 ', 'Mag': '- ', 'Fir': '- ', 'Lit': '- ', 'Hol': '- ', 'Sta': '144 '}","{'Str': 'B ', 'Dex': '- ', 'Int': '- ', 'Fai': '- ', 'Arc': '- '}",{'Any': '- '},"{'Phy': '100 ', 'Mag': '55 ', 'Fir': '55 ', 'Lit': '48 ', 'Hol': '55 ', 'Bst': '67.2 ', 'Rst': '27 '}"
23128,Manor Towershield,Standard ,"{'Phy': '111 ', 'Mag': '- ', 'Fir': '- ', 'Lit': '- ', 'Hol': '- ', 'Sta': '79 '}","{'Str': 'D ', 'Dex': '- ', 'Int': '- ', 'Fai': '- ', 'Arc': '- '}",{'Any': '- '},"{'Phy': '100 ', 'Mag': '66 ', 'Fir': '66 ', 'Lit': '51 ', 'Hol': '56 ', 'Bst': '67 ', 'Rst': '30 '}"
23129,Manor Towershield,Standard +1 ,"{'Phy': '117 ', 'Mag': '- ', 'Fir': '- ', 'Lit': '- ', 'Hol': '- ', 'Sta': '82 '}","{'Str': 'D ', 'Dex': '- ', 'Int': '- ', 'Fai': '- ', 'Arc': '- '}",{'Any': '- '},"{'Phy': '100 ', 'Mag': '66 ', 'Fir': '66 ', 'Lit': '51 ', 'Hol': '56 ', 'Bst': '67.67 ', 'Rst': '30 '}"
23130,Manor Towershield,Standard +2 ,"{'Phy': '123 ', 'Mag': '- ', 'Fir': '- ', 'Lit': '- ', 'Hol': '- ', 'Sta': '85 '}","{'Str': 'D ', 'Dex': '- ', 'Int': '- ', 'Fai': '- ', 'Arc': '- '}",{'Any': '- '},"{'Phy': '100 ', 'Mag': '66 ', 'Fir': '66 ', 'Lit': '51 ', 'Hol': '56 ', 'Bst': '67.67 ', 'Rst': '30 '}"
23131,Manor Towershield,Standard +3 ,"{'Phy': '130 ', 'Mag': '- ', 'Fir': '- ', 'Lit': '- ', 'Hol': '- ', 'Sta': '88 '}","{'Str': 'D ', 'Dex': '- ', 'Int': '- ', 'Fai': '- ', 'Arc': '- '}",{'Any': '- '},"{'Phy': '100 ', 'Mag': '66 ', 'Fir': '66 ', 'Lit': '51 ', 'Hol': '56 ', 'Bst': '68.34 ', 'Rst': '30 '}"
23132,Manor Towershield,Standard +4 ,"{'Phy': '136 ', 'Mag': '- ', 'Fir': '- ', 'Lit': '- ', 'Hol': '- ', 'Sta': '91 '}","{'Str': 'D ', 'Dex': '- ', 'Int': '- ', 'Fai': '- ', 'Arc': '- '}",{'Any': '- '},"{'Phy': '100 ', 'Mag': '66 ', 'Fir': '66 ', 'Lit': '51 ', 'Hol': '56 ', 'Bst': '68.34 ', 'Rst': '30 '}"
23133,Manor Towershield,Standard +5 ,"{'Phy': '143 ', 'Mag': '- ', 'Fir': '- ', 'Lit': '- ', 'Hol': '- ', 'Sta': '94 '}","{'Str': 'C ', 'Dex': '- ', 'Int': '- ', 'Fai': '- ', 'Arc': '- '}",{'Any': '- '},"{'Phy': '100 ', 'Mag': '66 ', 'Fir': '66 ', 'Lit': '51 ', 'Hol': '56 ', 'Bst': '69.01 ', 'Rst': '30 '}"
23134,Manor Towershield,Standard +6 ,"{'Phy': '149 ', 'Mag': '- ', 'Fir': '- ', 'Lit': '- ', 'Hol': '- ', 'Sta': '97 '}","{'Str': 'C ', 'Dex': '- ', 'Int': '- ', 'Fai': '- ', 'Arc': '- '}",{'Any': '- '},"{'Phy': '100 ', 'Mag': '66 ', 'Fir': '66 ', 'Lit': '51 ', 'Hol': '56 ', 'Bst': '69.01 ', 'Rst': '30 '}"
23135,Manor Towershield,Standard +7 ,"{'Phy': '156 ', 'Mag': '- ', 'Fir': '- ', 'Lit': '- ', 'Hol': '- ', 'Sta': '101 '}","{'Str': 'C ', 'Dex': '- ', 'Int': '- ', 'Fai': '- ', 'Arc': '- '}",{'Any': '- '},"{'Phy': '100 ', 'Mag': '66 ', 'Fir': '66 ', 'Lit': '51 ', 'Hol': '56 ', 'Bst': '69.68 ', 'Rst': '30 '}"
23136,Manor Towershield,Standard +8 ,"{'Phy': '162 ', 'Mag': '- ', 'Fir': '- ', 'Lit': '- ', 'Hol': '- ', 'Sta': '104 '}","{'Str': 'C ', 'Dex': '- ', 'Int': '- ', 'Fai': '- ', 'Arc': '- '}",{'Any': '- '},"{'Phy': '100 ', 'Mag': '66 ', 'Fir': '66 ', 'Lit': '51 ', 'Hol': '56 ', 'Bst': '69.68 ', 'Rst': '30 '}"
23137,Manor Towershield,Standard +9 ,"{'Phy': '168 ', 'Mag': '- ', 'Fir': '- ', 'Lit': '- ', 'Hol': '- ', 'Sta': '107 '}","{'Str': 'C ', 'Dex': '- ', 'Int': '- ', 'Fai': '- ', 'Arc': '- '}",{'Any': '- '},"{'Phy': '100 ', 'Mag': '66 ', 'Fir': '66 ', 'Lit': '51 ', 'Hol': '56 ', 'Bst': '69.68 ', 'Rst': '30 '}"
23138,Manor Towershield,Standard +10 ,"{'Phy': '175 ', 'Mag': '- ', 'Fir': '- ', 'Lit': '- ', 'Hol': '- ', 'Sta': '110 '}","{'Str': 'C ', 'Dex': '- ', 'Int': '- ', 'Fai': '- ', 'Arc': '- '}",{'Any': '- '},"{'Phy': '100 ', 'Mag': '66 ', 'Fir': '66 ', 'Lit': '51 ', 'Hol': '56 ', 'Bst': '70.35 ', 'Rst': '30 '}"
23139,Manor Towershield,Standard +11 ,"{'Phy': '181 ', 'Mag': '- ', 'Fir': '- ', 'Lit': '- ', 'Hol': '- ', 'Sta': '113 '}","{'Str': 'C ', 'Dex': '- ', 'Int': '- ', 'Fai': '- ', 'Arc': '- '}",{'Any': '- '},"{'Phy': '100 ', 'Mag': '66 ', 'Fir': '66 ', 'Lit': '51 ', 'Hol': '56 ', 'Bst': '70.35 ', 'Rst': '30 '}"
23140,Manor Towershield,Standard +12 ,"{'Phy': '188 ', 'Mag': '- ', 'Fir': '- ', 'Lit': '- ', 'Hol': '- ', 'Sta': '116 '}","{'Str': 'C ', 'Dex': '- ', 'Int': '- ', 'Fai': '- ', 'Arc': '- '}",{'Any': '- '},"{'Phy': '100 ', 'Mag': '66 ', 'Fir': '66 ', 'Lit': '51 ', 'Hol': '56 ', 'Bst': '71.02 ', 'Rst': '30 '}"
23141,Manor Towershield,Standard +13 ,"{'Phy': '194 ', 'Mag': '- ', 'Fir': '- ', 'Lit': '- ', 'Hol': '- ', 'Sta': '120 '}","{'Str': 'C ', 'Dex': '- ', 'Int': '- ', 'Fai': '- ', 'Arc': '- '}",{'Any': '- '},"{'Phy': '100 ', 'Mag': '66 ', 'Fir': '66 ', 'Lit': '51 ', 'Hol': '56 ', 'Bst': '71.02 ', 'Rst': '30 '}"
23142,Manor Towershield,Standard +14 ,"{'Phy': '201 ', 'Mag': '- ', 'Fir': '- ', 'Lit': '- ', 'Hol': '- ', 'Sta': '123 '}","{'Str': 'C ', 'Dex': '- ', 'Int': '- ', 'Fai': '- ', 'Arc': '- '}",{'Any': '- '},"{'Phy': '100 ', 'Mag': '66 ', 'Fir': '66 ', 'Lit': '51 ', 'Hol': '56 ', 'Bst': '71.69 ', 'Rst': '30 '}"
23143,Manor Towershield,Standard +15 ,"{'Phy': '207 ', 'Mag': '- ', 'Fir': '- ', 'Lit': '- ', 'Hol': '- ', 'Sta': '126 '}","{'Str': 'C ', 'Dex': '- ', 'Int': '- ', 'Fai': '- ', 'Arc': '- '}",{'Any': '- '},"{'Phy': '100 ', 'Mag': '66 ', 'Fir': '66 ', 'Lit': '51 ', 'Hol': '56 ', 'Bst': '71.69 ', 'Rst': '30 '}"
23144,Manor Towershield,Standard +16 ,"{'Phy': '214 ', 'Mag': '- ', 'Fir': '- ', 'Lit': '- ', 'Hol': '- ', 'Sta': '129 '}","{'Str': 'C ', 'Dex': '- ', 'Int': '- ', 'Fai': '- ', 'Arc': '- '}",{'Any': '- '},"{'Phy': '100 ', 'Mag': '66 ', 'Fir': '66 ', 'Lit': '51 ', 'Hol': '56 ', 'Bst': '72.36 ', 'Rst': '30 '}"
23145,Manor Towershield,Standard +17 ,"{'Phy': '220 ', 'Mag': '- ', 'Fir': '- ', 'Lit': '- ', 'Hol': '- ', 'Sta': '132 '}","{'Str': 'C ', 'Dex': '- ', 'Int': '- ', 'Fai': '- ', 'Arc': '- '}",{'Any': '- '},"{'Phy': '100 ', 'Mag': '66 ', 'Fir': '66 ', 'Lit': '51 ', 'Hol': '56 ', 'Bst': '72.36 ', 'Rst': '30 '}"
23146,Manor Towershield,Standard +18 ,"{'Phy': '226 ', 'Mag': '- ', 'Fir': '- ', 'Lit': '- ', 'Hol': '- ', 'Sta': '135 '}","{'Str': 'C ', 'Dex': '- ', 'Int': '- ', 'Fai': '- ', 'Arc': '- '}",{'Any': '- '},"{'Phy': '100 ', 'Mag': '66 ', 'Fir': '66 ', 'Lit': '51 ', 'Hol': '56 ', 'Bst': '73.03 ', 'Rst': '30 '}"
23147,Manor Towershield,Standard +19 ,"{'Phy': '233 ', 'Mag': '- ', 'Fir': '- ', 'Lit': '- ', 'Hol': '- ', 'Sta': '139 '}","{'Str': 'C ', 'Dex': '- ', 'Int': '- ', 'Fai': '- ', 'Arc': '- '}",{'Any': '- '},"{'Phy': '100 ', 'Mag': '66 ', 'Fir': '66 ', 'Lit': '51 ', 'Hol': '56 ', 'Bst': '73.03 ', 'Rst': '30 '}"
23148,Manor Towershield,Standard +20 ,"{'Phy': '239 ', 'Mag': '- ', 'Fir': '- ', 'Lit': '- ', 'Hol': '- ', 'Sta': '142 '}","{'Str': 'C ', 'Dex': '- ', 'Int': '- ', 'Fai': '- ', 'Arc': '- '}",{'Any': '- '},"{'Phy': '100 ', 'Mag': '66 ', 'Fir': '66 ', 'Lit': '51 ', 'Hol': '56 ', 'Bst': '73.7 ', 'Rst': '30 '}"
23149,Manor Towershield,Standard +21 ,"{'Phy': '246 ', 'Mag': '- ', 'Fir': '- ', 'Lit': '- ', 'Hol': '- ', 'Sta': '145 '}","{'Str': 'C ', 'Dex': '- ', 'Int': '- ', 'Fai': '- ', 'Arc': '- '}",{'Any': '- '},"{'Phy': '100 ', 'Mag': '66 ', 'Fir': '66 ', 'Lit': '51 ', 'Hol': '56 ', 'Bst': '73.7 ', 'Rst': '30 '}"
23150,Manor Towershield,Standard +22 ,"{'Phy': '252 ', 'Mag': '- ', 'Fir': '- ', 'Lit': '- ', 'Hol': '- ', 'Sta': '148 '}","{'Str': 'C ', 'Dex': '- ', 'Int': '- ', 'Fai': '- ', 'Arc': '- '}",{'Any': '- '},"{'Phy': '100 ', 'Mag': '66 ', 'Fir': '66 ', 'Lit': '51 ', 'Hol': '56 ', 'Bst': '74.37 ', 'Rst': '30 '}"
23151,Manor Towershield,Standard +23 ,"{'Phy': '259 ', 'Mag': '- ', 'Fir': '- ', 'Lit': '- ', 'Hol': '- ', 'Sta': '151 '}","{'Str': 'C ', 'Dex': '- ', 'Int': '- ', 'Fai': '- ', 'Arc': '- '}",{'Any': '- '},"{'Phy': '100 ', 'Mag': '66 ', 'Fir': '66 ', 'Lit': '51 ', 'Hol': '56 ', 'Bst': '74.37 ', 'Rst': '30 '}"
23152,Manor Towershield,Standard +24 ,"{'Phy': '265 ', 'Mag': '- ', 'Fir': '- ', 'Lit': '- ', 'Hol': '- ', 'Sta': '154 '}","{'Str': 'C ', 'Dex': '- ', 'Int': '- ', 'Fai': '- ', 'Arc': '- '}",{'Any': '- '},"{'Phy': '100 ', 'Mag': '66 ', 'Fir': '66 ', 'Lit': '51 ', 'Hol': '56 ', 'Bst': '74.37 ', 'Rst': '30 '}"
23153,Manor Towershield,Standard +25 ,"{'Phy': '271 ', 'Mag': '- ', 'Fir': '- ', 'Lit': '- ', 'Hol': '- ', 'Sta': '158 '}","{'Str': 'B ', 'Dex': '- ', 'Int': '- ', 'Fai': '- ', 'Arc': '- '}",{'Any': '- '},"{'Phy': '100 ', 'Mag': '66 ', 'Fir': '66 ', 'Lit': '51 ', 'Hol': '56 ', 'Bst': '75.04 ', 'Rst': '30 '}"
23466,Crossed-Tree Towershield,Standard ,"{'Phy': '111 ', 'Mag': '- ', 'Fir': '- ', 'Lit': '- ', 'Hol': '- ', 'Sta': '79 '}","{'Str': 'D ', 'Dex': '- ', 'Int': '- ', 'Fai': '- ', 'Arc': '- '}",{'Any': '- '},"{'Phy': '100 ', 'Mag': '56 ', 'Fir': '66 ', 'Lit': '53 ', 'Hol': '66 ', 'Bst': '67 ', 'Rst': '30 '}"
23467,Crossed-Tree Towershield,Standard +1 ,"{'Phy': '117 ', 'Mag': '- ', 'Fir': '- ', 'Lit': '- ', 'Hol': '- ', 'Sta': '82 '}","{'Str': 'D ', 'Dex': '- ', 'Int': '- ', 'Fai': '- ', 'Arc': '- '}",{'Any': '- '},"{'Phy': '100 ', 'Mag': '56 ', 'Fir': '66 ', 'Lit': '53 ', 'Hol': '66 ', 'Bst': '67.67 ', 'Rst': '30 '}"
23468,Crossed-Tree Towershield,Standard +2 ,"{'Phy': '123 ', 'Mag': '- ', 'Fir': '- ', 'Lit': '- ', 'Hol': '- ', 'Sta': '85 '}","{'Str': 'D ', 'Dex': '- ', 'Int': '- ', 'Fai': '- ', 'Arc': '- '}",{'Any': '- '},"{'Phy': '100 ', 'Mag': '56 ', 'Fir': '66 ', 'Lit': '53 ', 'Hol': '66 ', 'Bst': '67.67 ', 'Rst': '30 '}"
23469,Crossed-Tree Towershield,Standard +3 ,"{'Phy': '130 ', 'Mag': '- ', 'Fir': '- ', 'Lit': '- ', 'Hol': '- ', 'Sta': '88 '}","{'Str': 'D ', 'Dex': '- ', 'Int': '- ', 'Fai': '- ', 'Arc': '- '}",{'Any': '- '},"{'Phy': '100 ', 'Mag': '56 ', 'Fir': '66 ', 'Lit': '53 ', 'Hol': '66 ', 'Bst': '68.34 ', 'Rst': '30 '}"
23470,Crossed-Tree Towershield,Standard +4 ,"{'Phy': '136 ', 'Mag': '- ', 'Fir': '- ', 'Lit': '- ', 'Hol': '- ', 'Sta': '91 '}","{'Str': 'D ', 'Dex': '- ', 'Int': '- ', 'Fai': '- ', 'Arc': '- '}",{'Any': '- '},"{'Phy': '100 ', 'Mag': '56 ', 'Fir': '66 ', 'Lit': '53 ', 'Hol': '66 ', 'Bst': '68.34 ', 'Rst': '30 '}"
23471,Crossed-Tree Towershield,Standard +5 ,"{'Phy': '143 ', 'Mag': '- ', 'Fir': '- ', 'Lit': '- ', 'Hol': '- ', 'Sta': '94 '}","{'Str': 'C ', 'Dex': '- ', 'Int': '- ', 'Fai': '- ', 'Arc': '- '}",{'Any': '- '},"{'Phy': '100 ', 'Mag': '56 ', 'Fir': '66 ', 'Lit': '53 ', 'Hol': '66 ', 'Bst': '69.01 ', 'Rst': '30 '}"
23472,Crossed-Tree Towershield,Standard +6 ,"{'Phy': '149 ', 'Mag': '- ', 'Fir': '- ', 'Lit': '- ', 'Hol': '- ', 'Sta': '97 '}","{'Str': 'C ', 'Dex': '- ', 'Int': '- ', 'Fai': '- ', 'Arc': '- '}",{'Any': '- '},"{'Phy': '100 ', 'Mag': '56 ', 'Fir': '66 ', 'Lit': '53 ', 'Hol': '66 ', 'Bst': '69.01 ', 'Rst': '30 '}"
23473,Crossed-Tree Towershield,Standard +7 ,"{'Phy': '156 ', 'Mag': '- ', 'Fir': '- ', 'Lit': '- ', 'Hol': '- ', 'Sta': '101 '}","{'Str': 'C ', 'Dex': '- ', 'Int': '- ', 'Fai': '- ', 'Arc': '- '}",{'Any': '- '},"{'Phy': '100 ', 'Mag': '56 ', 'Fir': '66 ', 'Lit': '53 ', 'Hol': '66 ', 'Bst': '69.68 ', 'Rst': '30 '}"
23474,Crossed-Tree Towershield,Standard +8 ,"{'Phy': '162 ', 'Mag': '- ', 'Fir': '- ', 'Lit': '- ', 'Hol': '- ', 'Sta': '104 '}","{'Str': 'C ', 'Dex': '- ', 'Int': '- ', 'Fai': '- ', 'Arc': '- '}",{'Any': '- '},"{'Phy': '100 ', 'Mag': '56 ', 'Fir': '66 ', 'Lit': '53 ', 'Hol': '66 ', 'Bst': '69.68 ', 'Rst': '30 '}"
23475,Crossed-Tree Towershield,Standard +9 ,"{'Phy': '168 ', 'Mag': '- ', 'Fir': '- ', 'Lit': '- ', 'Hol': '- ', 'Sta': '107 '}","{'Str': 'C ', 'Dex': '- ', 'Int': '- ', 'Fai': '- ', 'Arc': '- '}",{'Any': '- '},"{'Phy': '100 ', 'Mag': '56 ', 'Fir': '66 ', 'Lit': '53 ', 'Hol': '66 ', 'Bst': '69.68 ', 'Rst': '30 '}"
23476,Crossed-Tree Towershield,Standard +10 ,"{'Phy': '175 ', 'Mag': '- ', 'Fir': '- ', 'Lit': '- ', 'Hol': '- ', 'Sta': '110 '}","{'Str': 'C ', 'Dex': '- ', 'Int': '- ', 'Fai': '- ', 'Arc': '- '}",{'Any': '- '},"{'Phy': '100 ', 'Mag': '56 ', 'Fir': '66 ', 'Lit': '53 ', 'Hol': '66 ', 'Bst': '70.35 ', 'Rst': '30 '}"
23477,Crossed-Tree Towershield,Standard +11 ,"{'Phy': '181 ', 'Mag': '- ', 'Fir': '- ', 'Lit': '- ', 'Hol': '- ', 'Sta': '113 '}","{'Str': 'C ', 'Dex': '- ', 'Int': '- ', 'Fai': '- ', 'Arc': '- '}",{'Any': '- '},"{'Phy': '100 ', 'Mag': '56 ', 'Fir': '66 ', 'Lit': '53 ', 'Hol': '66 ', 'Bst': '70.35 ', 'Rst': '30 '}"
23478,Crossed-Tree Towershield,Standard +12 ,"{'Phy': '188 ', 'Mag': '- ', 'Fir': '- ', 'Lit': '- ', 'Hol': '- ', 'Sta': '116 '}","{'Str': 'C ', 'Dex': '- ', 'Int': '- ', 'Fai': '- ', 'Arc': '- '}",{'Any': '- '},"{'Phy': '100 ', 'Mag': '56 ', 'Fir': '66 ', 'Lit': '53 ', 'Hol': '66 ', 'Bst': '71.02 ', 'Rst': '30 '}"
23479,Crossed-Tree Towershield,Standard +13 ,"{'Phy': '194 ', 'Mag': '- ', 'Fir': '- ', 'Lit': '- ', 'Hol': '- ', 'Sta': '120 '}","{'Str': 'C ', 'Dex': '- ', 'Int': '- ', 'Fai': '- ', 'Arc': '- '}",{'Any': '- '},"{'Phy': '100 ', 'Mag': '56 ', 'Fir': '66 ', 'Lit': '53 ', 'Hol': '66 ', 'Bst': '71.02 ', 'Rst': '30 '}"
23480,Crossed-Tree Towershield,Standard +14 ,"{'Phy': '201 ', 'Mag': '- ', 'Fir': '- ', 'Lit': '- ', 'Hol': '- ', 'Sta': '123 '}","{'Str': 'C ', 'Dex': '- ', 'Int': '- ', 'Fai': '- ', 'Arc': '- '}",{'Any': '- '},"{'Phy': '100 ', 'Mag': '56 ', 'Fir': '66 ', 'Lit': '53 ', 'Hol': '66 ', 'Bst': '71.69 ', 'Rst': '30 '}"
23481,Crossed-Tree Towershield,Standard +15 ,"{'Phy': '207 ', 'Mag': '- ', 'Fir': '- ', 'Lit': '- ', 'Hol': '- ', 'Sta': '126 '}","{'Str': 'C ', 'Dex': '- ', 'Int': '- ', 'Fai': '- ', 'Arc': '- '}",{'Any': '- '},"{'Phy': '100 ', 'Mag': '56 ', 'Fir': '66 ', 'Lit': '53 ', 'Hol': '66 ', 'Bst': '71.69 ', 'Rst': '30 '}"
23482,Crossed-Tree Towershield,Standard +16 ,"{'Phy': '214 ', 'Mag': '- ', 'Fir': '- ', 'Lit': '- ', 'Hol': '- ', 'Sta': '129 '}","{'Str': 'C ', 'Dex': '- ', 'Int': '- ', 'Fai': '- ', 'Arc': '- '}",{'Any': '- '},"{'Phy': '100 ', 'Mag': '56 ', 'Fir': '66 ', 'Lit': '53 ', 'Hol': '66 ', 'Bst': '72.36 ', 'Rst': '30 '}"
23483,Crossed-Tree Towershield,Standard +17 ,"{'Phy': '220 ', 'Mag': '- ', 'Fir': '- ', 'Lit': '- ', 'Hol': '- ', 'Sta': '132 '}","{'Str': 'C ', 'Dex': '- ', 'Int': '- ', 'Fai': '- ', 'Arc': '- '}",{'Any': '- '},"{'Phy': '100 ', 'Mag': '56 ', 'Fir': '66 ', 'Lit': '53 ', 'Hol': '66 ', 'Bst': '72.36 ', 'Rst': '30 '}"
23484,Crossed-Tree Towershield,Standard +18 ,"{'Phy': '226 ', 'Mag': '- ', 'Fir': '- ', 'Lit': '- ', 'Hol': '- ', 'Sta': '135 '}","{'Str': 'C ', 'Dex': '- ', 'Int': '- ', 'Fai': '- ', 'Arc': '- '}",{'Any': '- '},"{'Phy': '100 ', 'Mag': '56 ', 'Fir': '66 ', 'Lit': '53 ', 'Hol': '66 ', 'Bst': '73.03 ', 'Rst': '30 '}"
23485,Crossed-Tree Towershield,Standard +19 ,"{'Phy': '233 ', 'Mag': '- ', 'Fir': '- ', 'Lit': '- ', 'Hol': '- ', 'Sta': '139 '}","{'Str': 'C ', 'Dex': '- ', 'Int': '- ', 'Fai': '- ', 'Arc': '- '}",{'Any': '- '},"{'Phy': '100 ', 'Mag': '56 ', 'Fir': '66 ', 'Lit': '53 ', 'Hol': '66 ', 'Bst': '73.03 ', 'Rst': '30 '}"
23486,Crossed-Tree Towershield,Standard +20 ,"{'Phy': '239 ', 'Mag': '- ', 'Fir': '- ', 'Lit': '- ', 'Hol': '- ', 'Sta': '142 '}","{'Str': 'C ', 'Dex': '- ', 'Int': '- ', 'Fai': '- ', 'Arc': '- '}",{'Any': '- '},"{'Phy': '100 ', 'Mag': '56 ', 'Fir': '66 ', 'Lit': '53 ', 'Hol': '66 ', 'Bst': '73.7 ', 'Rst': '30 '}"
23487,Crossed-Tree Towershield,Standard +21 ,"{'Phy': '246 ', 'Mag': '- ', 'Fir': '- ', 'Lit': '- ', 'Hol': '- ', 'Sta': '145 '}","{'Str': 'C ', 'Dex': '- ', 'Int': '- ', 'Fai': '- ', 'Arc': '- '}",{'Any': '- '},"{'Phy': '100 ', 'Mag': '56 ', 'Fir': '66 ', 'Lit': '53 ', 'Hol': '66 ', 'Bst': '73.7 ', 'Rst': '30 '}"
23488,Crossed-Tree Towershield,Standard +22 ,"{'Phy': '252 ', 'Mag': '- ', 'Fir': '- ', 'Lit': '- ', 'Hol': '- ', 'Sta': '148 '}","{'Str': 'C ', 'Dex': '- ', 'Int': '- ', 'Fai': '- ', 'Arc': '- '}",{'Any': '- '},"{'Phy': '100 ', 'Mag': '56 ', 'Fir': '66 ', 'Lit': '53 ', 'Hol': '66 ', 'Bst': '74.37 ', 'Rst': '30 '}"
23489,Crossed-Tree Towershield,Standard +23 ,"{'Phy': '259 ', 'Mag': '- ', 'Fir': '- ', 'Lit': '- ', 'Hol': '- ', 'Sta': '151 '}","{'Str': 'C ', 'Dex': '- ', 'Int': '- ', 'Fai': '- ', 'Arc': '- '}",{'Any': '- '},"{'Phy': '100 ', 'Mag': '56 ', 'Fir': '66 ', 'Lit': '53 ', 'Hol': '66 ', 'Bst': '74.37 ', 'Rst': '30 '}"
23490,Crossed-Tree Towershield,Standard +24 ,"{'Phy': '265 ', 'Mag': '- ', 'Fir': '- ', 'Lit': '- ', 'Hol': '- ', 'Sta': '154 '}","{'Str': 'C ', 'Dex': '- ', 'Int': '- ', 'Fai': '- ', 'Arc': '- '}",{'Any': '- '},"{'Phy': '100 ', 'Mag': '56 ', 'Fir': '66 ', 'Lit': '53 ', 'Hol': '66 ', 'Bst': '74.37 ', 'Rst': '30 '}"
23491,Crossed-Tree Towershield,Standard +25 ,"{'Phy': '271 ', 'Mag': '- ', 'Fir': '- ', 'Lit': '- ', 'Hol': '- ', 'Sta': '158 '}","{'Str': 'B ', 'Dex': '- ', 'Int': '- ', 'Fai': '- ', 'Arc': '- '}",{'Any': '- '},"{'Phy': '100 ', 'Mag': '56 ', 'Fir': '66 ', 'Lit': '53 ', 'Hol': '66 ', 'Bst': '75.04 ', 'Rst': '30 '}"
23804,Inverted Hawk Towershield,Standard ,"{'Phy': '111 ', 'Mag': '- ', 'Fir': '- ', 'Lit': '- ', 'Hol': '- ', 'Sta': '79 '}","{'Str': 'D ', 'Dex': '- ', 'Int': '- ', 'Fai': '- ', 'Arc': '- '}",{'Any': '- '},"{'Phy': '100 ', 'Mag': '66 ', 'Fir': '56 ', 'Lit': '54 ', 'Hol': '66 ', 'Bst': '65 ', 'Rst': '30 '}"
23805,Inverted Hawk Towershield,Standard +1 ,"{'Phy': '117 ', 'Mag': '- ', 'Fir': '- ', 'Lit': '- ', 'Hol': '- ', 'Sta': '82 '}","{'Str': 'D ', 'Dex': '- ', 'Int': '- ', 'Fai': '- ', 'Arc': '- '}",{'Any': '- '},"{'Phy': '100 ', 'Mag': '66 ', 'Fir': '56 ', 'Lit': '54 ', 'Hol': '66 ', 'Bst': '65.65 ', 'Rst': '30 '}"
23806,Inverted Hawk Towershield,Standard +2 ,"{'Phy': '123 ', 'Mag': '- ', 'Fir': '- ', 'Lit': '- ', 'Hol': '- ', 'Sta': '85 '}","{'Str': 'D ', 'Dex': '- ', 'Int': '- ', 'Fai': '- ', 'Arc': '- '}",{'Any': '- '},"{'Phy': '100 ', 'Mag': '66 ', 'Fir': '56 ', 'Lit': '54 ', 'Hol': '66 ', 'Bst': '65.65 ', 'Rst': '30 '}"
23807,Inverted Hawk Towershield,Standard +3 ,"{'Phy': '130 ', 'Mag': '- ', 'Fir': '- ', 'Lit': '- ', 'Hol': '- ', 'Sta': '88 '}","{'Str': 'D ', 'Dex': '- ', 'Int': '- ', 'Fai': '- ', 'Arc': '- '}",{'Any': '- '},"{'Phy': '100 ', 'Mag': '66 ', 'Fir': '56 ', 'Lit': '54 ', 'Hol': '66 ', 'Bst': '66.3 ', 'Rst': '30 '}"
23808,Inverted Hawk Towershield,Standard +4 ,"{'Phy': '136 ', 'Mag': '- ', 'Fir': '- ', 'Lit': '- ', 'Hol': '- ', 'Sta': '91 '}","{'Str': 'D ', 'Dex': '- ', 'Int': '- ', 'Fai': '- ', 'Arc': '- '}",{'Any': '- '},"{'Phy': '100 ', 'Mag': '66 ', 'Fir': '56 ', 'Lit': '54 ', 'Hol': '66 ', 'Bst': '66.3 ', 'Rst': '30 '}"
23809,Inverted Hawk Towershield,Standard +5 ,"{'Phy': '143 ', 'Mag': '- ', 'Fir': '- ', 'Lit': '- ', 'Hol': '- ', 'Sta': '94 '}","{'Str': 'C ', 'Dex': '- ', 'Int': '- ', 'Fai': '- ', 'Arc': '- '}",{'Any': '- '},"{'Phy': '100 ', 'Mag': '66 ', 'Fir': '56 ', 'Lit': '54 ', 'Hol': '66 ', 'Bst': '66.95 ', 'Rst': '30 '}"
23810,Inverted Hawk Towershield,Standard +6 ,"{'Phy': '149 ', 'Mag': '- ', 'Fir': '- ', 'Lit': '- ', 'Hol': '- ', 'Sta': '97 '}","{'Str': 'C ', 'Dex': '- ', 'Int': '- ', 'Fai': '- ', 'Arc': '- '}",{'Any': '- '},"{'Phy': '100 ', 'Mag': '66 ', 'Fir': '56 ', 'Lit': '54 ', 'Hol': '66 ', 'Bst': '66.95 ', 'Rst': '30 '}"
23811,Inverted Hawk Towershield,Standard +7 ,"{'Phy': '156 ', 'Mag': '- ', 'Fir': '- ', 'Lit': '- ', 'Hol': '- ', 'Sta': '101 '}","{'Str': 'C ', 'Dex': '- ', 'Int': '- ', 'Fai': '- ', 'Arc': '- '}",{'Any': '- '},"{'Phy': '100 ', 'Mag': '66 ', 'Fir': '56 ', 'Lit': '54 ', 'Hol': '66 ', 'Bst': '67.6 ', 'Rst': '30 '}"
23812,Inverted Hawk Towershield,Standard +8 ,"{'Phy': '162 ', 'Mag': '- ', 'Fir': '- ', 'Lit': '- ', 'Hol': '- ', 'Sta': '104 '}","{'Str': 'C ', 'Dex': '- ', 'Int': '- ', 'Fai': '- ', 'Arc': '- '}",{'Any': '- '},"{'Phy': '100 ', 'Mag': '66 ', 'Fir': '56 ', 'Lit': '54 ', 'Hol': '66 ', 'Bst': '67.6 ', 'Rst': '30 '}"
23813,Inverted Hawk Towershield,Standard +9 ,"{'Phy': '168 ', 'Mag': '- ', 'Fir': '- ', 'Lit': '- ', 'Hol': '- ', 'Sta': '107 '}","{'Str': 'C ', 'Dex': '- ', 'Int': '- ', 'Fai': '- ', 'Arc': '- '}",{'Any': '- '},"{'Phy': '100 ', 'Mag': '66 ', 'Fir': '56 ', 'Lit': '54 ', 'Hol': '66 ', 'Bst': '67.6 ', 'Rst': '30 '}"
23814,Inverted Hawk Towershield,Standard +10 ,"{'Phy': '175 ', 'Mag': '- ', 'Fir': '- ', 'Lit': '- ', 'Hol': '- ', 'Sta': '110 '}","{'Str': 'C ', 'Dex': '- ', 'Int': '- ', 'Fai': '- ', 'Arc': '- '}",{'Any': '- '},"{'Phy': '100 ', 'Mag': '66 ', 'Fir': '56 ', 'Lit': '54 ', 'Hol': '66 ', 'Bst': '68.25 ', 'Rst': '30 '}"
23815,Inverted Hawk Towershield,Standard +11 ,"{'Phy': '181 ', 'Mag': '- ', 'Fir': '- ', 'Lit': '- ', 'Hol': '- ', 'Sta': '113 '}","{'Str': 'C ', 'Dex': '- ', 'Int': '- ', 'Fai': '- ', 'Arc': '- '}",{'Any': '- '},"{'Phy': '100 ', 'Mag': '66 ', 'Fir': '56 ', 'Lit': '54 ', 'Hol': '66 ', 'Bst': '68.25 ', 'Rst': '30 '}"
23816,Inverted Hawk Towershield,Standard +12 ,"{'Phy': '188 ', 'Mag': '- ', 'Fir': '- ', 'Lit': '- ', 'Hol': '- ', 'Sta': '116 '}","{'Str': 'C ', 'Dex': '- ', 'Int': '- ', 'Fai': '- ', 'Arc': '- '}",{'Any': '- '},"{'Phy': '100 ', 'Mag': '66 ', 'Fir': '56 ', 'Lit': '54 ', 'Hol': '66 ', 'Bst': '68.9 ', 'Rst': '30 '}"
23817,Inverted Hawk Towershield,Standard +13 ,"{'Phy': '194 ', 'Mag': '- ', 'Fir': '- ', 'Lit': '- ', 'Hol': '- ', 'Sta': '120 '}","{'Str': 'C ', 'Dex': '- ', 'Int': '- ', 'Fai': '- ', 'Arc': '- '}",{'Any': '- '},"{'Phy': '100 ', 'Mag': '66 ', 'Fir': '56 ', 'Lit': '54 ', 'Hol': '66 ', 'Bst': '68.9 ', 'Rst': '30 '}"
23818,Inverted Hawk Towershield,Standard +14 ,"{'Phy': '201 ', 'Mag': '- ', 'Fir': '- ', 'Lit': '- ', 'Hol': '- ', 'Sta': '123 '}","{'Str': 'C ', 'Dex': '- ', 'Int': '- ', 'Fai': '- ', 'Arc': '- '}",{'Any': '- '},"{'Phy': '100 ', 'Mag': '66 ', 'Fir': '56 ', 'Lit': '54 ', 'Hol': '66 ', 'Bst': '69.55 ', 'Rst': '30 '}"
23819,Inverted Hawk Towershield,Standard +15 ,"{'Phy': '207 ', 'Mag': '- ', 'Fir': '- ', 'Lit': '- ', 'Hol': '- ', 'Sta': '126 '}","{'Str': 'C ', 'Dex': '- ', 'Int': '- ', 'Fai': '- ', 'Arc': '- '}",{'Any': '- '},"{'Phy': '100 ', 'Mag': '66 ', 'Fir': '56 ', 'Lit': '54 ', 'Hol': '66 ', 'Bst': '69.55 ', 'Rst': '30 '}"
23820,Inverted Hawk Towershield,Standard +16 ,"{'Phy': '214 ', 'Mag': '- ', 'Fir': '- ', 'Lit': '- ', 'Hol': '- ', 'Sta': '129 '}","{'Str': 'C ', 'Dex': '- ', 'Int': '- ', 'Fai': '- ', 'Arc': '- '}",{'Any': '- '},"{'Phy': '100 ', 'Mag': '66 ', 'Fir': '56 ', 'Lit': '54 ', 'Hol': '66 ', 'Bst': '70.2 ', 'Rst': '30 '}"
23821,Inverted Hawk Towershield,Standard +17 ,"{'Phy': '220 ', 'Mag': '- ', 'Fir': '- ', 'Lit': '- ', 'Hol': '- ', 'Sta': '132 '}","{'Str': 'C ', 'Dex': '- ', 'Int': '- ', 'Fai': '- ', 'Arc': '- '}",{'Any': '- '},"{'Phy': '100 ', 'Mag': '66 ', 'Fir': '56 ', 'Lit': '54 ', 'Hol': '66 ', 'Bst': '70.2 ', 'Rst': '30 '}"
23822,Inverted Hawk Towershield,Standard +18 ,"{'Phy': '226 ', 'Mag': '- ', 'Fir': '- ', 'Lit': '- ', 'Hol': '- ', 'Sta': '135 '}","{'Str': 'C ', 'Dex': '- ', 'Int': '- ', 'Fai': '- ', 'Arc': '- '}",{'Any': '- '},"{'Phy': '100 ', 'Mag': '66 ', 'Fir': '56 ', 'Lit': '54 ', 'Hol': '66 ', 'Bst': '70.85 ', 'Rst': '30 '}"
23823,Inverted Hawk Towershield,Standard +19 ,"{'Phy': '233 ', 'Mag': '- ', 'Fir': '- ', 'Lit': '- ', 'Hol': '- ', 'Sta': '139 '}","{'Str': 'C ', 'Dex': '- ', 'Int': '- ', 'Fai': '- ', 'Arc': '- '}",{'Any': '- '},"{'Phy': '100 ', 'Mag': '66 ', 'Fir': '56 ', 'Lit': '54 ', 'Hol': '66 ', 'Bst': '70.85 ', 'Rst': '30 '}"
23824,Inverted Hawk Towershield,Standard +20 ,"{'Phy': '239 ', 'Mag': '- ', 'Fir': '- ', 'Lit': '- ', 'Hol': '- ', 'Sta': '142 '}","{'Str': 'C ', 'Dex': '- ', 'Int': '- ', 'Fai': '- ', 'Arc': '- '}",{'Any': '- '},"{'Phy': '100 ', 'Mag': '66 ', 'Fir': '56 ', 'Lit': '54 ', 'Hol': '66 ', 'Bst': '71.5 ', 'Rst': '30 '}"
23825,Inverted Hawk Towershield,Standard +21 ,"{'Phy': '246 ', 'Mag': '- ', 'Fir': '- ', 'Lit': '- ', 'Hol': '- ', 'Sta': '145 '}","{'Str': 'C ', 'Dex': '- ', 'Int': '- ', 'Fai': '- ', 'Arc': '- '}",{'Any': '- '},"{'Phy': '100 ', 'Mag': '66 ', 'Fir': '56 ', 'Lit': '54 ', 'Hol': '66 ', 'Bst': '71.5 ', 'Rst': '30 '}"
23826,Inverted Hawk Towershield,Standard +22 ,"{'Phy': '252 ', 'Mag': '- ', 'Fir': '- ', 'Lit': '- ', 'Hol': '- ', 'Sta': '148 '}","{'Str': 'C ', 'Dex': '- ', 'Int': '- ', 'Fai': '- ', 'Arc': '- '}",{'Any': '- '},"{'Phy': '100 ', 'Mag': '66 ', 'Fir': '56 ', 'Lit': '54 ', 'Hol': '66 ', 'Bst': '72.15 ', 'Rst': '30 '}"
23827,Inverted Hawk Towershield,Standard +23 ,"{'Phy': '259 ', 'Mag': '- ', 'Fir': '- ', 'Lit': '- ', 'Hol': '- ', 'Sta': '151 '}","{'Str': 'C ', 'Dex': '- ', 'Int': '- ', 'Fai': '- ', 'Arc': '- '}",{'Any': '- '},"{'Phy': '100 ', 'Mag': '66 ', 'Fir': '56 ', 'Lit': '54 ', 'Hol': '66 ', 'Bst': '72.15 ', 'Rst': '30 '}"
23828,Inverted Hawk Towershield,Standard +24 ,"{'Phy': '265 ', 'Mag': '- ', 'Fir': '- ', 'Lit': '- ', 'Hol': '- ', 'Sta': '154 '}","{'Str': 'C ', 'Dex': '- ', 'Int': '- ', 'Fai': '- ', 'Arc': '- '}",{'Any': '- '},"{'Phy': '100 ', 'Mag': '66 ', 'Fir': '56 ', 'Lit': '54 ', 'Hol': '66 ', 'Bst': '72.15 ', 'Rst': '30 '}"
23829,Inverted Hawk Towershield,Standard +25 ,"{'Phy': '271 ', 'Mag': '- ', 'Fir': '- ', 'Lit': '- ', 'Hol': '- ', 'Sta': '158 '}","{'Str': 'B ', 'Dex': '- ', 'Int': '- ', 'Fai': '- ', 'Arc': '- '}",{'Any': '- '},"{'Phy': '100 ', 'Mag': '66 ', 'Fir': '56 ', 'Lit': '54 ', 'Hol': '66 ', 'Bst': '72.8 ', 'Rst': '30 '}"
24142,Dragon Towershield,Standard ,"{'Phy': '115 ', 'Mag': '- ', 'Fir': '- ', 'Lit': '- ', 'Hol': '- ', 'Sta': '83 '}","{'Str': 'D ', 'Dex': '- ', 'Int': '- ', 'Fai': '- ', 'Arc': '- '}",{'Any': '- '},"{'Phy': '100 ', 'Mag': '61 ', 'Fir': '67 ', 'Lit': '55 ', 'Hol': '64 ', 'Bst': '69 ', 'Rst': '32 '}"
24143,Dragon Towershield,Standard +1 ,"{'Phy': '121 ', 'Mag': '- ', 'Fir': '- ', 'Lit': '- ', 'Hol': '- ', 'Sta': '86 '}","{'Str': 'D ', 'Dex': '- ', 'Int': '- ', 'Fai': '- ', 'Arc': '- '}",{'Any': '- '},"{'Phy': '100 ', 'Mag': '61 ', 'Fir': '67 ', 'Lit': '55 ', 'Hol': '64 ', 'Bst': '69.69 ', 'Rst': '32 '}"
24144,Dragon Towershield,Standard +2 ,"{'Phy': '128 ', 'Mag': '- ', 'Fir': '- ', 'Lit': '- ', 'Hol': '- ', 'Sta': '89 '}","{'Str': 'D ', 'Dex': '- ', 'Int': '- ', 'Fai': '- ', 'Arc': '- '}",{'Any': '- '},"{'Phy': '100 ', 'Mag': '61 ', 'Fir': '67 ', 'Lit': '55 ', 'Hol': '64 ', 'Bst': '69.69 ', 'Rst': '32 '}"
24145,Dragon Towershield,Standard +3 ,"{'Phy': '135 ', 'Mag': '- ', 'Fir': '- ', 'Lit': '- ', 'Hol': '- ', 'Sta': '92 '}","{'Str': 'D ', 'Dex': '- ', 'Int': '- ', 'Fai': '- ', 'Arc': '- '}",{'Any': '- '},"{'Phy': '100 ', 'Mag': '61 ', 'Fir': '67 ', 'Lit': '55 ', 'Hol': '64 ', 'Bst': '70.38 ', 'Rst': '32 '}"
24146,Dragon Towershield,Standard +4 ,"{'Phy': '141 ', 'Mag': '- ', 'Fir': '- ', 'Lit': '- ', 'Hol': '- ', 'Sta': '96 '}","{'Str': 'D ', 'Dex': '- ', 'Int': '- ', 'Fai': '- ', 'Arc': '- '}",{'Any': '- '},"{'Phy': '100 ', 'Mag': '61 ', 'Fir': '67 ', 'Lit': '55 ', 'Hol': '64 ', 'Bst': '70.38 ', 'Rst': '32 '}"
24147,Dragon Towershield,Standard +5 ,"{'Phy': '148 ', 'Mag': '- ', 'Fir': '- ', 'Lit': '- ', 'Hol': '- ', 'Sta': '99 '}","{'Str': 'C ', 'Dex': '- ', 'Int': '- ', 'Fai': '- ', 'Arc': '- '}",{'Any': '- '},"{'Phy': '100 ', 'Mag': '61 ', 'Fir': '67 ', 'Lit': '55 ', 'Hol': '64 ', 'Bst': '71.07 ', 'Rst': '32 '}"
24148,Dragon Towershield,Standard +6 ,"{'Phy': '155 ', 'Mag': '- ', 'Fir': '- ', 'Lit': '- ', 'Hol': '- ', 'Sta': '102 '}","{'Str': 'C ', 'Dex': '- ', 'Int': '- ', 'Fai': '- ', 'Arc': '- '}",{'Any': '- '},"{'Phy': '100 ', 'Mag': '61 ', 'Fir': '67 ', 'Lit': '55 ', 'Hol': '64 ', 'Bst': '71.07 ', 'Rst': '32 '}"
24149,Dragon Towershield,Standard +7 ,"{'Phy': '161 ', 'Mag': '- ', 'Fir': '- ', 'Lit': '- ', 'Hol': '- ', 'Sta': '106 '}","{'Str': 'C ', 'Dex': '- ', 'Int': '- ', 'Fai': '- ', 'Arc': '- '}",{'Any': '- '},"{'Phy': '100 ', 'Mag': '61 ', 'Fir': '67 ', 'Lit': '55 ', 'Hol': '64 ', 'Bst': '71.76 ', 'Rst': '32 '}"
24150,Dragon Towershield,Standard +8 ,"{'Phy': '168 ', 'Mag': '- ', 'Fir': '- ', 'Lit': '- ', 'Hol': '- ', 'Sta': '109 '}","{'Str': 'C ', 'Dex': '- ', 'Int': '- ', 'Fai': '- ', 'Arc': '- '}",{'Any': '- '},"{'Phy': '100 ', 'Mag': '61 ', 'Fir': '67 ', 'Lit': '55 ', 'Hol': '64 ', 'Bst': '71.76 ', 'Rst': '32 '}"
24151,Dragon Towershield,Standard +9 ,"{'Phy': '175 ', 'Mag': '- ', 'Fir': '- ', 'Lit': '- ', 'Hol': '- ', 'Sta': '112 '}","{'Str': 'C ', 'Dex': '- ', 'Int': '- ', 'Fai': '- ', 'Arc': '- '}",{'Any': '- '},"{'Phy': '100 ', 'Mag': '61 ', 'Fir': '67 ', 'Lit': '55 ', 'Hol': '64 ', 'Bst': '71.76 ', 'Rst': '32 '}"
24152,Dragon Towershield,Standard +10 ,"{'Phy': '181 ', 'Mag': '- ', 'Fir': '- ', 'Lit': '- ', 'Hol': '- ', 'Sta': '116 '}","{'Str': 'C ', 'Dex': '- ', 'Int': '- ', 'Fai': '- ', 'Arc': '- '}",{'Any': '- '},"{'Phy': '100 ', 'Mag': '61 ', 'Fir': '67 ', 'Lit': '55 ', 'Hol': '64 ', 'Bst': '72.45 ', 'Rst': '32 '}"
24153,Dragon Towershield,Standard +11 ,"{'Phy': '188 ', 'Mag': '- ', 'Fir': '- ', 'Lit': '- ', 'Hol': '- ', 'Sta': '119 '}","{'Str': 'C ', 'Dex': '- ', 'Int': '- ', 'Fai': '- ', 'Arc': '- '}",{'Any': '- '},"{'Phy': '100 ', 'Mag': '61 ', 'Fir': '67 ', 'Lit': '55 ', 'Hol': '64 ', 'Bst': '72.45 ', 'Rst': '32 '}"
24154,Dragon Towershield,Standard +12 ,"{'Phy': '195 ', 'Mag': '- ', 'Fir': '- ', 'Lit': '- ', 'Hol': '- ', 'Sta': '122 '}","{'Str': 'C ', 'Dex': '- ', 'Int': '- ', 'Fai': '- ', 'Arc': '- '}",{'Any': '- '},"{'Phy': '100 ', 'Mag': '61 ', 'Fir': '67 ', 'Lit': '55 ', 'Hol': '64 ', 'Bst': '73.14 ', 'Rst': '32 '}"
24155,Dragon Towershield,Standard +13 ,"{'Phy': '201 ', 'Mag': '- ', 'Fir': '- ', 'Lit': '- ', 'Hol': '- ', 'Sta': '126 '}","{'Str': 'C ', 'Dex': '- ', 'Int': '- ', 'Fai': '- ', 'Arc': '- '}",{'Any': '- '},"{'Phy': '100 ', 'Mag': '61 ', 'Fir': '67 ', 'Lit': '55 ', 'Hol': '64 ', 'Bst': '73.14 ', 'Rst': '32 '}"
24156,Dragon Towershield,Standard +14 ,"{'Phy': '208 ', 'Mag': '- ', 'Fir': '- ', 'Lit': '- ', 'Hol': '- ', 'Sta': '129 '}","{'Str': 'C ', 'Dex': '- ', 'Int': '- ', 'Fai': '- ', 'Arc': '- '}",{'Any': '- '},"{'Phy': '100 ', 'Mag': '61 ', 'Fir': '67 ', 'Lit': '55 ', 'Hol': '64 ', 'Bst': '73.83 ', 'Rst': '32 '}"
24157,Dragon Towershield,Standard +15 ,"{'Phy': '215 ', 'Mag': '- ', 'Fir': '- ', 'Lit': '- ', 'Hol': '- ', 'Sta': '132 '}","{'Str': 'C ', 'Dex': '- ', 'Int': '- ', 'Fai': '- ', 'Arc': '- '}",{'Any': '- '},"{'Phy': '100 ', 'Mag': '61 ', 'Fir': '67 ', 'Lit': '55 ', 'Hol': '64 ', 'Bst': '73.83 ', 'Rst': '32 '}"
24158,Dragon Towershield,Standard +16 ,"{'Phy': '221 ', 'Mag': '- ', 'Fir': '- ', 'Lit': '- ', 'Hol': '- ', 'Sta': '136 '}","{'Str': 'C ', 'Dex': '- ', 'Int': '- ', 'Fai': '- ', 'Arc': '- '}",{'Any': '- '},"{'Phy': '100 ', 'Mag': '61 ', 'Fir': '67 ', 'Lit': '55 ', 'Hol': '64 ', 'Bst': '74.52 ', 'Rst': '32 '}"
24159,Dragon Towershield,Standard +17 ,"{'Phy': '228 ', 'Mag': '- ', 'Fir': '- ', 'Lit': '- ', 'Hol': '- ', 'Sta': '139 '}","{'Str': 'C ', 'Dex': '- ', 'Int': '- ', 'Fai': '- ', 'Arc': '- '}",{'Any': '- '},"{'Phy': '100 ', 'Mag': '61 ', 'Fir': '67 ', 'Lit': '55 ', 'Hol': '64 ', 'Bst': '74.52 ', 'Rst': '32 '}"
24160,Dragon Towershield,Standard +18 ,"{'Phy': '235 ', 'Mag': '- ', 'Fir': '- ', 'Lit': '- ', 'Hol': '- ', 'Sta': '142 '}","{'Str': 'C ', 'Dex': '- ', 'Int': '- ', 'Fai': '- ', 'Arc': '- '}",{'Any': '- '},"{'Phy': '100 ', 'Mag': '61 ', 'Fir': '67 ', 'Lit': '55 ', 'Hol': '64 ', 'Bst': '75.21 ', 'Rst': '32 '}"
24161,Dragon Towershield,Standard +19 ,"{'Phy': '241 ', 'Mag': '- ', 'Fir': '- ', 'Lit': '- ', 'Hol': '- ', 'Sta': '146 '}","{'Str': 'C ', 'Dex': '- ', 'Int': '- ', 'Fai': '- ', 'Arc': '- '}",{'Any': '- '},"{'Phy': '100 ', 'Mag': '61 ', 'Fir': '67 ', 'Lit': '55 ', 'Hol': '64 ', 'Bst': '75.21 ', 'Rst': '32 '}"
24162,Dragon Towershield,Standard +20 ,"{'Phy': '248 ', 'Mag': '- ', 'Fir': '- ', 'Lit': '- ', 'Hol': '- ', 'Sta': '149 '}","{'Str': 'C ', 'Dex': '- ', 'Int': '- ', 'Fai': '- ', 'Arc': '- '}",{'Any': '- '},"{'Phy': '100 ', 'Mag': '61 ', 'Fir': '67 ', 'Lit': '55 ', 'Hol': '64 ', 'Bst': '75.9 ', 'Rst': '32 '}"
24163,Dragon Towershield,Standard +21 ,"{'Phy': '255 ', 'Mag': '- ', 'Fir': '- ', 'Lit': '- ', 'Hol': '- ', 'Sta': '152 '}","{'Str': 'C ', 'Dex': '- ', 'Int': '- ', 'Fai': '- ', 'Arc': '- '}",{'Any': '- '},"{'Phy': '100 ', 'Mag': '61 ', 'Fir': '67 ', 'Lit': '55 ', 'Hol': '64 ', 'Bst': '75.9 ', 'Rst': '32 '}"
24164,Dragon Towershield,Standard +22 ,"{'Phy': '261 ', 'Mag': '- ', 'Fir': '- ', 'Lit': '- ', 'Hol': '- ', 'Sta': '156 '}","{'Str': 'C ', 'Dex': '- ', 'Int': '- ', 'Fai': '- ', 'Arc': '- '}",{'Any': '- '},"{'Phy': '100 ', 'Mag': '61 ', 'Fir': '67 ', 'Lit': '55 ', 'Hol': '64 ', 'Bst': '76.59 ', 'Rst': '32 '}"
24165,Dragon Towershield,Standard +23 ,"{'Phy': '268 ', 'Mag': '- ', 'Fir': '- ', 'Lit': '- ', 'Hol': '- ', 'Sta': '159 '}","{'Str': 'C ', 'Dex': '- ', 'Int': '- ', 'Fai': '- ', 'Arc': '- '}",{'Any': '- '},"{'Phy': '100 ', 'Mag': '61 ', 'Fir': '67 ', 'Lit': '55 ', 'Hol': '64 ', 'Bst': '76.59 ', 'Rst': '32 '}"
24166,Dragon Towershield,Standard +24 ,"{'Phy': '275 ', 'Mag': '- ', 'Fir': '- ', 'Lit': '- ', 'Hol': '- ', 'Sta': '162 '}","{'Str': 'C ', 'Dex': '- ', 'Int': '- ', 'Fai': '- ', 'Arc': '- '}",{'Any': '- '},"{'Phy': '100 ', 'Mag': '61 ', 'Fir': '67 ', 'Lit': '55 ', 'Hol': '64 ', 'Bst': '76.59 ', 'Rst': '32 '}"
24167,Dragon Towershield,Standard +25 ,"{'Phy': '281 ', 'Mag': '- ', 'Fir': '- ', 'Lit': '- ', 'Hol': '- ', 'Sta': '166 '}","{'Str': 'B ', 'Dex': '- ', 'Int': '- ', 'Fai': '- ', 'Arc': '- '}",{'Any': '- '},"{'Phy': '100 ', 'Mag': '61 ', 'Fir': '67 ', 'Lit': '55 ', 'Hol': '64 ', 'Bst': '77.28 ', 'Rst': '32 '}"
24480,Distinguished Greatshield,Standard ,"{'Phy': '112 ', 'Mag': '- ', 'Fir': '- ', 'Lit': '- ', 'Hol': '- ', 'Sta': '78 '}","{'Str': 'D ', 'Dex': '- ', 'Int': '- ', 'Fai': '- ', 'Arc': '- '}",{'Any': '- '},"{'Phy': '100 ', 'Mag': '65 ', 'Fir': '63 ', 'Lit': '54 ', 'Hol': '60 ', 'Bst': '68 ', 'Rst': '31 '}"
24481,Distinguished Greatshield,Standard +1 ,"{'Phy': '118 ', 'Mag': '- ', 'Fir': '- ', 'Lit': '- ', 'Hol': '- ', 'Sta': '81 '}","{'Str': 'D ', 'Dex': '- ', 'Int': '- ', 'Fai': '- ', 'Arc': '- '}",{'Any': '- '},"{'Phy': '100 ', 'Mag': '65 ', 'Fir': '63 ', 'Lit': '54 ', 'Hol': '60 ', 'Bst': '68.68 ', 'Rst': '31 '}"
24482,Distinguished Greatshield,Standard +2 ,"{'Phy': '124 ', 'Mag': '- ', 'Fir': '- ', 'Lit': '- ', 'Hol': '- ', 'Sta': '84 '}","{'Str': 'D ', 'Dex': '- ', 'Int': '- ', 'Fai': '- ', 'Arc': '- '}",{'Any': '- '},"{'Phy': '100 ', 'Mag': '65 ', 'Fir': '63 ', 'Lit': '54 ', 'Hol': '60 ', 'Bst': '68.68 ', 'Rst': '31 '}"
24483,Distinguished Greatshield,Standard +3 ,"{'Phy': '131 ', 'Mag': '- ', 'Fir': '- ', 'Lit': '- ', 'Hol': '- ', 'Sta': '87 '}","{'Str': 'D ', 'Dex': '- ', 'Int': '- ', 'Fai': '- ', 'Arc': '- '}",{'Any': '- '},"{'Phy': '100 ', 'Mag': '65 ', 'Fir': '63 ', 'Lit': '54 ', 'Hol': '60 ', 'Bst': '69.36 ', 'Rst': '31 '}"
24484,Distinguished Greatshield,Standard +4 ,"{'Phy': '137 ', 'Mag': '- ', 'Fir': '- ', 'Lit': '- ', 'Hol': '- ', 'Sta': '90 '}","{'Str': 'D ', 'Dex': '- ', 'Int': '- ', 'Fai': '- ', 'Arc': '- '}",{'Any': '- '},"{'Phy': '100 ', 'Mag': '65 ', 'Fir': '63 ', 'Lit': '54 ', 'Hol': '60 ', 'Bst': '69.36 ', 'Rst': '31 '}"
24485,Distinguished Greatshield,Standard +5 ,"{'Phy': '144 ', 'Mag': '- ', 'Fir': '- ', 'Lit': '- ', 'Hol': '- ', 'Sta': '93 '}","{'Str': 'C ', 'Dex': '- ', 'Int': '- ', 'Fai': '- ', 'Arc': '- '}",{'Any': '- '},"{'Phy': '100 ', 'Mag': '65 ', 'Fir': '63 ', 'Lit': '54 ', 'Hol': '60 ', 'Bst': '70.04 ', 'Rst': '31 '}"
24486,Distinguished Greatshield,Standard +6 ,"{'Phy': '150 ', 'Mag': '- ', 'Fir': '- ', 'Lit': '- ', 'Hol': '- ', 'Sta': '96 '}","{'Str': 'C ', 'Dex': '- ', 'Int': '- ', 'Fai': '- ', 'Arc': '- '}",{'Any': '- '},"{'Phy': '100 ', 'Mag': '65 ', 'Fir': '63 ', 'Lit': '54 ', 'Hol': '60 ', 'Bst': '70.04 ', 'Rst': '31 '}"
24487,Distinguished Greatshield,Standard +7 ,"{'Phy': '157 ', 'Mag': '- ', 'Fir': '- ', 'Lit': '- ', 'Hol': '- ', 'Sta': '99 '}","{'Str': 'C ', 'Dex': '- ', 'Int': '- ', 'Fai': '- ', 'Arc': '- '}",{'Any': '- '},"{'Phy': '100 ', 'Mag': '65 ', 'Fir': '63 ', 'Lit': '54 ', 'Hol': '60 ', 'Bst': '70.72 ', 'Rst': '31 '}"
24488,Distinguished Greatshield,Standard +8 ,"{'Phy': '163 ', 'Mag': '- ', 'Fir': '- ', 'Lit': '- ', 'Hol': '- ', 'Sta': '102 '}","{'Str': 'C ', 'Dex': '- ', 'Int': '- ', 'Fai': '- ', 'Arc': '- '}",{'Any': '- '},"{'Phy': '100 ', 'Mag': '65 ', 'Fir': '63 ', 'Lit': '54 ', 'Hol': '60 ', 'Bst': '70.72 ', 'Rst': '31 '}"
24489,Distinguished Greatshield,Standard +9 ,"{'Phy': '170 ', 'Mag': '- ', 'Fir': '- ', 'Lit': '- ', 'Hol': '- ', 'Sta': '106 '}","{'Str': 'C ', 'Dex': '- ', 'Int': '- ', 'Fai': '- ', 'Arc': '- '}",{'Any': '- '},"{'Phy': '100 ', 'Mag': '65 ', 'Fir': '63 ', 'Lit': '54 ', 'Hol': '60 ', 'Bst': '70.72 ', 'Rst': '31 '}"
24490,Distinguished Greatshield,Standard +10 ,"{'Phy': '176 ', 'Mag': '- ', 'Fir': '- ', 'Lit': '- ', 'Hol': '- ', 'Sta': '109 '}","{'Str': 'C ', 'Dex': '- ', 'Int': '- ', 'Fai': '- ', 'Arc': '- '}",{'Any': '- '},"{'Phy': '100 ', 'Mag': '65 ', 'Fir': '63 ', 'Lit': '54 ', 'Hol': '60 ', 'Bst': '71.4 ', 'Rst': '31 '}"
24491,Distinguished Greatshield,Standard +11 ,"{'Phy': '183 ', 'Mag': '- ', 'Fir': '- ', 'Lit': '- ', 'Hol': '- ', 'Sta': '112 '}","{'Str': 'C ', 'Dex': '- ', 'Int': '- ', 'Fai': '- ', 'Arc': '- '}",{'Any': '- '},"{'Phy': '100 ', 'Mag': '65 ', 'Fir': '63 ', 'Lit': '54 ', 'Hol': '60 ', 'Bst': '71.4 ', 'Rst': '31 '}"
24492,Distinguished Greatshield,Standard +12 ,"{'Phy': '189 ', 'Mag': '- ', 'Fir': '- ', 'Lit': '- ', 'Hol': '- ', 'Sta': '115 '}","{'Str': 'C ', 'Dex': '- ', 'Int': '- ', 'Fai': '- ', 'Arc': '- '}",{'Any': '- '},"{'Phy': '100 ', 'Mag': '65 ', 'Fir': '63 ', 'Lit': '54 ', 'Hol': '60 ', 'Bst': '72.08 ', 'Rst': '31 '}"
24493,Distinguished Greatshield,Standard +13 ,"{'Phy': '196 ', 'Mag': '- ', 'Fir': '- ', 'Lit': '- ', 'Hol': '- ', 'Sta': '118 '}","{'Str': 'C ', 'Dex': '- ', 'Int': '- ', 'Fai': '- ', 'Arc': '- '}",{'Any': '- '},"{'Phy': '100 ', 'Mag': '65 ', 'Fir': '63 ', 'Lit': '54 ', 'Hol': '60 ', 'Bst': '72.08 ', 'Rst': '31 '}"
24494,Distinguished Greatshield,Standard +14 ,"{'Phy': '202 ', 'Mag': '- ', 'Fir': '- ', 'Lit': '- ', 'Hol': '- ', 'Sta': '121 '}","{'Str': 'C ', 'Dex': '- ', 'Int': '- ', 'Fai': '- ', 'Arc': '- '}",{'Any': '- '},"{'Phy': '100 ', 'Mag': '65 ', 'Fir': '63 ', 'Lit': '54 ', 'Hol': '60 ', 'Bst': '72.76 ', 'Rst': '31 '}"
24495,Distinguished Greatshield,Standard +15 ,"{'Phy': '209 ', 'Mag': '- ', 'Fir': '- ', 'Lit': '- ', 'Hol': '- ', 'Sta': '124 '}","{'Str': 'C ', 'Dex': '- ', 'Int': '- ', 'Fai': '- ', 'Arc': '- '}",{'Any': '- '},"{'Phy': '100 ', 'Mag': '65 ', 'Fir': '63 ', 'Lit': '54 ', 'Hol': '60 ', 'Bst': '72.76 ', 'Rst': '31 '}"
24496,Distinguished Greatshield,Standard +16 ,"{'Phy': '215 ', 'Mag': '- ', 'Fir': '- ', 'Lit': '- ', 'Hol': '- ', 'Sta': '127 '}","{'Str': 'C ', 'Dex': '- ', 'Int': '- ', 'Fai': '- ', 'Arc': '- '}",{'Any': '- '},"{'Phy': '100 ', 'Mag': '65 ', 'Fir': '63 ', 'Lit': '54 ', 'Hol': '60 ', 'Bst': '73.44 ', 'Rst': '31 '}"
24497,Distinguished Greatshield,Standard +17 ,"{'Phy': '222 ', 'Mag': '- ', 'Fir': '- ', 'Lit': '- ', 'Hol': '- ', 'Sta': '131 '}","{'Str': 'C ', 'Dex': '- ', 'Int': '- ', 'Fai': '- ', 'Arc': '- '}",{'Any': '- '},"{'Phy': '100 ', 'Mag': '65 ', 'Fir': '63 ', 'Lit': '54 ', 'Hol': '60 ', 'Bst': '73.44 ', 'Rst': '31 '}"
24498,Distinguished Greatshield,Standard +18 ,"{'Phy': '228 ', 'Mag': '- ', 'Fir': '- ', 'Lit': '- ', 'Hol': '- ', 'Sta': '134 '}","{'Str': 'C ', 'Dex': '- ', 'Int': '- ', 'Fai': '- ', 'Arc': '- '}",{'Any': '- '},"{'Phy': '100 ', 'Mag': '65 ', 'Fir': '63 ', 'Lit': '54 ', 'Hol': '60 ', 'Bst': '74.12 ', 'Rst': '31 '}"
24499,Distinguished Greatshield,Standard +19 ,"{'Phy': '235 ', 'Mag': '- ', 'Fir': '- ', 'Lit': '- ', 'Hol': '- ', 'Sta': '137 '}","{'Str': 'C ', 'Dex': '- ', 'Int': '- ', 'Fai': '- ', 'Arc': '- '}",{'Any': '- '},"{'Phy': '100 ', 'Mag': '65 ', 'Fir': '63 ', 'Lit': '54 ', 'Hol': '60 ', 'Bst': '74.12 ', 'Rst': '31 '}"
24500,Distinguished Greatshield,Standard +20 ,"{'Phy': '241 ', 'Mag': '- ', 'Fir': '- ', 'Lit': '- ', 'Hol': '- ', 'Sta': '140 '}","{'Str': 'C ', 'Dex': '- ', 'Int': '- ', 'Fai': '- ', 'Arc': '- '}",{'Any': '- '},"{'Phy': '100 ', 'Mag': '65 ', 'Fir': '63 ', 'Lit': '54 ', 'Hol': '60 ', 'Bst': '74.8 ', 'Rst': '31 '}"
24501,Distinguished Greatshield,Standard +21 ,"{'Phy': '248 ', 'Mag': '- ', 'Fir': '- ', 'Lit': '- ', 'Hol': '- ', 'Sta': '143 '}","{'Str': 'C ', 'Dex': '- ', 'Int': '- ', 'Fai': '- ', 'Arc': '- '}",{'Any': '- '},"{'Phy': '100 ', 'Mag': '65 ', 'Fir': '63 ', 'Lit': '54 ', 'Hol': '60 ', 'Bst': '74.8 ', 'Rst': '31 '}"
24502,Distinguished Greatshield,Standard +22 ,"{'Phy': '254 ', 'Mag': '- ', 'Fir': '- ', 'Lit': '- ', 'Hol': '- ', 'Sta': '146 '}","{'Str': 'C ', 'Dex': '- ', 'Int': '- ', 'Fai': '- ', 'Arc': '- '}",{'Any': '- '},"{'Phy': '100 ', 'Mag': '65 ', 'Fir': '63 ', 'Lit': '54 ', 'Hol': '60 ', 'Bst': '75.48 ', 'Rst': '31 '}"
24503,Distinguished Greatshield,Standard +23 ,"{'Phy': '261 ', 'Mag': '- ', 'Fir': '- ', 'Lit': '- ', 'Hol': '- ', 'Sta': '149 '}","{'Str': 'C ', 'Dex': '- ', 'Int': '- ', 'Fai': '- ', 'Arc': '- '}",{'Any': '- '},"{'Phy': '100 ', 'Mag': '65 ', 'Fir': '63 ', 'Lit': '54 ', 'Hol': '60 ', 'Bst': '75.48 ', 'Rst': '31 '}"
24504,Distinguished Greatshield,Standard +24 ,"{'Phy': '267 ', 'Mag': '- ', 'Fir': '- ', 'Lit': '- ', 'Hol': '- ', 'Sta': '152 '}","{'Str': 'C ', 'Dex': '- ', 'Int': '- ', 'Fai': '- ', 'Arc': '- '}",{'Any': '- '},"{'Phy': '100 ', 'Mag': '65 ', 'Fir': '63 ', 'Lit': '54 ', 'Hol': '60 ', 'Bst': '75.48 ', 'Rst': '31 '}"
24505,Distinguished Greatshield,Standard +25 ,"{'Phy': '274 ', 'Mag': '- ', 'Fir': '- ', 'Lit': '- ', 'Hol': '- ', 'Sta': '156 '}","{'Str': 'B ', 'Dex': '- ', 'Int': '- ', 'Fai': '- ', 'Arc': '- '}",{'Any': '- '},"{'Phy': '100 ', 'Mag': '65 ', 'Fir': '63 ', 'Lit': '54 ', 'Hol': '60 ', 'Bst': '76.16 ', 'Rst': '31 '}"
24818,Gilded Greatshield,Standard ,"{'Phy': '115 ', 'Mag': '- ', 'Fir': '- ', 'Lit': '- ', 'Hol': '- ', 'Sta': '83 '}","{'Str': 'D ', 'Dex': '- ', 'Int': '- ', 'Fai': '- ', 'Arc': '- '}",{'Any': '- '},"{'Phy': '100 ', 'Mag': '60 ', 'Fir': '66 ', 'Lit': '54 ', 'Hol': '65 ', 'Bst': '69 ', 'Rst': '32 '}"
24819,Gilded Greatshield,Standard +1 ,"{'Phy': '121 ', 'Mag': '- ', 'Fir': '- ', 'Lit': '- ', 'Hol': '- ', 'Sta': '86 '}","{'Str': 'D ', 'Dex': '- ', 'Int': '- ', 'Fai': '- ', 'Arc': '- '}",{'Any': '- '},"{'Phy': '100 ', 'Mag': '60 ', 'Fir': '66 ', 'Lit': '54 ', 'Hol': '65 ', 'Bst': '69.69 ', 'Rst': '32 '}"
24820,Gilded Greatshield,Standard +2 ,"{'Phy': '128 ', 'Mag': '- ', 'Fir': '- ', 'Lit': '- ', 'Hol': '- ', 'Sta': '89 '}","{'Str': 'D ', 'Dex': '- ', 'Int': '- ', 'Fai': '- ', 'Arc': '- '}",{'Any': '- '},"{'Phy': '100 ', 'Mag': '60 ', 'Fir': '66 ', 'Lit': '54 ', 'Hol': '65 ', 'Bst': '69.69 ', 'Rst': '32 '}"
24821,Gilded Greatshield,Standard +3 ,"{'Phy': '135 ', 'Mag': '- ', 'Fir': '- ', 'Lit': '- ', 'Hol': '- ', 'Sta': '92 '}","{'Str': 'D ', 'Dex': '- ', 'Int': '- ', 'Fai': '- ', 'Arc': '- '}",{'Any': '- '},"{'Phy': '100 ', 'Mag': '60 ', 'Fir': '66 ', 'Lit': '54 ', 'Hol': '65 ', 'Bst': '70.38 ', 'Rst': '32 '}"
24822,Gilded Greatshield,Standard +4 ,"{'Phy': '141 ', 'Mag': '- ', 'Fir': '- ', 'Lit': '- ', 'Hol': '- ', 'Sta': '96 '}","{'Str': 'D ', 'Dex': '- ', 'Int': '- ', 'Fai': '- ', 'Arc': '- '}",{'Any': '- '},"{'Phy': '100 ', 'Mag': '60 ', 'Fir': '66 ', 'Lit': '54 ', 'Hol': '65 ', 'Bst': '70.38 ', 'Rst': '32 '}"
24823,Gilded Greatshield,Standard +5 ,"{'Phy': '148 ', 'Mag': '- ', 'Fir': '- ', 'Lit': '- ', 'Hol': '- ', 'Sta': '99 '}","{'Str': 'C ', 'Dex': '- ', 'Int': '- ', 'Fai': '- ', 'Arc': '- '}",{'Any': '- '},"{'Phy': '100 ', 'Mag': '60 ', 'Fir': '66 ', 'Lit': '54 ', 'Hol': '65 ', 'Bst': '71.07 ', 'Rst': '32 '}"
24824,Gilded Greatshield,Standard +6 ,"{'Phy': '155 ', 'Mag': '- ', 'Fir': '- ', 'Lit': '- ', 'Hol': '- ', 'Sta': '102 '}","{'Str': 'C ', 'Dex': '- ', 'Int': '- ', 'Fai': '- ', 'Arc': '- '}",{'Any': '- '},"{'Phy': '100 ', 'Mag': '60 ', 'Fir': '66 ', 'Lit': '54 ', 'Hol': '65 ', 'Bst': '71.07 ', 'Rst': '32 '}"
24825,Gilded Greatshield,Standard +7 ,"{'Phy': '161 ', 'Mag': '- ', 'Fir': '- ', 'Lit': '- ', 'Hol': '- ', 'Sta': '106 '}","{'Str': 'C ', 'Dex': '- ', 'Int': '- ', 'Fai': '- ', 'Arc': '- '}",{'Any': '- '},"{'Phy': '100 ', 'Mag': '60 ', 'Fir': '66 ', 'Lit': '54 ', 'Hol': '65 ', 'Bst': '71.76 ', 'Rst': '32 '}"
24826,Gilded Greatshield,Standard +8 ,"{'Phy': '168 ', 'Mag': '- ', 'Fir': '- ', 'Lit': '- ', 'Hol': '- ', 'Sta': '109 '}","{'Str': 'C ', 'Dex': '- ', 'Int': '- ', 'Fai': '- ', 'Arc': '- '}",{'Any': '- '},"{'Phy': '100 ', 'Mag': '60 ', 'Fir': '66 ', 'Lit': '54 ', 'Hol': '65 ', 'Bst': '71.76 ', 'Rst': '32 '}"
24827,Gilded Greatshield,Standard +9 ,"{'Phy': '175 ', 'Mag': '- ', 'Fir': '- ', 'Lit': '- ', 'Hol': '- ', 'Sta': '112 '}","{'Str': 'C ', 'Dex': '- ', 'Int': '- ', 'Fai': '- ', 'Arc': '- '}",{'Any': '- '},"{'Phy': '100 ', 'Mag': '60 ', 'Fir': '66 ', 'Lit': '54 ', 'Hol': '65 ', 'Bst': '71.76 ', 'Rst': '32 '}"
24828,Gilded Greatshield,Standard +10 ,"{'Phy': '181 ', 'Mag': '- ', 'Fir': '- ', 'Lit': '- ', 'Hol': '- ', 'Sta': '116 '}","{'Str': 'C ', 'Dex': '- ', 'Int': '- ', 'Fai': '- ', 'Arc': '- '}",{'Any': '- '},"{'Phy': '100 ', 'Mag': '60 ', 'Fir': '66 ', 'Lit': '54 ', 'Hol': '65 ', 'Bst': '72.45 ', 'Rst': '32 '}"
24829,Gilded Greatshield,Standard +11 ,"{'Phy': '188 ', 'Mag': '- ', 'Fir': '- ', 'Lit': '- ', 'Hol': '- ', 'Sta': '119 '}","{'Str': 'C ', 'Dex': '- ', 'Int': '- ', 'Fai': '- ', 'Arc': '- '}",{'Any': '- '},"{'Phy': '100 ', 'Mag': '60 ', 'Fir': '66 ', 'Lit': '54 ', 'Hol': '65 ', 'Bst': '72.45 ', 'Rst': '32 '}"
24830,Gilded Greatshield,Standard +12 ,"{'Phy': '195 ', 'Mag': '- ', 'Fir': '- ', 'Lit': '- ', 'Hol': '- ', 'Sta': '122 '}","{'Str': 'C ', 'Dex': '- ', 'Int': '- ', 'Fai': '- ', 'Arc': '- '}",{'Any': '- '},"{'Phy': '100 ', 'Mag': '60 ', 'Fir': '66 ', 'Lit': '54 ', 'Hol': '65 ', 'Bst': '73.14 ', 'Rst': '32 '}"
24831,Gilded Greatshield,Standard +13 ,"{'Phy': '201 ', 'Mag': '- ', 'Fir': '- ', 'Lit': '- ', 'Hol': '- ', 'Sta': '126 '}","{'Str': 'C ', 'Dex': '- ', 'Int': '- ', 'Fai': '- ', 'Arc': '- '}",{'Any': '- '},"{'Phy': '100 ', 'Mag': '60 ', 'Fir': '66 ', 'Lit': '54 ', 'Hol': '65 ', 'Bst': '73.14 ', 'Rst': '32 '}"
24832,Gilded Greatshield,Standard +14 ,"{'Phy': '208 ', 'Mag': '- ', 'Fir': '- ', 'Lit': '- ', 'Hol': '- ', 'Sta': '129 '}","{'Str': 'C ', 'Dex': '- ', 'Int': '- ', 'Fai': '- ', 'Arc': '- '}",{'Any': '- '},"{'Phy': '100 ', 'Mag': '60 ', 'Fir': '66 ', 'Lit': '54 ', 'Hol': '65 ', 'Bst': '73.83 ', 'Rst': '32 '}"
24833,Gilded Greatshield,Standard +15 ,"{'Phy': '215 ', 'Mag': '- ', 'Fir': '- ', 'Lit': '- ', 'Hol': '- ', 'Sta': '132 '}","{'Str': 'C ', 'Dex': '- ', 'Int': '- ', 'Fai': '- ', 'Arc': '- '}",{'Any': '- '},"{'Phy': '100 ', 'Mag': '60 ', 'Fir': '66 ', 'Lit': '54 ', 'Hol': '65 ', 'Bst': '73.83 ', 'Rst': '32 '}"
24834,Gilded Greatshield,Standard +16 ,"{'Phy': '221 ', 'Mag': '- ', 'Fir': '- ', 'Lit': '- ', 'Hol': '- ', 'Sta': '136 '}","{'Str': 'C ', 'Dex': '- ', 'Int': '- ', 'Fai': '- ', 'Arc': '- '}",{'Any': '- '},"{'Phy': '100 ', 'Mag': '60 ', 'Fir': '66 ', 'Lit': '54 ', 'Hol': '65 ', 'Bst': '74.52 ', 'Rst': '32 '}"
24835,Gilded Greatshield,Standard +17 ,"{'Phy': '228 ', 'Mag': '- ', 'Fir': '- ', 'Lit': '- ', 'Hol': '- ', 'Sta': '139 '}","{'Str': 'C ', 'Dex': '- ', 'Int': '- ', 'Fai': '- ', 'Arc': '- '}",{'Any': '- '},"{'Phy': '100 ', 'Mag': '60 ', 'Fir': '66 ', 'Lit': '54 ', 'Hol': '65 ', 'Bst': '74.52 ', 'Rst': '32 '}"
24836,Gilded Greatshield,Standard +18 ,"{'Phy': '235 ', 'Mag': '- ', 'Fir': '- ', 'Lit': '- ', 'Hol': '- ', 'Sta': '142 '}","{'Str': 'C ', 'Dex': '- ', 'Int': '- ', 'Fai': '- ', 'Arc': '- '}",{'Any': '- '},"{'Phy': '100 ', 'Mag': '60 ', 'Fir': '66 ', 'Lit': '54 ', 'Hol': '65 ', 'Bst': '75.21 ', 'Rst': '32 '}"
24837,Gilded Greatshield,Standard +19 ,"{'Phy': '241 ', 'Mag': '- ', 'Fir': '- ', 'Lit': '- ', 'Hol': '- ', 'Sta': '146 '}","{'Str': 'C ', 'Dex': '- ', 'Int': '- ', 'Fai': '- ', 'Arc': '- '}",{'Any': '- '},"{'Phy': '100 ', 'Mag': '60 ', 'Fir': '66 ', 'Lit': '54 ', 'Hol': '65 ', 'Bst': '75.21 ', 'Rst': '32 '}"
24838,Gilded Greatshield,Standard +20 ,"{'Phy': '248 ', 'Mag': '- ', 'Fir': '- ', 'Lit': '- ', 'Hol': '- ', 'Sta': '149 '}","{'Str': 'C ', 'Dex': '- ', 'Int': '- ', 'Fai': '- ', 'Arc': '- '}",{'Any': '- '},"{'Phy': '100 ', 'Mag': '60 ', 'Fir': '66 ', 'Lit': '54 ', 'Hol': '65 ', 'Bst': '75.9 ', 'Rst': '32 '}"
24839,Gilded Greatshield,Standard +21 ,"{'Phy': '255 ', 'Mag': '- ', 'Fir': '- ', 'Lit': '- ', 'Hol': '- ', 'Sta': '152 '}","{'Str': 'C ', 'Dex': '- ', 'Int': '- ', 'Fai': '- ', 'Arc': '- '}",{'Any': '- '},"{'Phy': '100 ', 'Mag': '60 ', 'Fir': '66 ', 'Lit': '54 ', 'Hol': '65 ', 'Bst': '75.9 ', 'Rst': '32 '}"
24840,Gilded Greatshield,Standard +22 ,"{'Phy': '261 ', 'Mag': '- ', 'Fir': '- ', 'Lit': '- ', 'Hol': '- ', 'Sta': '156 '}","{'Str': 'C ', 'Dex': '- ', 'Int': '- ', 'Fai': '- ', 'Arc': '- '}",{'Any': '- '},"{'Phy': '100 ', 'Mag': '60 ', 'Fir': '66 ', 'Lit': '54 ', 'Hol': '65 ', 'Bst': '76.59 ', 'Rst': '32 '}"
24841,Gilded Greatshield,Standard +23 ,"{'Phy': '268 ', 'Mag': '- ', 'Fir': '- ', 'Lit': '- ', 'Hol': '- ', 'Sta': '159 '}","{'Str': 'C ', 'Dex': '- ', 'Int': '- ', 'Fai': '- ', 'Arc': '- '}",{'Any': '- '},"{'Phy': '100 ', 'Mag': '60 ', 'Fir': '66 ', 'Lit': '54 ', 'Hol': '65 ', 'Bst': '76.59 ', 'Rst': '32 '}"
24842,Gilded Greatshield,Standard +24 ,"{'Phy': '275 ', 'Mag': '- ', 'Fir': '- ', 'Lit': '- ', 'Hol': '- ', 'Sta': '162 '}","{'Str': 'C ', 'Dex': '- ', 'Int': '- ', 'Fai': '- ', 'Arc': '- '}",{'Any': '- '},"{'Phy': '100 ', 'Mag': '60 ', 'Fir': '66 ', 'Lit': '54 ', 'Hol': '65 ', 'Bst': '76.59 ', 'Rst': '32 '}"
24843,Gilded Greatshield,Standard +25 ,"{'Phy': '281 ', 'Mag': '- ', 'Fir': '- ', 'Lit': '- ', 'Hol': '- ', 'Sta': '166 '}","{'Str': 'B ', 'Dex': '- ', 'Int': '- ', 'Fai': '- ', 'Arc': '- '}",{'Any': '- '},"{'Phy': '100 ', 'Mag': '60 ', 'Fir': '66 ', 'Lit': '54 ', 'Hol': '65 ', 'Bst': '77.28 ', 'Rst': '32 '}"
25156,Cuckoo Greatshield,Standard ,"{'Phy': '110 ', 'Mag': '- ', 'Fir': '- ', 'Lit': '- ', 'Hol': '- ', 'Sta': '78 '}","{'Str': 'D ', 'Dex': '- ', 'Int': '- ', 'Fai': '- ', 'Arc': '- '}",{'Any': '- '},"{'Phy': '100 ', 'Mag': '70 ', 'Fir': '56 ', 'Lit': '52 ', 'Hol': '60 ', 'Bst': '64 ', 'Rst': '30 '}"
25157,Cuckoo Greatshield,Standard +1 ,"{'Phy': '116 ', 'Mag': '- ', 'Fir': '- ', 'Lit': '- ', 'Hol': '- ', 'Sta': '81 '}","{'Str': 'D ', 'Dex': '- ', 'Int': '- ', 'Fai': '- ', 'Arc': '- '}",{'Any': '- '},"{'Phy': '100 ', 'Mag': '70 ', 'Fir': '56 ', 'Lit': '52 ', 'Hol': '60 ', 'Bst': '64.64 ', 'Rst': '30 '}"
25158,Cuckoo Greatshield,Standard +2 ,"{'Phy': '122 ', 'Mag': '- ', 'Fir': '- ', 'Lit': '- ', 'Hol': '- ', 'Sta': '84 '}","{'Str': 'D ', 'Dex': '- ', 'Int': '- ', 'Fai': '- ', 'Arc': '- '}",{'Any': '- '},"{'Phy': '100 ', 'Mag': '70 ', 'Fir': '56 ', 'Lit': '52 ', 'Hol': '60 ', 'Bst': '64.64 ', 'Rst': '30 '}"
25159,Cuckoo Greatshield,Standard +3 ,"{'Phy': '129 ', 'Mag': '- ', 'Fir': '- ', 'Lit': '- ', 'Hol': '- ', 'Sta': '87 '}","{'Str': 'D ', 'Dex': '- ', 'Int': '- ', 'Fai': '- ', 'Arc': '- '}",{'Any': '- '},"{'Phy': '100 ', 'Mag': '70 ', 'Fir': '56 ', 'Lit': '52 ', 'Hol': '60 ', 'Bst': '65.28 ', 'Rst': '30 '}"
25160,Cuckoo Greatshield,Standard +4 ,"{'Phy': '135 ', 'Mag': '- ', 'Fir': '- ', 'Lit': '- ', 'Hol': '- ', 'Sta': '90 '}","{'Str': 'D ', 'Dex': '- ', 'Int': '- ', 'Fai': '- ', 'Arc': '- '}",{'Any': '- '},"{'Phy': '100 ', 'Mag': '70 ', 'Fir': '56 ', 'Lit': '52 ', 'Hol': '60 ', 'Bst': '65.28 ', 'Rst': '30 '}"
25161,Cuckoo Greatshield,Standard +5 ,"{'Phy': '141 ', 'Mag': '- ', 'Fir': '- ', 'Lit': '- ', 'Hol': '- ', 'Sta': '93 '}","{'Str': 'C ', 'Dex': '- ', 'Int': '- ', 'Fai': '- ', 'Arc': '- '}",{'Any': '- '},"{'Phy': '100 ', 'Mag': '70 ', 'Fir': '56 ', 'Lit': '52 ', 'Hol': '60 ', 'Bst': '65.92 ', 'Rst': '30 '}"
25162,Cuckoo Greatshield,Standard +6 ,"{'Phy': '148 ', 'Mag': '- ', 'Fir': '- ', 'Lit': '- ', 'Hol': '- ', 'Sta': '96 '}","{'Str': 'C ', 'Dex': '- ', 'Int': '- ', 'Fai': '- ', 'Arc': '- '}",{'Any': '- '},"{'Phy': '100 ', 'Mag': '70 ', 'Fir': '56 ', 'Lit': '52 ', 'Hol': '60 ', 'Bst': '65.92 ', 'Rst': '30 '}"
25163,Cuckoo Greatshield,Standard +7 ,"{'Phy': '154 ', 'Mag': '- ', 'Fir': '- ', 'Lit': '- ', 'Hol': '- ', 'Sta': '99 '}","{'Str': 'C ', 'Dex': '- ', 'Int': '- ', 'Fai': '- ', 'Arc': '- '}",{'Any': '- '},"{'Phy': '100 ', 'Mag': '70 ', 'Fir': '56 ', 'Lit': '52 ', 'Hol': '60 ', 'Bst': '66.56 ', 'Rst': '30 '}"
25164,Cuckoo Greatshield,Standard +8 ,"{'Phy': '161 ', 'Mag': '- ', 'Fir': '- ', 'Lit': '- ', 'Hol': '- ', 'Sta': '102 '}","{'Str': 'C ', 'Dex': '- ', 'Int': '- ', 'Fai': '- ', 'Arc': '- '}",{'Any': '- '},"{'Phy': '100 ', 'Mag': '70 ', 'Fir': '56 ', 'Lit': '52 ', 'Hol': '60 ', 'Bst': '66.56 ', 'Rst': '30 '}"
25165,Cuckoo Greatshield,Standard +9 ,"{'Phy': '167 ', 'Mag': '- ', 'Fir': '- ', 'Lit': '- ', 'Hol': '- ', 'Sta': '106 '}","{'Str': 'C ', 'Dex': '- ', 'Int': '- ', 'Fai': '- ', 'Arc': '- '}",{'Any': '- '},"{'Phy': '100 ', 'Mag': '70 ', 'Fir': '56 ', 'Lit': '52 ', 'Hol': '60 ', 'Bst': '66.56 ', 'Rst': '30 '}"
25166,Cuckoo Greatshield,Standard +10 ,"{'Phy': '173 ', 'Mag': '- ', 'Fir': '- ', 'Lit': '- ', 'Hol': '- ', 'Sta': '109 '}","{'Str': 'C ', 'Dex': '- ', 'Int': '- ', 'Fai': '- ', 'Arc': '- '}",{'Any': '- '},"{'Phy': '100 ', 'Mag': '70 ', 'Fir': '56 ', 'Lit': '52 ', 'Hol': '60 ', 'Bst': '67.2 ', 'Rst': '30 '}"
25167,Cuckoo Greatshield,Standard +11 ,"{'Phy': '180 ', 'Mag': '- ', 'Fir': '- ', 'Lit': '- ', 'Hol': '- ', 'Sta': '112 '}","{'Str': 'C ', 'Dex': '- ', 'Int': '- ', 'Fai': '- ', 'Arc': '- '}",{'Any': '- '},"{'Phy': '100 ', 'Mag': '70 ', 'Fir': '56 ', 'Lit': '52 ', 'Hol': '60 ', 'Bst': '67.2 ', 'Rst': '30 '}"
25168,Cuckoo Greatshield,Standard +12 ,"{'Phy': '186 ', 'Mag': '- ', 'Fir': '- ', 'Lit': '- ', 'Hol': '- ', 'Sta': '115 '}","{'Str': 'C ', 'Dex': '- ', 'Int': '- ', 'Fai': '- ', 'Arc': '- '}",{'Any': '- '},"{'Phy': '100 ', 'Mag': '70 ', 'Fir': '56 ', 'Lit': '52 ', 'Hol': '60 ', 'Bst': '67.84 ', 'Rst': '30 '}"
25169,Cuckoo Greatshield,Standard +13 ,"{'Phy': '192 ', 'Mag': '- ', 'Fir': '- ', 'Lit': '- ', 'Hol': '- ', 'Sta': '118 '}","{'Str': 'C ', 'Dex': '- ', 'Int': '- ', 'Fai': '- ', 'Arc': '- '}",{'Any': '- '},"{'Phy': '100 ', 'Mag': '70 ', 'Fir': '56 ', 'Lit': '52 ', 'Hol': '60 ', 'Bst': '67.84 ', 'Rst': '30 '}"
25170,Cuckoo Greatshield,Standard +14 ,"{'Phy': '199 ', 'Mag': '- ', 'Fir': '- ', 'Lit': '- ', 'Hol': '- ', 'Sta': '121 '}","{'Str': 'C ', 'Dex': '- ', 'Int': '- ', 'Fai': '- ', 'Arc': '- '}",{'Any': '- '},"{'Phy': '100 ', 'Mag': '70 ', 'Fir': '56 ', 'Lit': '52 ', 'Hol': '60 ', 'Bst': '68.48 ', 'Rst': '30 '}"
25171,Cuckoo Greatshield,Standard +15 ,"{'Phy': '205 ', 'Mag': '- ', 'Fir': '- ', 'Lit': '- ', 'Hol': '- ', 'Sta': '124 '}","{'Str': 'C ', 'Dex': '- ', 'Int': '- ', 'Fai': '- ', 'Arc': '- '}",{'Any': '- '},"{'Phy': '100 ', 'Mag': '70 ', 'Fir': '56 ', 'Lit': '52 ', 'Hol': '60 ', 'Bst': '68.48 ', 'Rst': '30 '}"
25172,Cuckoo Greatshield,Standard +16 ,"{'Phy': '212 ', 'Mag': '- ', 'Fir': '- ', 'Lit': '- ', 'Hol': '- ', 'Sta': '127 '}","{'Str': 'C ', 'Dex': '- ', 'Int': '- ', 'Fai': '- ', 'Arc': '- '}",{'Any': '- '},"{'Phy': '100 ', 'Mag': '70 ', 'Fir': '56 ', 'Lit': '52 ', 'Hol': '60 ', 'Bst': '69.12 ', 'Rst': '30 '}"
25173,Cuckoo Greatshield,Standard +17 ,"{'Phy': '218 ', 'Mag': '- ', 'Fir': '- ', 'Lit': '- ', 'Hol': '- ', 'Sta': '131 '}","{'Str': 'C ', 'Dex': '- ', 'Int': '- ', 'Fai': '- ', 'Arc': '- '}",{'Any': '- '},"{'Phy': '100 ', 'Mag': '70 ', 'Fir': '56 ', 'Lit': '52 ', 'Hol': '60 ', 'Bst': '69.12 ', 'Rst': '30 '}"
25174,Cuckoo Greatshield,Standard +18 ,"{'Phy': '224 ', 'Mag': '- ', 'Fir': '- ', 'Lit': '- ', 'Hol': '- ', 'Sta': '134 '}","{'Str': 'C ', 'Dex': '- ', 'Int': '- ', 'Fai': '- ', 'Arc': '- '}",{'Any': '- '},"{'Phy': '100 ', 'Mag': '70 ', 'Fir': '56 ', 'Lit': '52 ', 'Hol': '60 ', 'Bst': '69.76 ', 'Rst': '30 '}"
25175,Cuckoo Greatshield,Standard +19 ,"{'Phy': '231 ', 'Mag': '- ', 'Fir': '- ', 'Lit': '- ', 'Hol': '- ', 'Sta': '137 '}","{'Str': 'C ', 'Dex': '- ', 'Int': '- ', 'Fai': '- ', 'Arc': '- '}",{'Any': '- '},"{'Phy': '100 ', 'Mag': '70 ', 'Fir': '56 ', 'Lit': '52 ', 'Hol': '60 ', 'Bst': '69.76 ', 'Rst': '30 '}"
25176,Cuckoo Greatshield,Standard +20 ,"{'Phy': '237 ', 'Mag': '- ', 'Fir': '- ', 'Lit': '- ', 'Hol': '- ', 'Sta': '140 '}","{'Str': 'C ', 'Dex': '- ', 'Int': '- ', 'Fai': '- ', 'Arc': '- '}",{'Any': '- '},"{'Phy': '100 ', 'Mag': '70 ', 'Fir': '56 ', 'Lit': '52 ', 'Hol': '60 ', 'Bst': '70.4 ', 'Rst': '30 '}"
25177,Cuckoo Greatshield,Standard +21 ,"{'Phy': '243 ', 'Mag': '- ', 'Fir': '- ', 'Lit': '- ', 'Hol': '- ', 'Sta': '143 '}","{'Str': 'C ', 'Dex': '- ', 'Int': '- ', 'Fai': '- ', 'Arc': '- '}",{'Any': '- '},"{'Phy': '100 ', 'Mag': '70 ', 'Fir': '56 ', 'Lit': '52 ', 'Hol': '60 ', 'Bst': '70.4 ', 'Rst': '30 '}"
25178,Cuckoo Greatshield,Standard +22 ,"{'Phy': '250 ', 'Mag': '- ', 'Fir': '- ', 'Lit': '- ', 'Hol': '- ', 'Sta': '146 '}","{'Str': 'C ', 'Dex': '- ', 'Int': '- ', 'Fai': '- ', 'Arc': '- '}",{'Any': '- '},"{'Phy': '100 ', 'Mag': '70 ', 'Fir': '56 ', 'Lit': '52 ', 'Hol': '60 ', 'Bst': '71.04 ', 'Rst': '30 '}"
25179,Cuckoo Greatshield,Standard +23 ,"{'Phy': '256 ', 'Mag': '- ', 'Fir': '- ', 'Lit': '- ', 'Hol': '- ', 'Sta': '149 '}","{'Str': 'C ', 'Dex': '- ', 'Int': '- ', 'Fai': '- ', 'Arc': '- '}",{'Any': '- '},"{'Phy': '100 ', 'Mag': '70 ', 'Fir': '56 ', 'Lit': '52 ', 'Hol': '60 ', 'Bst': '71.04 ', 'Rst': '30 '}"
25180,Cuckoo Greatshield,Standard +24 ,"{'Phy': '263 ', 'Mag': '- ', 'Fir': '- ', 'Lit': '- ', 'Hol': '- ', 'Sta': '152 '}","{'Str': 'C ', 'Dex': '- ', 'Int': '- ', 'Fai': '- ', 'Arc': '- '}",{'Any': '- '},"{'Phy': '100 ', 'Mag': '70 ', 'Fir': '56 ', 'Lit': '52 ', 'Hol': '60 ', 'Bst': '71.04 ', 'Rst': '30 '}"
25181,Cuckoo Greatshield,Standard +25 ,"{'Phy': '269 ', 'Mag': '- ', 'Fir': '- ', 'Lit': '- ', 'Hol': '- ', 'Sta': '156 '}","{'Str': 'B ', 'Dex': '- ', 'Int': '- ', 'Fai': '- ', 'Arc': '- '}",{'Any': '- '},"{'Phy': '100 ', 'Mag': '70 ', 'Fir': '56 ', 'Lit': '52 ', 'Hol': '60 ', 'Bst': '71.68 ', 'Rst': '30 '}"
25494,Redmane Greatshield,Standard ,"{'Phy': '108 ', 'Mag': '- ', 'Fir': '- ', 'Lit': '- ', 'Hol': '- ', 'Sta': '78 '}","{'Str': 'D ', 'Dex': '- ', 'Int': '- ', 'Fai': '- ', 'Arc': '- '}",{'Any': '- '},"{'Phy': '100 ', 'Mag': '54 ', 'Fir': '70 ', 'Lit': '53 ', 'Hol': '52 ', 'Bst': '65 ', 'Rst': '29 '}"
25495,Redmane Greatshield,Standard +1 ,"{'Phy': '114 ', 'Mag': '- ', 'Fir': '- ', 'Lit': '- ', 'Hol': '- ', 'Sta': '81 '}","{'Str': 'D ', 'Dex': '- ', 'Int': '- ', 'Fai': '- ', 'Arc': '- '}",{'Any': '- '},"{'Phy': '100 ', 'Mag': '54 ', 'Fir': '70 ', 'Lit': '53 ', 'Hol': '52 ', 'Bst': '65.65 ', 'Rst': '29 '}"
25496,Redmane Greatshield,Standard +2 ,"{'Phy': '120 ', 'Mag': '- ', 'Fir': '- ', 'Lit': '- ', 'Hol': '- ', 'Sta': '84 '}","{'Str': 'D ', 'Dex': '- ', 'Int': '- ', 'Fai': '- ', 'Arc': '- '}",{'Any': '- '},"{'Phy': '100 ', 'Mag': '54 ', 'Fir': '70 ', 'Lit': '53 ', 'Hol': '52 ', 'Bst': '65.65 ', 'Rst': '29 '}"
25497,Redmane Greatshield,Standard +3 ,"{'Phy': '126 ', 'Mag': '- ', 'Fir': '- ', 'Lit': '- ', 'Hol': '- ', 'Sta': '87 '}","{'Str': 'D ', 'Dex': '- ', 'Int': '- ', 'Fai': '- ', 'Arc': '- '}",{'Any': '- '},"{'Phy': '100 ', 'Mag': '54 ', 'Fir': '70 ', 'Lit': '53 ', 'Hol': '52 ', 'Bst': '66.3 ', 'Rst': '29 '}"
25498,Redmane Greatshield,Standard +4 ,"{'Phy': '133 ', 'Mag': '- ', 'Fir': '- ', 'Lit': '- ', 'Hol': '- ', 'Sta': '90 '}","{'Str': 'D ', 'Dex': '- ', 'Int': '- ', 'Fai': '- ', 'Arc': '- '}",{'Any': '- '},"{'Phy': '100 ', 'Mag': '54 ', 'Fir': '70 ', 'Lit': '53 ', 'Hol': '52 ', 'Bst': '66.3 ', 'Rst': '29 '}"
25499,Redmane Greatshield,Standard +5 ,"{'Phy': '139 ', 'Mag': '- ', 'Fir': '- ', 'Lit': '- ', 'Hol': '- ', 'Sta': '93 '}","{'Str': 'C ', 'Dex': '- ', 'Int': '- ', 'Fai': '- ', 'Arc': '- '}",{'Any': '- '},"{'Phy': '100 ', 'Mag': '54 ', 'Fir': '70 ', 'Lit': '53 ', 'Hol': '52 ', 'Bst': '66.95 ', 'Rst': '29 '}"
25500,Redmane Greatshield,Standard +6 ,"{'Phy': '145 ', 'Mag': '- ', 'Fir': '- ', 'Lit': '- ', 'Hol': '- ', 'Sta': '96 '}","{'Str': 'C ', 'Dex': '- ', 'Int': '- ', 'Fai': '- ', 'Arc': '- '}",{'Any': '- '},"{'Phy': '100 ', 'Mag': '54 ', 'Fir': '70 ', 'Lit': '53 ', 'Hol': '52 ', 'Bst': '66.95 ', 'Rst': '29 '}"
25501,Redmane Greatshield,Standard +7 ,"{'Phy': '151 ', 'Mag': '- ', 'Fir': '- ', 'Lit': '- ', 'Hol': '- ', 'Sta': '99 '}","{'Str': 'C ', 'Dex': '- ', 'Int': '- ', 'Fai': '- ', 'Arc': '- '}",{'Any': '- '},"{'Phy': '100 ', 'Mag': '54 ', 'Fir': '70 ', 'Lit': '53 ', 'Hol': '52 ', 'Bst': '67.6 ', 'Rst': '29 '}"
25502,Redmane Greatshield,Standard +8 ,"{'Phy': '158 ', 'Mag': '- ', 'Fir': '- ', 'Lit': '- ', 'Hol': '- ', 'Sta': '102 '}","{'Str': 'C ', 'Dex': '- ', 'Int': '- ', 'Fai': '- ', 'Arc': '- '}",{'Any': '- '},"{'Phy': '100 ', 'Mag': '54 ', 'Fir': '70 ', 'Lit': '53 ', 'Hol': '52 ', 'Bst': '67.6 ', 'Rst': '29 '}"
25503,Redmane Greatshield,Standard +9 ,"{'Phy': '164 ', 'Mag': '- ', 'Fir': '- ', 'Lit': '- ', 'Hol': '- ', 'Sta': '106 '}","{'Str': 'C ', 'Dex': '- ', 'Int': '- ', 'Fai': '- ', 'Arc': '- '}",{'Any': '- '},"{'Phy': '100 ', 'Mag': '54 ', 'Fir': '70 ', 'Lit': '53 ', 'Hol': '52 ', 'Bst': '67.6 ', 'Rst': '29 '}"
25504,Redmane Greatshield,Standard +10 ,"{'Phy': '170 ', 'Mag': '- ', 'Fir': '- ', 'Lit': '- ', 'Hol': '- ', 'Sta': '109 '}","{'Str': 'C ', 'Dex': '- ', 'Int': '- ', 'Fai': '- ', 'Arc': '- '}",{'Any': '- '},"{'Phy': '100 ', 'Mag': '54 ', 'Fir': '70 ', 'Lit': '53 ', 'Hol': '52 ', 'Bst': '68.25 ', 'Rst': '29 '}"
25505,Redmane Greatshield,Standard +11 ,"{'Phy': '176 ', 'Mag': '- ', 'Fir': '- ', 'Lit': '- ', 'Hol': '- ', 'Sta': '112 '}","{'Str': 'C ', 'Dex': '- ', 'Int': '- ', 'Fai': '- ', 'Arc': '- '}",{'Any': '- '},"{'Phy': '100 ', 'Mag': '54 ', 'Fir': '70 ', 'Lit': '53 ', 'Hol': '52 ', 'Bst': '68.25 ', 'Rst': '29 '}"
25506,Redmane Greatshield,Standard +12 ,"{'Phy': '183 ', 'Mag': '- ', 'Fir': '- ', 'Lit': '- ', 'Hol': '- ', 'Sta': '115 '}","{'Str': 'C ', 'Dex': '- ', 'Int': '- ', 'Fai': '- ', 'Arc': '- '}",{'Any': '- '},"{'Phy': '100 ', 'Mag': '54 ', 'Fir': '70 ', 'Lit': '53 ', 'Hol': '52 ', 'Bst': '68.9 ', 'Rst': '29 '}"
25507,Redmane Greatshield,Standard +13 ,"{'Phy': '189 ', 'Mag': '- ', 'Fir': '- ', 'Lit': '- ', 'Hol': '- ', 'Sta': '118 '}","{'Str': 'C ', 'Dex': '- ', 'Int': '- ', 'Fai': '- ', 'Arc': '- '}",{'Any': '- '},"{'Phy': '100 ', 'Mag': '54 ', 'Fir': '70 ', 'Lit': '53 ', 'Hol': '52 ', 'Bst': '68.9 ', 'Rst': '29 '}"
25508,Redmane Greatshield,Standard +14 ,"{'Phy': '195 ', 'Mag': '- ', 'Fir': '- ', 'Lit': '- ', 'Hol': '- ', 'Sta': '121 '}","{'Str': 'C ', 'Dex': '- ', 'Int': '- ', 'Fai': '- ', 'Arc': '- '}",{'Any': '- '},"{'Phy': '100 ', 'Mag': '54 ', 'Fir': '70 ', 'Lit': '53 ', 'Hol': '52 ', 'Bst': '69.55 ', 'Rst': '29 '}"
25509,Redmane Greatshield,Standard +15 ,"{'Phy': '201 ', 'Mag': '- ', 'Fir': '- ', 'Lit': '- ', 'Hol': '- ', 'Sta': '124 '}","{'Str': 'C ', 'Dex': '- ', 'Int': '- ', 'Fai': '- ', 'Arc': '- '}",{'Any': '- '},"{'Phy': '100 ', 'Mag': '54 ', 'Fir': '70 ', 'Lit': '53 ', 'Hol': '52 ', 'Bst': '69.55 ', 'Rst': '29 '}"
25510,Redmane Greatshield,Standard +16 ,"{'Phy': '208 ', 'Mag': '- ', 'Fir': '- ', 'Lit': '- ', 'Hol': '- ', 'Sta': '127 '}","{'Str': 'C ', 'Dex': '- ', 'Int': '- ', 'Fai': '- ', 'Arc': '- '}",{'Any': '- '},"{'Phy': '100 ', 'Mag': '54 ', 'Fir': '70 ', 'Lit': '53 ', 'Hol': '52 ', 'Bst': '70.2 ', 'Rst': '29 '}"
25511,Redmane Greatshield,Standard +17 ,"{'Phy': '214 ', 'Mag': '- ', 'Fir': '- ', 'Lit': '- ', 'Hol': '- ', 'Sta': '131 '}","{'Str': 'C ', 'Dex': '- ', 'Int': '- ', 'Fai': '- ', 'Arc': '- '}",{'Any': '- '},"{'Phy': '100 ', 'Mag': '54 ', 'Fir': '70 ', 'Lit': '53 ', 'Hol': '52 ', 'Bst': '70.2 ', 'Rst': '29 '}"
25512,Redmane Greatshield,Standard +18 ,"{'Phy': '220 ', 'Mag': '- ', 'Fir': '- ', 'Lit': '- ', 'Hol': '- ', 'Sta': '134 '}","{'Str': 'C ', 'Dex': '- ', 'Int': '- ', 'Fai': '- ', 'Arc': '- '}",{'Any': '- '},"{'Phy': '100 ', 'Mag': '54 ', 'Fir': '70 ', 'Lit': '53 ', 'Hol': '52 ', 'Bst': '70.85 ', 'Rst': '29 '}"
25513,Redmane Greatshield,Standard +19 ,"{'Phy': '227 ', 'Mag': '- ', 'Fir': '- ', 'Lit': '- ', 'Hol': '- ', 'Sta': '137 '}","{'Str': 'C ', 'Dex': '- ', 'Int': '- ', 'Fai': '- ', 'Arc': '- '}",{'Any': '- '},"{'Phy': '100 ', 'Mag': '54 ', 'Fir': '70 ', 'Lit': '53 ', 'Hol': '52 ', 'Bst': '70.85 ', 'Rst': '29 '}"
25514,Redmane Greatshield,Standard +20 ,"{'Phy': '233 ', 'Mag': '- ', 'Fir': '- ', 'Lit': '- ', 'Hol': '- ', 'Sta': '140 '}","{'Str': 'C ', 'Dex': '- ', 'Int': '- ', 'Fai': '- ', 'Arc': '- '}",{'Any': '- '},"{'Phy': '100 ', 'Mag': '54 ', 'Fir': '70 ', 'Lit': '53 ', 'Hol': '52 ', 'Bst': '71.5 ', 'Rst': '29 '}"
25515,Redmane Greatshield,Standard +21 ,"{'Phy': '239 ', 'Mag': '- ', 'Fir': '- ', 'Lit': '- ', 'Hol': '- ', 'Sta': '143 '}","{'Str': 'C ', 'Dex': '- ', 'Int': '- ', 'Fai': '- ', 'Arc': '- '}",{'Any': '- '},"{'Phy': '100 ', 'Mag': '54 ', 'Fir': '70 ', 'Lit': '53 ', 'Hol': '52 ', 'Bst': '71.5 ', 'Rst': '29 '}"
25516,Redmane Greatshield,Standard +22 ,"{'Phy': '245 ', 'Mag': '- ', 'Fir': '- ', 'Lit': '- ', 'Hol': '- ', 'Sta': '146 '}","{'Str': 'C ', 'Dex': '- ', 'Int': '- ', 'Fai': '- ', 'Arc': '- '}",{'Any': '- '},"{'Phy': '100 ', 'Mag': '54 ', 'Fir': '70 ', 'Lit': '53 ', 'Hol': '52 ', 'Bst': '72.15 ', 'Rst': '29 '}"
25517,Redmane Greatshield,Standard +23 ,"{'Phy': '252 ', 'Mag': '- ', 'Fir': '- ', 'Lit': '- ', 'Hol': '- ', 'Sta': '149 '}","{'Str': 'C ', 'Dex': '- ', 'Int': '- ', 'Fai': '- ', 'Arc': '- '}",{'Any': '- '},"{'Phy': '100 ', 'Mag': '54 ', 'Fir': '70 ', 'Lit': '53 ', 'Hol': '52 ', 'Bst': '72.15 ', 'Rst': '29 '}"
25518,Redmane Greatshield,Standard +24 ,"{'Phy': '258 ', 'Mag': '- ', 'Fir': '- ', 'Lit': '- ', 'Hol': '- ', 'Sta': '152 '}","{'Str': 'C ', 'Dex': '- ', 'Int': '- ', 'Fai': '- ', 'Arc': '- '}",{'Any': '- '},"{'Phy': '100 ', 'Mag': '54 ', 'Fir': '70 ', 'Lit': '53 ', 'Hol': '52 ', 'Bst': '72.15 ', 'Rst': '29 '}"
25519,Redmane Greatshield,Standard +25 ,"{'Phy': '264 ', 'Mag': '- ', 'Fir': '- ', 'Lit': '- ', 'Hol': '- ', 'Sta': '156 '}","{'Str': 'B ', 'Dex': '- ', 'Int': '- ', 'Fai': '- ', 'Arc': '- '}",{'Any': '- '},"{'Phy': '100 ', 'Mag': '54 ', 'Fir': '70 ', 'Lit': '53 ', 'Hol': '52 ', 'Bst': '72.8 ', 'Rst': '29 '}"
25832,Golden Greatshield,Standard ,"{'Phy': '113 ', 'Mag': '- ', 'Fir': '- ', 'Lit': '- ', 'Hol': '- ', 'Sta': '81 '}","{'Str': 'D ', 'Dex': '- ', 'Int': '- ', 'Fai': '- ', 'Arc': '- '}",{'Any': '- '},"{'Phy': '100 ', 'Mag': '57 ', 'Fir': '60 ', 'Lit': '57 ', 'Hol': '68 ', 'Bst': '70 ', 'Rst': '31 '}"
25833,Golden Greatshield,Standard +1 ,"{'Phy': '119 ', 'Mag': '- ', 'Fir': '- ', 'Lit': '- ', 'Hol': '- ', 'Sta': '84 '}","{'Str': 'D ', 'Dex': '- ', 'Int': '- ', 'Fai': '- ', 'Arc': '- '}",{'Any': '- '},"{'Phy': '100 ', 'Mag': '57 ', 'Fir': '60 ', 'Lit': '57 ', 'Hol': '68 ', 'Bst': '70.7 ', 'Rst': '31 '}"
25834,Golden Greatshield,Standard +2 ,"{'Phy': '126 ', 'Mag': '- ', 'Fir': '- ', 'Lit': '- ', 'Hol': '- ', 'Sta': '87 '}","{'Str': 'D ', 'Dex': '- ', 'Int': '- ', 'Fai': '- ', 'Arc': '- '}",{'Any': '- '},"{'Phy': '100 ', 'Mag': '57 ', 'Fir': '60 ', 'Lit': '57 ', 'Hol': '68 ', 'Bst': '70.7 ', 'Rst': '31 '}"
25835,Golden Greatshield,Standard +3 ,"{'Phy': '132 ', 'Mag': '- ', 'Fir': '- ', 'Lit': '- ', 'Hol': '- ', 'Sta': '90 '}","{'Str': 'D ', 'Dex': '- ', 'Int': '- ', 'Fai': '- ', 'Arc': '- '}",{'Any': '- '},"{'Phy': '100 ', 'Mag': '57 ', 'Fir': '60 ', 'Lit': '57 ', 'Hol': '68 ', 'Bst': '71.4 ', 'Rst': '31 '}"
25836,Golden Greatshield,Standard +4 ,"{'Phy': '139 ', 'Mag': '- ', 'Fir': '- ', 'Lit': '- ', 'Hol': '- ', 'Sta': '93 '}","{'Str': 'D ', 'Dex': '- ', 'Int': '- ', 'Fai': '- ', 'Arc': '- '}",{'Any': '- '},"{'Phy': '100 ', 'Mag': '57 ', 'Fir': '60 ', 'Lit': '57 ', 'Hol': '68 ', 'Bst': '71.4 ', 'Rst': '31 '}"
25837,Golden Greatshield,Standard +5 ,"{'Phy': '145 ', 'Mag': '- ', 'Fir': '- ', 'Lit': '- ', 'Hol': '- ', 'Sta': '97 '}","{'Str': 'C ', 'Dex': '- ', 'Int': '- ', 'Fai': '- ', 'Arc': '- '}",{'Any': '- '},"{'Phy': '100 ', 'Mag': '57 ', 'Fir': '60 ', 'Lit': '57 ', 'Hol': '68 ', 'Bst': '72.1 ', 'Rst': '31 '}"
25838,Golden Greatshield,Standard +6 ,"{'Phy': '152 ', 'Mag': '- ', 'Fir': '- ', 'Lit': '- ', 'Hol': '- ', 'Sta': '100 '}","{'Str': 'C ', 'Dex': '- ', 'Int': '- ', 'Fai': '- ', 'Arc': '- '}",{'Any': '- '},"{'Phy': '100 ', 'Mag': '57 ', 'Fir': '60 ', 'Lit': '57 ', 'Hol': '68 ', 'Bst': '72.1 ', 'Rst': '31 '}"
25839,Golden Greatshield,Standard +7 ,"{'Phy': '158 ', 'Mag': '- ', 'Fir': '- ', 'Lit': '- ', 'Hol': '- ', 'Sta': '103 '}","{'Str': 'C ', 'Dex': '- ', 'Int': '- ', 'Fai': '- ', 'Arc': '- '}",{'Any': '- '},"{'Phy': '100 ', 'Mag': '57 ', 'Fir': '60 ', 'Lit': '57 ', 'Hol': '68 ', 'Bst': '72.8 ', 'Rst': '31 '}"
25840,Golden Greatshield,Standard +8 ,"{'Phy': '165 ', 'Mag': '- ', 'Fir': '- ', 'Lit': '- ', 'Hol': '- ', 'Sta': '106 '}","{'Str': 'C ', 'Dex': '- ', 'Int': '- ', 'Fai': '- ', 'Arc': '- '}",{'Any': '- '},"{'Phy': '100 ', 'Mag': '57 ', 'Fir': '60 ', 'Lit': '57 ', 'Hol': '68 ', 'Bst': '72.8 ', 'Rst': '31 '}"
25841,Golden Greatshield,Standard +9 ,"{'Phy': '171 ', 'Mag': '- ', 'Fir': '- ', 'Lit': '- ', 'Hol': '- ', 'Sta': '110 '}","{'Str': 'C ', 'Dex': '- ', 'Int': '- ', 'Fai': '- ', 'Arc': '- '}",{'Any': '- '},"{'Phy': '100 ', 'Mag': '57 ', 'Fir': '60 ', 'Lit': '57 ', 'Hol': '68 ', 'Bst': '72.8 ', 'Rst': '31 '}"
25842,Golden Greatshield,Standard +10 ,"{'Phy': '178 ', 'Mag': '- ', 'Fir': '- ', 'Lit': '- ', 'Hol': '- ', 'Sta': '113 '}","{'Str': 'C ', 'Dex': '- ', 'Int': '- ', 'Fai': '- ', 'Arc': '- '}",{'Any': '- '},"{'Phy': '100 ', 'Mag': '57 ', 'Fir': '60 ', 'Lit': '57 ', 'Hol': '68 ', 'Bst': '73.5 ', 'Rst': '31 '}"
25843,Golden Greatshield,Standard +11 ,"{'Phy': '185 ', 'Mag': '- ', 'Fir': '- ', 'Lit': '- ', 'Hol': '- ', 'Sta': '116 '}","{'Str': 'C ', 'Dex': '- ', 'Int': '- ', 'Fai': '- ', 'Arc': '- '}",{'Any': '- '},"{'Phy': '100 ', 'Mag': '57 ', 'Fir': '60 ', 'Lit': '57 ', 'Hol': '68 ', 'Bst': '73.5 ', 'Rst': '31 '}"
25844,Golden Greatshield,Standard +12 ,"{'Phy': '191 ', 'Mag': '- ', 'Fir': '- ', 'Lit': '- ', 'Hol': '- ', 'Sta': '119 '}","{'Str': 'C ', 'Dex': '- ', 'Int': '- ', 'Fai': '- ', 'Arc': '- '}",{'Any': '- '},"{'Phy': '100 ', 'Mag': '57 ', 'Fir': '60 ', 'Lit': '57 ', 'Hol': '68 ', 'Bst': '74.2 ', 'Rst': '31 '}"
25845,Golden Greatshield,Standard +13 ,"{'Phy': '198 ', 'Mag': '- ', 'Fir': '- ', 'Lit': '- ', 'Hol': '- ', 'Sta': '123 '}","{'Str': 'C ', 'Dex': '- ', 'Int': '- ', 'Fai': '- ', 'Arc': '- '}",{'Any': '- '},"{'Phy': '100 ', 'Mag': '57 ', 'Fir': '60 ', 'Lit': '57 ', 'Hol': '68 ', 'Bst': '74.2 ', 'Rst': '31 '}"
25846,Golden Greatshield,Standard +14 ,"{'Phy': '204 ', 'Mag': '- ', 'Fir': '- ', 'Lit': '- ', 'Hol': '- ', 'Sta': '126 '}","{'Str': 'C ', 'Dex': '- ', 'Int': '- ', 'Fai': '- ', 'Arc': '- '}",{'Any': '- '},"{'Phy': '100 ', 'Mag': '57 ', 'Fir': '60 ', 'Lit': '57 ', 'Hol': '68 ', 'Bst': '74.9 ', 'Rst': '31 '}"
25847,Golden Greatshield,Standard +15 ,"{'Phy': '211 ', 'Mag': '- ', 'Fir': '- ', 'Lit': '- ', 'Hol': '- ', 'Sta': '129 '}","{'Str': 'C ', 'Dex': '- ', 'Int': '- ', 'Fai': '- ', 'Arc': '- '}",{'Any': '- '},"{'Phy': '100 ', 'Mag': '57 ', 'Fir': '60 ', 'Lit': '57 ', 'Hol': '68 ', 'Bst': '74.9 ', 'Rst': '31 '}"
25848,Golden Greatshield,Standard +16 ,"{'Phy': '217 ', 'Mag': '- ', 'Fir': '- ', 'Lit': '- ', 'Hol': '- ', 'Sta': '132 '}","{'Str': 'C ', 'Dex': '- ', 'Int': '- ', 'Fai': '- ', 'Arc': '- '}",{'Any': '- '},"{'Phy': '100 ', 'Mag': '57 ', 'Fir': '60 ', 'Lit': '57 ', 'Hol': '68 ', 'Bst': '75.6 ', 'Rst': '31 '}"
25849,Golden Greatshield,Standard +17 ,"{'Phy': '224 ', 'Mag': '- ', 'Fir': '- ', 'Lit': '- ', 'Hol': '- ', 'Sta': '136 '}","{'Str': 'C ', 'Dex': '- ', 'Int': '- ', 'Fai': '- ', 'Arc': '- '}",{'Any': '- '},"{'Phy': '100 ', 'Mag': '57 ', 'Fir': '60 ', 'Lit': '57 ', 'Hol': '68 ', 'Bst': '75.6 ', 'Rst': '31 '}"
25850,Golden Greatshield,Standard +18 ,"{'Phy': '230 ', 'Mag': '- ', 'Fir': '- ', 'Lit': '- ', 'Hol': '- ', 'Sta': '139 '}","{'Str': 'C ', 'Dex': '- ', 'Int': '- ', 'Fai': '- ', 'Arc': '- '}",{'Any': '- '},"{'Phy': '100 ', 'Mag': '57 ', 'Fir': '60 ', 'Lit': '57 ', 'Hol': '68 ', 'Bst': '76.3 ', 'Rst': '31 '}"
25851,Golden Greatshield,Standard +19 ,"{'Phy': '237 ', 'Mag': '- ', 'Fir': '- ', 'Lit': '- ', 'Hol': '- ', 'Sta': '142 '}","{'Str': 'C ', 'Dex': '- ', 'Int': '- ', 'Fai': '- ', 'Arc': '- '}",{'Any': '- '},"{'Phy': '100 ', 'Mag': '57 ', 'Fir': '60 ', 'Lit': '57 ', 'Hol': '68 ', 'Bst': '76.3 ', 'Rst': '31 '}"
25852,Golden Greatshield,Standard +20 ,"{'Phy': '244 ', 'Mag': '- ', 'Fir': '- ', 'Lit': '- ', 'Hol': '- ', 'Sta': '145 '}","{'Str': 'C ', 'Dex': '- ', 'Int': '- ', 'Fai': '- ', 'Arc': '- '}",{'Any': '- '},"{'Phy': '100 ', 'Mag': '57 ', 'Fir': '60 ', 'Lit': '57 ', 'Hol': '68 ', 'Bst': '77 ', 'Rst': '31 '}"
25853,Golden Greatshield,Standard +21 ,"{'Phy': '250 ', 'Mag': '- ', 'Fir': '- ', 'Lit': '- ', 'Hol': '- ', 'Sta': '149 '}","{'Str': 'C ', 'Dex': '- ', 'Int': '- ', 'Fai': '- ', 'Arc': '- '}",{'Any': '- '},"{'Phy': '100 ', 'Mag': '57 ', 'Fir': '60 ', 'Lit': '57 ', 'Hol': '68 ', 'Bst': '77 ', 'Rst': '31 '}"
25854,Golden Greatshield,Standard +22 ,"{'Phy': '257 ', 'Mag': '- ', 'Fir': '- ', 'Lit': '- ', 'Hol': '- ', 'Sta': '152 '}","{'Str': 'C ', 'Dex': '- ', 'Int': '- ', 'Fai': '- ', 'Arc': '- '}",{'Any': '- '},"{'Phy': '100 ', 'Mag': '57 ', 'Fir': '60 ', 'Lit': '57 ', 'Hol': '68 ', 'Bst': '77.7 ', 'Rst': '31 '}"
25855,Golden Greatshield,Standard +23 ,"{'Phy': '263 ', 'Mag': '- ', 'Fir': '- ', 'Lit': '- ', 'Hol': '- ', 'Sta': '155 '}","{'Str': 'C ', 'Dex': '- ', 'Int': '- ', 'Fai': '- ', 'Arc': '- '}",{'Any': '- '},"{'Phy': '100 ', 'Mag': '57 ', 'Fir': '60 ', 'Lit': '57 ', 'Hol': '68 ', 'Bst': '77.7 ', 'Rst': '31 '}"
25856,Golden Greatshield,Standard +24 ,"{'Phy': '270 ', 'Mag': '- ', 'Fir': '- ', 'Lit': '- ', 'Hol': '- ', 'Sta': '158 '}","{'Str': 'C ', 'Dex': '- ', 'Int': '- ', 'Fai': '- ', 'Arc': '- '}",{'Any': '- '},"{'Phy': '100 ', 'Mag': '57 ', 'Fir': '60 ', 'Lit': '57 ', 'Hol': '68 ', 'Bst': '77.7 ', 'Rst': '31 '}"
25857,Golden Greatshield,Standard +25 ,"{'Phy': '276 ', 'Mag': '- ', 'Fir': '- ', 'Lit': '- ', 'Hol': '- ', 'Sta': '162 '}","{'Str': 'B ', 'Dex': '- ', 'Int': '- ', 'Fai': '- ', 'Arc': '- '}",{'Any': '- '},"{'Phy': '100 ', 'Mag': '57 ', 'Fir': '60 ', 'Lit': '57 ', 'Hol': '68 ', 'Bst': '78.4 ', 'Rst': '31 '}"
26170,Haligtree Crest Greatshield,Standard ,"{'Phy': '116 ', 'Mag': '- ', 'Fir': '- ', 'Lit': '- ', 'Hol': '- ', 'Sta': '81 '}","{'Str': 'D ', 'Dex': '- ', 'Int': '- ', 'Fai': '- ', 'Arc': '- '}",{'Any': '- '},"{'Phy': '100 ', 'Mag': '61 ', 'Fir': '67 ', 'Lit': '55 ', 'Hol': '79 ', 'Bst': '71 ', 'Rst': '33 '}"
26171,Haligtree Crest Greatshield,Standard +1 ,"{'Phy': '122 ', 'Mag': '- ', 'Fir': '- ', 'Lit': '- ', 'Hol': '- ', 'Sta': '84 '}","{'Str': 'D ', 'Dex': '- ', 'Int': '- ', 'Fai': '- ', 'Arc': '- '}",{'Any': '- '},"{'Phy': '100 ', 'Mag': '61 ', 'Fir': '67 ', 'Lit': '55 ', 'Hol': '79 ', 'Bst': '71.71 ', 'Rst': '33 '}"
26172,Haligtree Crest Greatshield,Standard +2 ,"{'Phy': '129 ', 'Mag': '- ', 'Fir': '- ', 'Lit': '- ', 'Hol': '- ', 'Sta': '87 '}","{'Str': 'D ', 'Dex': '- ', 'Int': '- ', 'Fai': '- ', 'Arc': '- '}",{'Any': '- '},"{'Phy': '100 ', 'Mag': '61 ', 'Fir': '67 ', 'Lit': '55 ', 'Hol': '79 ', 'Bst': '71.71 ', 'Rst': '33 '}"
26173,Haligtree Crest Greatshield,Standard +3 ,"{'Phy': '136 ', 'Mag': '- ', 'Fir': '- ', 'Lit': '- ', 'Hol': '- ', 'Sta': '90 '}","{'Str': 'D ', 'Dex': '- ', 'Int': '- ', 'Fai': '- ', 'Arc': '- '}",{'Any': '- '},"{'Phy': '100 ', 'Mag': '61 ', 'Fir': '67 ', 'Lit': '55 ', 'Hol': '79 ', 'Bst': '72.42 ', 'Rst': '33 '}"
26174,Haligtree Crest Greatshield,Standard +4 ,"{'Phy': '142 ', 'Mag': '- ', 'Fir': '- ', 'Lit': '- ', 'Hol': '- ', 'Sta': '93 '}","{'Str': 'D ', 'Dex': '- ', 'Int': '- ', 'Fai': '- ', 'Arc': '- '}",{'Any': '- '},"{'Phy': '100 ', 'Mag': '61 ', 'Fir': '67 ', 'Lit': '55 ', 'Hol': '79 ', 'Bst': '72.42 ', 'Rst': '33 '}"
26175,Haligtree Crest Greatshield,Standard +5 ,"{'Phy': '149 ', 'Mag': '- ', 'Fir': '- ', 'Lit': '- ', 'Hol': '- ', 'Sta': '97 '}","{'Str': 'C ', 'Dex': '- ', 'Int': '- ', 'Fai': '- ', 'Arc': '- '}",{'Any': '- '},"{'Phy': '100 ', 'Mag': '61 ', 'Fir': '67 ', 'Lit': '55 ', 'Hol': '79 ', 'Bst': '73.13 ', 'Rst': '33 '}"
26176,Haligtree Crest Greatshield,Standard +6 ,"{'Phy': '156 ', 'Mag': '- ', 'Fir': '- ', 'Lit': '- ', 'Hol': '- ', 'Sta': '100 '}","{'Str': 'C ', 'Dex': '- ', 'Int': '- ', 'Fai': '- ', 'Arc': '- '}",{'Any': '- '},"{'Phy': '100 ', 'Mag': '61 ', 'Fir': '67 ', 'Lit': '55 ', 'Hol': '79 ', 'Bst': '73.13 ', 'Rst': '33 '}"
26177,Haligtree Crest Greatshield,Standard +7 ,"{'Phy': '163 ', 'Mag': '- ', 'Fir': '- ', 'Lit': '- ', 'Hol': '- ', 'Sta': '103 '}","{'Str': 'C ', 'Dex': '- ', 'Int': '- ', 'Fai': '- ', 'Arc': '- '}",{'Any': '- '},"{'Phy': '100 ', 'Mag': '61 ', 'Fir': '67 ', 'Lit': '55 ', 'Hol': '79 ', 'Bst': '73.84 ', 'Rst': '33 '}"
26178,Haligtree Crest Greatshield,Standard +8 ,"{'Phy': '169 ', 'Mag': '- ', 'Fir': '- ', 'Lit': '- ', 'Hol': '- ', 'Sta': '106 '}","{'Str': 'C ', 'Dex': '- ', 'Int': '- ', 'Fai': '- ', 'Arc': '- '}",{'Any': '- '},"{'Phy': '100 ', 'Mag': '61 ', 'Fir': '67 ', 'Lit': '55 ', 'Hol': '79 ', 'Bst': '73.84 ', 'Rst': '33 '}"
26179,Haligtree Crest Greatshield,Standard +9 ,"{'Phy': '176 ', 'Mag': '- ', 'Fir': '- ', 'Lit': '- ', 'Hol': '- ', 'Sta': '110 '}","{'Str': 'C ', 'Dex': '- ', 'Int': '- ', 'Fai': '- ', 'Arc': '- '}",{'Any': '- '},"{'Phy': '100 ', 'Mag': '61 ', 'Fir': '67 ', 'Lit': '55 ', 'Hol': '79 ', 'Bst': '73.84 ', 'Rst': '33 '}"
26180,Haligtree Crest Greatshield,Standard +10 ,"{'Phy': '183 ', 'Mag': '- ', 'Fir': '- ', 'Lit': '- ', 'Hol': '- ', 'Sta': '113 '}","{'Str': 'C ', 'Dex': '- ', 'Int': '- ', 'Fai': '- ', 'Arc': '- '}",{'Any': '- '},"{'Phy': '100 ', 'Mag': '61 ', 'Fir': '67 ', 'Lit': '55 ', 'Hol': '79 ', 'Bst': '74.55 ', 'Rst': '33 '}"
26181,Haligtree Crest Greatshield,Standard +11 ,"{'Phy': '190 ', 'Mag': '- ', 'Fir': '- ', 'Lit': '- ', 'Hol': '- ', 'Sta': '116 '}","{'Str': 'C ', 'Dex': '- ', 'Int': '- ', 'Fai': '- ', 'Arc': '- '}",{'Any': '- '},"{'Phy': '100 ', 'Mag': '61 ', 'Fir': '67 ', 'Lit': '55 ', 'Hol': '79 ', 'Bst': '74.55 ', 'Rst': '33 '}"
26182,Haligtree Crest Greatshield,Standard +12 ,"{'Phy': '196 ', 'Mag': '- ', 'Fir': '- ', 'Lit': '- ', 'Hol': '- ', 'Sta': '119 '}","{'Str': 'C ', 'Dex': '- ', 'Int': '- ', 'Fai': '- ', 'Arc': '- '}",{'Any': '- '},"{'Phy': '100 ', 'Mag': '61 ', 'Fir': '67 ', 'Lit': '55 ', 'Hol': '79 ', 'Bst': '75.26 ', 'Rst': '33 '}"
26183,Haligtree Crest Greatshield,Standard +13 ,"{'Phy': '203 ', 'Mag': '- ', 'Fir': '- ', 'Lit': '- ', 'Hol': '- ', 'Sta': '123 '}","{'Str': 'C ', 'Dex': '- ', 'Int': '- ', 'Fai': '- ', 'Arc': '- '}",{'Any': '- '},"{'Phy': '100 ', 'Mag': '61 ', 'Fir': '67 ', 'Lit': '55 ', 'Hol': '79 ', 'Bst': '75.26 ', 'Rst': '33 '}"
26184,Haligtree Crest Greatshield,Standard +14 ,"{'Phy': '210 ', 'Mag': '- ', 'Fir': '- ', 'Lit': '- ', 'Hol': '- ', 'Sta': '126 '}","{'Str': 'C ', 'Dex': '- ', 'Int': '- ', 'Fai': '- ', 'Arc': '- '}",{'Any': '- '},"{'Phy': '100 ', 'Mag': '61 ', 'Fir': '67 ', 'Lit': '55 ', 'Hol': '79 ', 'Bst': '75.97 ', 'Rst': '33 '}"
26185,Haligtree Crest Greatshield,Standard +15 ,"{'Phy': '216 ', 'Mag': '- ', 'Fir': '- ', 'Lit': '- ', 'Hol': '- ', 'Sta': '129 '}","{'Str': 'C ', 'Dex': '- ', 'Int': '- ', 'Fai': '- ', 'Arc': '- '}",{'Any': '- '},"{'Phy': '100 ', 'Mag': '61 ', 'Fir': '67 ', 'Lit': '55 ', 'Hol': '79 ', 'Bst': '75.97 ', 'Rst': '33 '}"
26186,Haligtree Crest Greatshield,Standard +16 ,"{'Phy': '223 ', 'Mag': '- ', 'Fir': '- ', 'Lit': '- ', 'Hol': '- ', 'Sta': '132 '}","{'Str': 'C ', 'Dex': '- ', 'Int': '- ', 'Fai': '- ', 'Arc': '- '}",{'Any': '- '},"{'Phy': '100 ', 'Mag': '61 ', 'Fir': '67 ', 'Lit': '55 ', 'Hol': '79 ', 'Bst': '76.68 ', 'Rst': '33 '}"
26187,Haligtree Crest Greatshield,Standard +17 ,"{'Phy': '230 ', 'Mag': '- ', 'Fir': '- ', 'Lit': '- ', 'Hol': '- ', 'Sta': '136 '}","{'Str': 'C ', 'Dex': '- ', 'Int': '- ', 'Fai': '- ', 'Arc': '- '}",{'Any': '- '},"{'Phy': '100 ', 'Mag': '61 ', 'Fir': '67 ', 'Lit': '55 ', 'Hol': '79 ', 'Bst': '76.68 ', 'Rst': '33 '}"
26188,Haligtree Crest Greatshield,Standard +18 ,"{'Phy': '237 ', 'Mag': '- ', 'Fir': '- ', 'Lit': '- ', 'Hol': '- ', 'Sta': '139 '}","{'Str': 'C ', 'Dex': '- ', 'Int': '- ', 'Fai': '- ', 'Arc': '- '}",{'Any': '- '},"{'Phy': '100 ', 'Mag': '61 ', 'Fir': '67 ', 'Lit': '55 ', 'Hol': '79 ', 'Bst': '77.39 ', 'Rst': '33 '}"
26189,Haligtree Crest Greatshield,Standard +19 ,"{'Phy': '243 ', 'Mag': '- ', 'Fir': '- ', 'Lit': '- ', 'Hol': '- ', 'Sta': '142 '}","{'Str': 'C ', 'Dex': '- ', 'Int': '- ', 'Fai': '- ', 'Arc': '- '}",{'Any': '- '},"{'Phy': '100 ', 'Mag': '61 ', 'Fir': '67 ', 'Lit': '55 ', 'Hol': '79 ', 'Bst': '77.39 ', 'Rst': '33 '}"
26190,Haligtree Crest Greatshield,Standard +20 ,"{'Phy': '250 ', 'Mag': '- ', 'Fir': '- ', 'Lit': '- ', 'Hol': '- ', 'Sta': '145 '}","{'Str': 'C ', 'Dex': '- ', 'Int': '- ', 'Fai': '- ', 'Arc': '- '}",{'Any': '- '},"{'Phy': '100 ', 'Mag': '61 ', 'Fir': '67 ', 'Lit': '55 ', 'Hol': '79 ', 'Bst': '78.1 ', 'Rst': '33 '}"
26191,Haligtree Crest Greatshield,Standard +21 ,"{'Phy': '257 ', 'Mag': '- ', 'Fir': '- ', 'Lit': '- ', 'Hol': '- ', 'Sta': '149 '}","{'Str': 'C ', 'Dex': '- ', 'Int': '- ', 'Fai': '- ', 'Arc': '- '}",{'Any': '- '},"{'Phy': '100 ', 'Mag': '61 ', 'Fir': '67 ', 'Lit': '55 ', 'Hol': '79 ', 'Bst': '78.1 ', 'Rst': '33 '}"
26192,Haligtree Crest Greatshield,Standard +22 ,"{'Phy': '264 ', 'Mag': '- ', 'Fir': '- ', 'Lit': '- ', 'Hol': '- ', 'Sta': '152 '}","{'Str': 'C ', 'Dex': '- ', 'Int': '- ', 'Fai': '- ', 'Arc': '- '}",{'Any': '- '},"{'Phy': '100 ', 'Mag': '61 ', 'Fir': '67 ', 'Lit': '55 ', 'Hol': '79 ', 'Bst': '78.81 ', 'Rst': '33 '}"
26193,Haligtree Crest Greatshield,Standard +23 ,"{'Phy': '270 ', 'Mag': '- ', 'Fir': '- ', 'Lit': '- ', 'Hol': '- ', 'Sta': '155 '}","{'Str': 'C ', 'Dex': '- ', 'Int': '- ', 'Fai': '- ', 'Arc': '- '}",{'Any': '- '},"{'Phy': '100 ', 'Mag': '61 ', 'Fir': '67 ', 'Lit': '55 ', 'Hol': '79 ', 'Bst': '78.81 ', 'Rst': '33 '}"
26194,Haligtree Crest Greatshield,Standard +24 ,"{'Phy': '277 ', 'Mag': '- ', 'Fir': '- ', 'Lit': '- ', 'Hol': '- ', 'Sta': '158 '}","{'Str': 'C ', 'Dex': '- ', 'Int': '- ', 'Fai': '- ', 'Arc': '- '}",{'Any': '- '},"{'Phy': '100 ', 'Mag': '61 ', 'Fir': '67 ', 'Lit': '55 ', 'Hol': '79 ', 'Bst': '78.81 ', 'Rst': '33 '}"
26195,Haligtree Crest Greatshield,Standard +25 ,"{'Phy': '284 ', 'Mag': '- ', 'Fir': '- ', 'Lit': '- ', 'Hol': '- ', 'Sta': '162 '}","{'Str': 'B ', 'Dex': '- ', 'Int': '- ', 'Fai': '- ', 'Arc': '- '}",{'Any': '- '},"{'Phy': '100 ', 'Mag': '61 ', 'Fir': '67 ', 'Lit': '55 ', 'Hol': '79 ', 'Bst': '79.52 ', 'Rst': '33 '}"
26508,Crucible Hornshield,Standard ,"{'Phy': '147 ', 'Mag': '- ', 'Fir': '- ', 'Lit': '- ', 'Hol': '- ', 'Sta': '88 '}","{'Str': 'D ', 'Dex': '- ', 'Int': '- ', 'Fai': '- ', 'Arc': '- '}",{'Any': '- '},"{'Phy': '100 ', 'Mag': '51 ', 'Fir': '50 ', 'Lit': '46 ', 'Hol': '64 ', 'Bst': '60 ', 'Rst': '27 '}"
26509,Crucible Hornshield,Standard +1 ,"{'Phy': '161 ', 'Mag': '- ', 'Fir': '- ', 'Lit': '- ', 'Hol': '- ', 'Sta': '94 '}","{'Str': 'D ', 'Dex': '- ', 'Int': '- ', 'Fai': '- ', 'Arc': '- '}",{'Any': '- '},"{'Phy': '100 ', 'Mag': '51 ', 'Fir': '50 ', 'Lit': '46 ', 'Hol': '64 ', 'Bst': '60.6 ', 'Rst': '27 '}"
26510,Crucible Hornshield,Standard +2 ,"{'Phy': '174 ', 'Mag': '- ', 'Fir': '- ', 'Lit': '- ', 'Hol': '- ', 'Sta': '100 '}","{'Str': 'D ', 'Dex': '- ', 'Int': '- ', 'Fai': '- ', 'Arc': '- '}",{'Any': '- '},"{'Phy': '100 ', 'Mag': '51 ', 'Fir': '50 ', 'Lit': '46 ', 'Hol': '64 ', 'Bst': '61.2 ', 'Rst': '27 '}"
26511,Crucible Hornshield,Standard +3 ,"{'Phy': '188 ', 'Mag': '- ', 'Fir': '- ', 'Lit': '- ', 'Hol': '- ', 'Sta': '106 '}","{'Str': 'C ', 'Dex': '- ', 'Int': '- ', 'Fai': '- ', 'Arc': '- '}",{'Any': '- '},"{'Phy': '100 ', 'Mag': '51 ', 'Fir': '50 ', 'Lit': '46 ', 'Hol': '64 ', 'Bst': '61.8 ', 'Rst': '27 '}"
26512,Crucible Hornshield,Standard +4 ,"{'Phy': '201 ', 'Mag': '- ', 'Fir': '- ', 'Lit': '- ', 'Hol': '- ', 'Sta': '112 '}","{'Str': 'C ', 'Dex': '- ', 'Int': '- ', 'Fai': '- ', 'Arc': '- '}",{'Any': '- '},"{'Phy': '100 ', 'Mag': '51 ', 'Fir': '50 ', 'Lit': '46 ', 'Hol': '64 ', 'Bst': '62.4 ', 'Rst': '27 '}"
26513,Crucible Hornshield,Standard +5 ,"{'Phy': '215 ', 'Mag': '- ', 'Fir': '- ', 'Lit': '- ', 'Hol': '- ', 'Sta': '118 '}","{'Str': 'C ', 'Dex': '- ', 'Int': '- ', 'Fai': '- ', 'Arc': '- '}",{'Any': '- '},"{'Phy': '100 ', 'Mag': '51 ', 'Fir': '50 ', 'Lit': '46 ', 'Hol': '64 ', 'Bst': '63 ', 'Rst': '27 '}"
26514,Crucible Hornshield,Standard +6 ,"{'Phy': '228 ', 'Mag': '- ', 'Fir': '- ', 'Lit': '- ', 'Hol': '- ', 'Sta': '124 '}","{'Str': 'C ', 'Dex': '- ', 'Int': '- ', 'Fai': '- ', 'Arc': '- '}",{'Any': '- '},"{'Phy': '100 ', 'Mag': '51 ', 'Fir': '50 ', 'Lit': '46 ', 'Hol': '64 ', 'Bst': '63.6 ', 'Rst': '27 '}"
26515,Crucible Hornshield,Standard +7 ,"{'Phy': '242 ', 'Mag': '- ', 'Fir': '- ', 'Lit': '- ', 'Hol': '- ', 'Sta': '130 '}","{'Str': 'C ', 'Dex': '- ', 'Int': '- ', 'Fai': '- ', 'Arc': '- '}",{'Any': '- '},"{'Phy': '100 ', 'Mag': '51 ', 'Fir': '50 ', 'Lit': '46 ', 'Hol': '64 ', 'Bst': '64.2 ', 'Rst': '27 '}"
26516,Crucible Hornshield,Standard +8 ,"{'Phy': '255 ', 'Mag': '- ', 'Fir': '- ', 'Lit': '- ', 'Hol': '- ', 'Sta': '136 '}","{'Str': 'C ', 'Dex': '- ', 'Int': '- ', 'Fai': '- ', 'Arc': '- '}",{'Any': '- '},"{'Phy': '100 ', 'Mag': '51 ', 'Fir': '50 ', 'Lit': '46 ', 'Hol': '64 ', 'Bst': '64.8 ', 'Rst': '27 '}"
26517,Crucible Hornshield,Standard +9 ,"{'Phy': '269 ', 'Mag': '- ', 'Fir': '- ', 'Lit': '- ', 'Hol': '- ', 'Sta': '142 '}","{'Str': 'C ', 'Dex': '- ', 'Int': '- ', 'Fai': '- ', 'Arc': '- '}",{'Any': '- '},"{'Phy': '100 ', 'Mag': '51 ', 'Fir': '50 ', 'Lit': '46 ', 'Hol': '64 ', 'Bst': '65.4 ', 'Rst': '27 '}"
26518,Crucible Hornshield,Standard +10 ,"{'Phy': '282 ', 'Mag': '- ', 'Fir': '- ', 'Lit': '- ', 'Hol': '- ', 'Sta': '148 '}","{'Str': 'B ', 'Dex': '- ', 'Int': '- ', 'Fai': '- ', 'Arc': '- '}",{'Any': '- '},"{'Phy': '100 ', 'Mag': '51 ', 'Fir': '50 ', 'Lit': '46 ', 'Hol': '64 ', 'Bst': '66 ', 'Rst': '27 '}"
26519,Dragonclaw Shield,Standard ,"{'Phy': '118 ', 'Mag': '- ', 'Fir': '- ', 'Lit': '76 ', 'Hol': '- ', 'Sta': '88 '}","{'Str': 'D ', 'Dex': 'E ', 'Int': '- ', 'Fai': '- ', 'Arc': '- '}",{'Any': '- '},"{'Phy': '100 ', 'Mag': '52 ', 'Fir': '52 ', 'Lit': '76 ', 'Hol': '47 ', 'Bst': '61 ', 'Rst': '28 '}"
26520,Dragonclaw Shield,Standard +1 ,"{'Phy': '129 ', 'Mag': '- ', 'Fir': '- ', 'Lit': '83 ', 'Hol': '- ', 'Sta': '94 '}","{'Str': 'D ', 'Dex': 'E ', 'Int': '- ', 'Fai': '- ', 'Arc': '- '}",{'Any': '- '},"{'Phy': '100 ', 'Mag': '52 ', 'Fir': '52 ', 'Lit': '76 ', 'Hol': '47 ', 'Bst': '61.61 ', 'Rst': '28 '}"
26521,Dragonclaw Shield,Standard +2 ,"{'Phy': '140 ', 'Mag': '- ', 'Fir': '- ', 'Lit': '90 ', 'Hol': '- ', 'Sta': '100 '}","{'Str': 'D ', 'Dex': 'E ', 'Int': '- ', 'Fai': '- ', 'Arc': '- '}",{'Any': '- '},"{'Phy': '100 ', 'Mag': '52 ', 'Fir': '52 ', 'Lit': '76 ', 'Hol': '47 ', 'Bst': '62.22 ', 'Rst': '28 '}"
26522,Dragonclaw Shield,Standard +3 ,"{'Phy': '151 ', 'Mag': '- ', 'Fir': '- ', 'Lit': '97 ', 'Hol': '- ', 'Sta': '106 '}","{'Str': 'D ', 'Dex': 'E ', 'Int': '- ', 'Fai': '- ', 'Arc': '- '}",{'Any': '- '},"{'Phy': '100 ', 'Mag': '52 ', 'Fir': '52 ', 'Lit': '76 ', 'Hol': '47 ', 'Bst': '62.83 ', 'Rst': '28 '}"
26523,Dragonclaw Shield,Standard +4 ,"{'Phy': '162 ', 'Mag': '- ', 'Fir': '- ', 'Lit': '104 ', 'Hol': '- ', 'Sta': '112 '}","{'Str': 'D ', 'Dex': 'D ', 'Int': '- ', 'Fai': '- ', 'Arc': '- '}",{'Any': '- '},"{'Phy': '100 ', 'Mag': '52 ', 'Fir': '52 ', 'Lit': '76 ', 'Hol': '47 ', 'Bst': '63.44 ', 'Rst': '28 '}"
26524,Dragonclaw Shield,Standard +5 ,"{'Phy': '173 ', 'Mag': '- ', 'Fir': '- ', 'Lit': '112 ', 'Hol': '- ', 'Sta': '118 '}","{'Str': 'D ', 'Dex': 'D ', 'Int': '- ', 'Fai': '- ', 'Arc': '- '}",{'Any': '- '},"{'Phy': '100 ', 'Mag': '52 ', 'Fir': '52 ', 'Lit': '76 ', 'Hol': '47 ', 'Bst': '64.05 ', 'Rst': '28 '}"
26525,Dragonclaw Shield,Standard +6 ,"{'Phy': '184 ', 'Mag': '- ', 'Fir': '- ', 'Lit': '119 ', 'Hol': '- ', 'Sta': '124 '}","{'Str': 'D ', 'Dex': 'D ', 'Int': '- ', 'Fai': '- ', 'Arc': '- '}",{'Any': '- '},"{'Phy': '100 ', 'Mag': '52 ', 'Fir': '52 ', 'Lit': '76 ', 'Hol': '47 ', 'Bst': '64.66 ', 'Rst': '28 '}"
26526,Dragonclaw Shield,Standard +7 ,"{'Phy': '195 ', 'Mag': '- ', 'Fir': '- ', 'Lit': '126 ', 'Hol': '- ', 'Sta': '130 '}","{'Str': 'C ', 'Dex': 'D ', 'Int': '- ', 'Fai': '- ', 'Arc': '- '}",{'Any': '- '},"{'Phy': '100 ', 'Mag': '52 ', 'Fir': '52 ', 'Lit': '76 ', 'Hol': '47 ', 'Bst': '65.27 ', 'Rst': '28 '}"
26527,Dragonclaw Shield,Standard +8 ,"{'Phy': '205 ', 'Mag': '- ', 'Fir': '- ', 'Lit': '133 ', 'Hol': '- ', 'Sta': '136 '}","{'Str': 'C ', 'Dex': 'D ', 'Int': '- ', 'Fai': '- ', 'Arc': '- '}",{'Any': '- '},"{'Phy': '100 ', 'Mag': '52 ', 'Fir': '52 ', 'Lit': '76 ', 'Hol': '47 ', 'Bst': '65.88 ', 'Rst': '28 '}"
26528,Dragonclaw Shield,Standard +9 ,"{'Phy': '216 ', 'Mag': '- ', 'Fir': '- ', 'Lit': '140 ', 'Hol': '- ', 'Sta': '142 '}","{'Str': 'C ', 'Dex': 'D ', 'Int': '- ', 'Fai': '- ', 'Arc': '- '}",{'Any': '- '},"{'Phy': '100 ', 'Mag': '52 ', 'Fir': '52 ', 'Lit': '76 ', 'Hol': '47 ', 'Bst': '66.49 ', 'Rst': '28 '}"
26529,Dragonclaw Shield,Standard +10 ,"{'Phy': '227 ', 'Mag': '- ', 'Fir': '- ', 'Lit': '147 ', 'Hol': '- ', 'Sta': '148 '}","{'Str': 'C ', 'Dex': 'D ', 'Int': '- ', 'Fai': '- ', 'Arc': '- '}",{'Any': '- '},"{'Phy': '100 ', 'Mag': '52 ', 'Fir': '52 ', 'Lit': '76 ', 'Hol': '47 ', 'Bst': '67.1 ', 'Rst': '28 '}"
26530,Fingerprint Stone Shield,Standard ,"{'Phy': '139 ', 'Mag': '- ', 'Fir': '- ', 'Lit': '- ', 'Hol': '- ', 'Sta': '109 '}","{'Str': 'D ', 'Dex': '- ', 'Int': '- ', 'Fai': '- ', 'Arc': '- '}",{'Any': '(70) Madness '},"{'Phy': '100 ', 'Mag': '77 ', 'Fir': '81 ', 'Lit': '79 ', 'Hol': '75 ', 'Bst': '77 ', 'Rst': '42 '}"
26531,Fingerprint Stone Shield,Standard +1 ,"{'Phy': '147 ', 'Mag': '- ', 'Fir': '- ', 'Lit': '- ', 'Hol': '- ', 'Sta': '113 '}","{'Str': 'D ', 'Dex': '- ', 'Int': '- ', 'Fai': '- ', 'Arc': '- '}",{'Any': '(70) Madness '},"{'Phy': '100 ', 'Mag': '77 ', 'Fir': '81 ', 'Lit': '79 ', 'Hol': '75 ', 'Bst': '77.77 ', 'Rst': '42 '}"
26532,Fingerprint Stone Shield,Standard +2 ,"{'Phy': '155 ', 'Mag': '- ', 'Fir': '- ', 'Lit': '- ', 'Hol': '- ', 'Sta': '117 '}","{'Str': 'D ', 'Dex': '- ', 'Int': '- ', 'Fai': '- ', 'Arc': '- '}",{'Any': '(70) Madness '},"{'Phy': '100 ', 'Mag': '77 ', 'Fir': '81 ', 'Lit': '79 ', 'Hol': '75 ', 'Bst': '77.77 ', 'Rst': '42 '}"
26533,Fingerprint Stone Shield,Standard +3 ,"{'Phy': '163 ', 'Mag': '- ', 'Fir': '- ', 'Lit': '- ', 'Hol': '- ', 'Sta': '122 '}","{'Str': 'D ', 'Dex': '- ', 'Int': '- ', 'Fai': '- ', 'Arc': '- '}",{'Any': '(70) Madness '},"{'Phy': '100 ', 'Mag': '77 ', 'Fir': '81 ', 'Lit': '79 ', 'Hol': '75 ', 'Bst': '78.54 ', 'Rst': '42 '}"
26534,Fingerprint Stone Shield,Standard +4 ,"{'Phy': '171 ', 'Mag': '- ', 'Fir': '- ', 'Lit': '- ', 'Hol': '- ', 'Sta': '126 '}","{'Str': 'D ', 'Dex': '- ', 'Int': '- ', 'Fai': '- ', 'Arc': '- '}",{'Any': '(70) Madness '},"{'Phy': '100 ', 'Mag': '77 ', 'Fir': '81 ', 'Lit': '79 ', 'Hol': '75 ', 'Bst': '78.54 ', 'Rst': '42 '}"
26535,Fingerprint Stone Shield,Standard +5 ,"{'Phy': '179 ', 'Mag': '- ', 'Fir': '- ', 'Lit': '- ', 'Hol': '- ', 'Sta': '130 '}","{'Str': 'C ', 'Dex': '- ', 'Int': '- ', 'Fai': '- ', 'Arc': '- '}",{'Any': '(70) Madness '},"{'Phy': '100 ', 'Mag': '77 ', 'Fir': '81 ', 'Lit': '79 ', 'Hol': '75 ', 'Bst': '79.31 ', 'Rst': '42 '}"
26536,Fingerprint Stone Shield,Standard +6 ,"{'Phy': '187 ', 'Mag': '- ', 'Fir': '- ', 'Lit': '- ', 'Hol': '- ', 'Sta': '135 '}","{'Str': 'C ', 'Dex': '- ', 'Int': '- ', 'Fai': '- ', 'Arc': '- '}",{'Any': '(70) Madness '},"{'Phy': '100 ', 'Mag': '77 ', 'Fir': '81 ', 'Lit': '79 ', 'Hol': '75 ', 'Bst': '79.31 ', 'Rst': '42 '}"
26537,Fingerprint Stone Shield,Standard +7 ,"{'Phy': '195 ', 'Mag': '- ', 'Fir': '- ', 'Lit': '- ', 'Hol': '- ', 'Sta': '139 '}","{'Str': 'C ', 'Dex': '- ', 'Int': '- ', 'Fai': '- ', 'Arc': '- '}",{'Any': '(70) Madness '},"{'Phy': '100 ', 'Mag': '77 ', 'Fir': '81 ', 'Lit': '79 ', 'Hol': '75 ', 'Bst': '80.08 ', 'Rst': '42 '}"
26538,Fingerprint Stone Shield,Standard +8 ,"{'Phy': '203 ', 'Mag': '- ', 'Fir': '- ', 'Lit': '- ', 'Hol': '- ', 'Sta': '143 '}","{'Str': 'C ', 'Dex': '- ', 'Int': '- ', 'Fai': '- ', 'Arc': '- '}",{'Any': '(70) Madness '},"{'Phy': '100 ', 'Mag': '77 ', 'Fir': '81 ', 'Lit': '79 ', 'Hol': '75 ', 'Bst': '80.08 ', 'Rst': '42 '}"
26539,Fingerprint Stone Shield,Standard +9 ,"{'Phy': '211 ', 'Mag': '- ', 'Fir': '- ', 'Lit': '- ', 'Hol': '- ', 'Sta': '148 '}","{'Str': 'C ', 'Dex': '- ', 'Int': '- ', 'Fai': '- ', 'Arc': '- '}",{'Any': '(70) Madness '},"{'Phy': '100 ', 'Mag': '77 ', 'Fir': '81 ', 'Lit': '79 ', 'Hol': '75 ', 'Bst': '80.08 ', 'Rst': '42 '}"
26540,Fingerprint Stone Shield,Standard +10 ,"{'Phy': '219 ', 'Mag': '- ', 'Fir': '- ', 'Lit': '- ', 'Hol': '- ', 'Sta': '152 '}","{'Str': 'C ', 'Dex': '- ', 'Int': '- ', 'Fai': '- ', 'Arc': '- '}",{'Any': '(70) Madness '},"{'Phy': '100 ', 'Mag': '77 ', 'Fir': '81 ', 'Lit': '79 ', 'Hol': '75 ', 'Bst': '80.85 ', 'Rst': '42 '}"
26541,Fingerprint Stone Shield,Standard +11 ,"{'Phy': '227 ', 'Mag': '- ', 'Fir': '- ', 'Lit': '- ', 'Hol': '- ', 'Sta': '156 '}","{'Str': 'C ', 'Dex': '- ', 'Int': '- ', 'Fai': '- ', 'Arc': '- '}",{'Any': '(70) Madness '},"{'Phy': '100 ', 'Mag': '77 ', 'Fir': '81 ', 'Lit': '79 ', 'Hol': '75 ', 'Bst': '80.85 ', 'Rst': '42 '}"
26542,Fingerprint Stone Shield,Standard +12 ,"{'Phy': '235 ', 'Mag': '- ', 'Fir': '- ', 'Lit': '- ', 'Hol': '- ', 'Sta': '161 '}","{'Str': 'C ', 'Dex': '- ', 'Int': '- ', 'Fai': '- ', 'Arc': '- '}",{'Any': '(70) Madness '},"{'Phy': '100 ', 'Mag': '77 ', 'Fir': '81 ', 'Lit': '79 ', 'Hol': '75 ', 'Bst': '81.62 ', 'Rst': '42 '}"
26543,Fingerprint Stone Shield,Standard +13 ,"{'Phy': '243 ', 'Mag': '- ', 'Fir': '- ', 'Lit': '- ', 'Hol': '- ', 'Sta': '165 '}","{'Str': 'C ', 'Dex': '- ', 'Int': '- ', 'Fai': '- ', 'Arc': '- '}",{'Any': '(70) Madness '},"{'Phy': '100 ', 'Mag': '77 ', 'Fir': '81 ', 'Lit': '79 ', 'Hol': '75 ', 'Bst': '81.62 ', 'Rst': '42 '}"
26544,Fingerprint Stone Shield,Standard +14 ,"{'Phy': '251 ', 'Mag': '- ', 'Fir': '- ', 'Lit': '- ', 'Hol': '- ', 'Sta': '170 '}","{'Str': 'C ', 'Dex': '- ', 'Int': '- ', 'Fai': '- ', 'Arc': '- '}",{'Any': '(70) Madness '},"{'Phy': '100 ', 'Mag': '77 ', 'Fir': '81 ', 'Lit': '79 ', 'Hol': '75 ', 'Bst': '82.39 ', 'Rst': '42 '}"
26545,Fingerprint Stone Shield,Standard +15 ,"{'Phy': '259 ', 'Mag': '- ', 'Fir': '- ', 'Lit': '- ', 'Hol': '- ', 'Sta': '174 '}","{'Str': 'C ', 'Dex': '- ', 'Int': '- ', 'Fai': '- ', 'Arc': '- '}",{'Any': '(70) Madness '},"{'Phy': '100 ', 'Mag': '77 ', 'Fir': '81 ', 'Lit': '79 ', 'Hol': '75 ', 'Bst': '82.39 ', 'Rst': '42 '}"
26546,Fingerprint Stone Shield,Standard +16 ,"{'Phy': '267 ', 'Mag': '- ', 'Fir': '- ', 'Lit': '- ', 'Hol': '- ', 'Sta': '178 '}","{'Str': 'C ', 'Dex': '- ', 'Int': '- ', 'Fai': '- ', 'Arc': '- '}",{'Any': '(70) Madness '},"{'Phy': '100 ', 'Mag': '77 ', 'Fir': '81 ', 'Lit': '79 ', 'Hol': '75 ', 'Bst': '83.16 ', 'Rst': '42 '}"
26547,Fingerprint Stone Shield,Standard +17 ,"{'Phy': '276 ', 'Mag': '- ', 'Fir': '- ', 'Lit': '- ', 'Hol': '- ', 'Sta': '183 '}","{'Str': 'C ', 'Dex': '- ', 'Int': '- ', 'Fai': '- ', 'Arc': '- '}",{'Any': '(70) Madness '},"{'Phy': '100 ', 'Mag': '77 ', 'Fir': '81 ', 'Lit': '79 ', 'Hol': '75 ', 'Bst': '83.16 ', 'Rst': '42 '}"
26548,Fingerprint Stone Shield,Standard +18 ,"{'Phy': '284 ', 'Mag': '- ', 'Fir': '- ', 'Lit': '- ', 'Hol': '- ', 'Sta': '187 '}","{'Str': 'C ', 'Dex': '- ', 'Int': '- ', 'Fai': '- ', 'Arc': '- '}",{'Any': '(70) Madness '},"{'Phy': '100 ', 'Mag': '77 ', 'Fir': '81 ', 'Lit': '79 ', 'Hol': '75 ', 'Bst': '83.93 ', 'Rst': '42 '}"
26549,Fingerprint Stone Shield,Standard +19 ,"{'Phy': '292 ', 'Mag': '- ', 'Fir': '- ', 'Lit': '- ', 'Hol': '- ', 'Sta': '191 '}","{'Str': 'C ', 'Dex': '- ', 'Int': '- ', 'Fai': '- ', 'Arc': '- '}",{'Any': '(70) Madness '},"{'Phy': '100 ', 'Mag': '77 ', 'Fir': '81 ', 'Lit': '79 ', 'Hol': '75 ', 'Bst': '83.93 ', 'Rst': '42 '}"
26550,Fingerprint Stone Shield,Standard +20 ,"{'Phy': '300 ', 'Mag': '- ', 'Fir': '- ', 'Lit': '- ', 'Hol': '- ', 'Sta': '196 '}","{'Str': 'C ', 'Dex': '- ', 'Int': '- ', 'Fai': '- ', 'Arc': '- '}",{'Any': '(70) Madness '},"{'Phy': '100 ', 'Mag': '77 ', 'Fir': '81 ', 'Lit': '79 ', 'Hol': '75 ', 'Bst': '84.7 ', 'Rst': '42 '}"
26551,Fingerprint Stone Shield,Standard +21 ,"{'Phy': '308 ', 'Mag': '- ', 'Fir': '- ', 'Lit': '- ', 'Hol': '- ', 'Sta': '200 '}","{'Str': 'C ', 'Dex': '- ', 'Int': '- ', 'Fai': '- ', 'Arc': '- '}",{'Any': '(70) Madness '},"{'Phy': '100 ', 'Mag': '77 ', 'Fir': '81 ', 'Lit': '79 ', 'Hol': '75 ', 'Bst': '84.7 ', 'Rst': '42 '}"
26552,Fingerprint Stone Shield,Standard +22 ,"{'Phy': '316 ', 'Mag': '- ', 'Fir': '- ', 'Lit': '- ', 'Hol': '- ', 'Sta': '204 '}","{'Str': 'C ', 'Dex': '- ', 'Int': '- ', 'Fai': '- ', 'Arc': '- '}",{'Any': '(70) Madness '},"{'Phy': '100 ', 'Mag': '77 ', 'Fir': '81 ', 'Lit': '79 ', 'Hol': '75 ', 'Bst': '85.47 ', 'Rst': '42 '}"
26553,Fingerprint Stone Shield,Standard +23 ,"{'Phy': '324 ', 'Mag': '- ', 'Fir': '- ', 'Lit': '- ', 'Hol': '- ', 'Sta': '209 '}","{'Str': 'C ', 'Dex': '- ', 'Int': '- ', 'Fai': '- ', 'Arc': '- '}",{'Any': '(70) Madness '},"{'Phy': '100 ', 'Mag': '77 ', 'Fir': '81 ', 'Lit': '79 ', 'Hol': '75 ', 'Bst': '85.47 ', 'Rst': '42 '}"
26554,Fingerprint Stone Shield,Standard +24 ,"{'Phy': '332 ', 'Mag': '- ', 'Fir': '- ', 'Lit': '- ', 'Hol': '- ', 'Sta': '213 '}","{'Str': 'C ', 'Dex': '- ', 'Int': '- ', 'Fai': '- ', 'Arc': '- '}",{'Any': '(70) Madness '},"{'Phy': '100 ', 'Mag': '77 ', 'Fir': '81 ', 'Lit': '79 ', 'Hol': '75 ', 'Bst': '85.47 ', 'Rst': '42 '}"
26555,Fingerprint Stone Shield,Standard +25 ,"{'Phy': '340 ', 'Mag': '- ', 'Fir': '- ', 'Lit': '- ', 'Hol': '- ', 'Sta': '218 '}","{'Str': 'B ', 'Dex': '- ', 'Int': '- ', 'Fai': '- ', 'Arc': '- '}",{'Any': '(70) Madness '},"{'Phy': '100 ', 'Mag': '77 ', 'Fir': '81 ', 'Lit': '79 ', 'Hol': '75 ', 'Bst': '86.24 ', 'Rst': '42 '}"
26868,Eclipse Crest Greatshield,Standard ,"{'Phy': '110 ', 'Mag': '- ', 'Fir': '- ', 'Lit': '- ', 'Hol': '- ', 'Sta': '78 '}","{'Str': 'D ', 'Dex': '- ', 'Int': '- ', 'Fai': '- ', 'Arc': '- '}",{'Any': '- '},"{'Phy': '100 ', 'Mag': '72 ', 'Fir': '57 ', 'Lit': '51 ', 'Hol': '59 ', 'Bst': '67 ', 'Rst': '30 '}"
26869,Eclipse Crest Greatshield,Standard +1 ,"{'Phy': '116 ', 'Mag': '- ', 'Fir': '- ', 'Lit': '- ', 'Hol': '- ', 'Sta': '81 '}","{'Str': 'D ', 'Dex': '- ', 'Int': '- ', 'Fai': '- ', 'Arc': '- '}",{'Any': '- '},"{'Phy': '100 ', 'Mag': '72 ', 'Fir': '57 ', 'Lit': '51 ', 'Hol': '59 ', 'Bst': '67.67 ', 'Rst': '30 '}"
26870,Eclipse Crest Greatshield,Standard +2 ,"{'Phy': '122 ', 'Mag': '- ', 'Fir': '- ', 'Lit': '- ', 'Hol': '- ', 'Sta': '84 '}","{'Str': 'D ', 'Dex': '- ', 'Int': '- ', 'Fai': '- ', 'Arc': '- '}",{'Any': '- '},"{'Phy': '100 ', 'Mag': '72 ', 'Fir': '57 ', 'Lit': '51 ', 'Hol': '59 ', 'Bst': '67.67 ', 'Rst': '30 '}"
26871,Eclipse Crest Greatshield,Standard +3 ,"{'Phy': '129 ', 'Mag': '- ', 'Fir': '- ', 'Lit': '- ', 'Hol': '- ', 'Sta': '87 '}","{'Str': 'D ', 'Dex': '- ', 'Int': '- ', 'Fai': '- ', 'Arc': '- '}",{'Any': '- '},"{'Phy': '100 ', 'Mag': '72 ', 'Fir': '57 ', 'Lit': '51 ', 'Hol': '59 ', 'Bst': '68.34 ', 'Rst': '30 '}"
26872,Eclipse Crest Greatshield,Standard +4 ,"{'Phy': '135 ', 'Mag': '- ', 'Fir': '- ', 'Lit': '- ', 'Hol': '- ', 'Sta': '90 '}","{'Str': 'D ', 'Dex': '- ', 'Int': '- ', 'Fai': '- ', 'Arc': '- '}",{'Any': '- '},"{'Phy': '100 ', 'Mag': '72 ', 'Fir': '57 ', 'Lit': '51 ', 'Hol': '59 ', 'Bst': '68.34 ', 'Rst': '30 '}"
26873,Eclipse Crest Greatshield,Standard +5 ,"{'Phy': '141 ', 'Mag': '- ', 'Fir': '- ', 'Lit': '- ', 'Hol': '- ', 'Sta': '93 '}","{'Str': 'C ', 'Dex': '- ', 'Int': '- ', 'Fai': '- ', 'Arc': '- '}",{'Any': '- '},"{'Phy': '100 ', 'Mag': '72 ', 'Fir': '57 ', 'Lit': '51 ', 'Hol': '59 ', 'Bst': '69.01 ', 'Rst': '30 '}"
26874,Eclipse Crest Greatshield,Standard +6 ,"{'Phy': '148 ', 'Mag': '- ', 'Fir': '- ', 'Lit': '- ', 'Hol': '- ', 'Sta': '96 '}","{'Str': 'C ', 'Dex': '- ', 'Int': '- ', 'Fai': '- ', 'Arc': '- '}",{'Any': '- '},"{'Phy': '100 ', 'Mag': '72 ', 'Fir': '57 ', 'Lit': '51 ', 'Hol': '59 ', 'Bst': '69.01 ', 'Rst': '30 '}"
26875,Eclipse Crest Greatshield,Standard +7 ,"{'Phy': '154 ', 'Mag': '- ', 'Fir': '- ', 'Lit': '- ', 'Hol': '- ', 'Sta': '99 '}","{'Str': 'C ', 'Dex': '- ', 'Int': '- ', 'Fai': '- ', 'Arc': '- '}",{'Any': '- '},"{'Phy': '100 ', 'Mag': '72 ', 'Fir': '57 ', 'Lit': '51 ', 'Hol': '59 ', 'Bst': '69.68 ', 'Rst': '30 '}"
26876,Eclipse Crest Greatshield,Standard +8 ,"{'Phy': '161 ', 'Mag': '- ', 'Fir': '- ', 'Lit': '- ', 'Hol': '- ', 'Sta': '102 '}","{'Str': 'C ', 'Dex': '- ', 'Int': '- ', 'Fai': '- ', 'Arc': '- '}",{'Any': '- '},"{'Phy': '100 ', 'Mag': '72 ', 'Fir': '57 ', 'Lit': '51 ', 'Hol': '59 ', 'Bst': '69.68 ', 'Rst': '30 '}"
26877,Eclipse Crest Greatshield,Standard +9 ,"{'Phy': '167 ', 'Mag': '- ', 'Fir': '- ', 'Lit': '- ', 'Hol': '- ', 'Sta': '106 '}","{'Str': 'C ', 'Dex': '- ', 'Int': '- ', 'Fai': '- ', 'Arc': '- '}",{'Any': '- '},"{'Phy': '100 ', 'Mag': '72 ', 'Fir': '57 ', 'Lit': '51 ', 'Hol': '59 ', 'Bst': '69.68 ', 'Rst': '30 '}"
26878,Eclipse Crest Greatshield,Standard +10 ,"{'Phy': '173 ', 'Mag': '- ', 'Fir': '- ', 'Lit': '- ', 'Hol': '- ', 'Sta': '109 '}","{'Str': 'C ', 'Dex': '- ', 'Int': '- ', 'Fai': '- ', 'Arc': '- '}",{'Any': '- '},"{'Phy': '100 ', 'Mag': '72 ', 'Fir': '57 ', 'Lit': '51 ', 'Hol': '59 ', 'Bst': '70.35 ', 'Rst': '30 '}"
26879,Eclipse Crest Greatshield,Standard +11 ,"{'Phy': '180 ', 'Mag': '- ', 'Fir': '- ', 'Lit': '- ', 'Hol': '- ', 'Sta': '112 '}","{'Str': 'C ', 'Dex': '- ', 'Int': '- ', 'Fai': '- ', 'Arc': '- '}",{'Any': '- '},"{'Phy': '100 ', 'Mag': '72 ', 'Fir': '57 ', 'Lit': '51 ', 'Hol': '59 ', 'Bst': '70.35 ', 'Rst': '30 '}"
26880,Eclipse Crest Greatshield,Standard +12 ,"{'Phy': '186 ', 'Mag': '- ', 'Fir': '- ', 'Lit': '- ', 'Hol': '- ', 'Sta': '115 '}","{'Str': 'C ', 'Dex': '- ', 'Int': '- ', 'Fai': '- ', 'Arc': '- '}",{'Any': '- '},"{'Phy': '100 ', 'Mag': '72 ', 'Fir': '57 ', 'Lit': '51 ', 'Hol': '59 ', 'Bst': '71.02 ', 'Rst': '30 '}"
26881,Eclipse Crest Greatshield,Standard +13 ,"{'Phy': '192 ', 'Mag': '- ', 'Fir': '- ', 'Lit': '- ', 'Hol': '- ', 'Sta': '118 '}","{'Str': 'C ', 'Dex': '- ', 'Int': '- ', 'Fai': '- ', 'Arc': '- '}",{'Any': '- '},"{'Phy': '100 ', 'Mag': '72 ', 'Fir': '57 ', 'Lit': '51 ', 'Hol': '59 ', 'Bst': '71.02 ', 'Rst': '30 '}"
26882,Eclipse Crest Greatshield,Standard +14 ,"{'Phy': '199 ', 'Mag': '- ', 'Fir': '- ', 'Lit': '- ', 'Hol': '- ', 'Sta': '121 '}","{'Str': 'C ', 'Dex': '- ', 'Int': '- ', 'Fai': '- ', 'Arc': '- '}",{'Any': '- '},"{'Phy': '100 ', 'Mag': '72 ', 'Fir': '57 ', 'Lit': '51 ', 'Hol': '59 ', 'Bst': '71.69 ', 'Rst': '30 '}"
26883,Eclipse Crest Greatshield,Standard +15 ,"{'Phy': '205 ', 'Mag': '- ', 'Fir': '- ', 'Lit': '- ', 'Hol': '- ', 'Sta': '124 '}","{'Str': 'C ', 'Dex': '- ', 'Int': '- ', 'Fai': '- ', 'Arc': '- '}",{'Any': '- '},"{'Phy': '100 ', 'Mag': '72 ', 'Fir': '57 ', 'Lit': '51 ', 'Hol': '59 ', 'Bst': '71.69 ', 'Rst': '30 '}"
26884,Eclipse Crest Greatshield,Standard +16 ,"{'Phy': '212 ', 'Mag': '- ', 'Fir': '- ', 'Lit': '- ', 'Hol': '- ', 'Sta': '127 '}","{'Str': 'C ', 'Dex': '- ', 'Int': '- ', 'Fai': '- ', 'Arc': '- '}",{'Any': '- '},"{'Phy': '100 ', 'Mag': '72 ', 'Fir': '57 ', 'Lit': '51 ', 'Hol': '59 ', 'Bst': '72.36 ', 'Rst': '30 '}"
26885,Eclipse Crest Greatshield,Standard +17 ,"{'Phy': '218 ', 'Mag': '- ', 'Fir': '- ', 'Lit': '- ', 'Hol': '- ', 'Sta': '131 '}","{'Str': 'C ', 'Dex': '- ', 'Int': '- ', 'Fai': '- ', 'Arc': '- '}",{'Any': '- '},"{'Phy': '100 ', 'Mag': '72 ', 'Fir': '57 ', 'Lit': '51 ', 'Hol': '59 ', 'Bst': '72.36 ', 'Rst': '30 '}"
26886,Eclipse Crest Greatshield,Standard +18 ,"{'Phy': '224 ', 'Mag': '- ', 'Fir': '- ', 'Lit': '- ', 'Hol': '- ', 'Sta': '134 '}","{'Str': 'C ', 'Dex': '- ', 'Int': '- ', 'Fai': '- ', 'Arc': '- '}",{'Any': '- '},"{'Phy': '100 ', 'Mag': '72 ', 'Fir': '57 ', 'Lit': '51 ', 'Hol': '59 ', 'Bst': '73.03 ', 'Rst': '30 '}"
26887,Eclipse Crest Greatshield,Standard +19 ,"{'Phy': '231 ', 'Mag': '- ', 'Fir': '- ', 'Lit': '- ', 'Hol': '- ', 'Sta': '137 '}","{'Str': 'C ', 'Dex': '- ', 'Int': '- ', 'Fai': '- ', 'Arc': '- '}",{'Any': '- '},"{'Phy': '100 ', 'Mag': '72 ', 'Fir': '57 ', 'Lit': '51 ', 'Hol': '59 ', 'Bst': '73.03 ', 'Rst': '30 '}"
26888,Eclipse Crest Greatshield,Standard +20 ,"{'Phy': '237 ', 'Mag': '- ', 'Fir': '- ', 'Lit': '- ', 'Hol': '- ', 'Sta': '140 '}","{'Str': 'C ', 'Dex': '- ', 'Int': '- ', 'Fai': '- ', 'Arc': '- '}",{'Any': '- '},"{'Phy': '100 ', 'Mag': '72 ', 'Fir': '57 ', 'Lit': '51 ', 'Hol': '59 ', 'Bst': '73.7 ', 'Rst': '30 '}"
26889,Eclipse Crest Greatshield,Standard +21 ,"{'Phy': '243 ', 'Mag': '- ', 'Fir': '- ', 'Lit': '- ', 'Hol': '- ', 'Sta': '143 '}","{'Str': 'C ', 'Dex': '- ', 'Int': '- ', 'Fai': '- ', 'Arc': '- '}",{'Any': '- '},"{'Phy': '100 ', 'Mag': '72 ', 'Fir': '57 ', 'Lit': '51 ', 'Hol': '59 ', 'Bst': '73.7 ', 'Rst': '30 '}"
26890,Eclipse Crest Greatshield,Standard +22 ,"{'Phy': '250 ', 'Mag': '- ', 'Fir': '- ', 'Lit': '- ', 'Hol': '- ', 'Sta': '146 '}","{'Str': 'C ', 'Dex': '- ', 'Int': '- ', 'Fai': '- ', 'Arc': '- '}",{'Any': '- '},"{'Phy': '100 ', 'Mag': '72 ', 'Fir': '57 ', 'Lit': '51 ', 'Hol': '59 ', 'Bst': '74.37 ', 'Rst': '30 '}"
26891,Eclipse Crest Greatshield,Standard +23 ,"{'Phy': '256 ', 'Mag': '- ', 'Fir': '- ', 'Lit': '- ', 'Hol': '- ', 'Sta': '149 '}","{'Str': 'C ', 'Dex': '- ', 'Int': '- ', 'Fai': '- ', 'Arc': '- '}",{'Any': '- '},"{'Phy': '100 ', 'Mag': '72 ', 'Fir': '57 ', 'Lit': '51 ', 'Hol': '59 ', 'Bst': '74.37 ', 'Rst': '30 '}"
26892,Eclipse Crest Greatshield,Standard +24 ,"{'Phy': '263 ', 'Mag': '- ', 'Fir': '- ', 'Lit': '- ', 'Hol': '- ', 'Sta': '152 '}","{'Str': 'C ', 'Dex': '- ', 'Int': '- ', 'Fai': '- ', 'Arc': '- '}",{'Any': '- '},"{'Phy': '100 ', 'Mag': '72 ', 'Fir': '57 ', 'Lit': '51 ', 'Hol': '59 ', 'Bst': '74.37 ', 'Rst': '30 '}"
26893,Eclipse Crest Greatshield,Standard +25 ,"{'Phy': '269 ', 'Mag': '- ', 'Fir': '- ', 'Lit': '- ', 'Hol': '- ', 'Sta': '156 '}","{'Str': 'B ', 'Dex': '- ', 'Int': '- ', 'Fai': '- ', 'Arc': '- '}",{'Any': '- '},"{'Phy': '100 ', 'Mag': '72 ', 'Fir': '57 ', 'Lit': '51 ', 'Hol': '59 ', 'Bst': '75.04 ', 'Rst': '30 '}"
27206,Ant's Skull Plate,Standard ,"{'Phy': '136 ', 'Mag': '- ', 'Fir': '- ', 'Lit': '- ', 'Hol': '- ', 'Sta': '88 '}","{'Str': 'D ', 'Dex': '- ', 'Int': '- ', 'Fai': '- ', 'Arc': '- '}",{'Any': '(90) Poison'},"{'Phy': '100 ', 'Mag': '57 ', 'Fir': '42 ', 'Lit': '57 ', 'Hol': '57 ', 'Bst': '63 ', 'Rst': '28 '}"
27207,Ant's Skull Plate,Standard +1 ,"{'Phy': '149 ', 'Mag': '- ', 'Fir': '- ', 'Lit': '- ', 'Hol': '- ', 'Sta': '94 '}","{'Str': 'D ', 'Dex': '- ', 'Int': '- ', 'Fai': '- ', 'Arc': '- '}",{'Any': '(90) Poison'},"{'Phy': '100 ', 'Mag': '57 ', 'Fir': '42 ', 'Lit': '57 ', 'Hol': '57 ', 'Bst': '63.63 ', 'Rst': '28 '}"
27208,Ant's Skull Plate,Standard +2 ,"{'Phy': '161 ', 'Mag': '- ', 'Fir': '- ', 'Lit': '- ', 'Hol': '- ', 'Sta': '100 '}","{'Str': 'D ', 'Dex': '- ', 'Int': '- ', 'Fai': '- ', 'Arc': '- '}",{'Any': '(90) Poison'},"{'Phy': '100 ', 'Mag': '57 ', 'Fir': '42 ', 'Lit': '57 ', 'Hol': '57 ', 'Bst': '64.26 ', 'Rst': '28 '}"
27209,Ant's Skull Plate,Standard +3 ,"{'Phy': '174 ', 'Mag': '- ', 'Fir': '- ', 'Lit': '- ', 'Hol': '- ', 'Sta': '106 '}","{'Str': 'C ', 'Dex': '- ', 'Int': '- ', 'Fai': '- ', 'Arc': '- '}",{'Any': '(90) Poison'},"{'Phy': '100 ', 'Mag': '57 ', 'Fir': '42 ', 'Lit': '57 ', 'Hol': '57 ', 'Bst': '64.89 ', 'Rst': '28 '}"
27210,Ant's Skull Plate,Standard +4 ,"{'Phy': '186 ', 'Mag': '- ', 'Fir': '- ', 'Lit': '- ', 'Hol': '- ', 'Sta': '112 '}","{'Str': 'C ', 'Dex': '- ', 'Int': '- ', 'Fai': '- ', 'Arc': '- '}",{'Any': '(90) Poison'},"{'Phy': '100 ', 'Mag': '57 ', 'Fir': '42 ', 'Lit': '57 ', 'Hol': '57 ', 'Bst': '65.52 ', 'Rst': '28 '}"
27211,Ant's Skull Plate,Standard +5 ,"{'Phy': '199 ', 'Mag': '- ', 'Fir': '- ', 'Lit': '- ', 'Hol': '- ', 'Sta': '118 '}","{'Str': 'C ', 'Dex': '- ', 'Int': '- ', 'Fai': '- ', 'Arc': '- '}",{'Any': '(90) Poison'},"{'Phy': '100 ', 'Mag': '57 ', 'Fir': '42 ', 'Lit': '57 ', 'Hol': '57 ', 'Bst': '66.15 ', 'Rst': '28 '}"
27212,Ant's Skull Plate,Standard +6 ,"{'Phy': '212 ', 'Mag': '- ', 'Fir': '- ', 'Lit': '- ', 'Hol': '- ', 'Sta': '124 '}","{'Str': 'C ', 'Dex': '- ', 'Int': '- ', 'Fai': '- ', 'Arc': '- '}",{'Any': '(90) Poison'},"{'Phy': '100 ', 'Mag': '57 ', 'Fir': '42 ', 'Lit': '57 ', 'Hol': '57 ', 'Bst': '66.78 ', 'Rst': '28 '}"
27213,Ant's Skull Plate,Standard +7 ,"{'Phy': '224 ', 'Mag': '- ', 'Fir': '- ', 'Lit': '- ', 'Hol': '- ', 'Sta': '130 '}","{'Str': 'C ', 'Dex': '- ', 'Int': '- ', 'Fai': '- ', 'Arc': '- '}",{'Any': '(90) Poison'},"{'Phy': '100 ', 'Mag': '57 ', 'Fir': '42 ', 'Lit': '57 ', 'Hol': '57 ', 'Bst': '67.41 ', 'Rst': '28 '}"
27214,Ant's Skull Plate,Standard +8 ,"{'Phy': '237 ', 'Mag': '- ', 'Fir': '- ', 'Lit': '- ', 'Hol': '- ', 'Sta': '136 '}","{'Str': 'C ', 'Dex': '- ', 'Int': '- ', 'Fai': '- ', 'Arc': '- '}",{'Any': '(90) Poison'},"{'Phy': '100 ', 'Mag': '57 ', 'Fir': '42 ', 'Lit': '57 ', 'Hol': '57 ', 'Bst': '68.04 ', 'Rst': '28 '}"
27215,Ant's Skull Plate,Standard +9 ,"{'Phy': '249 ', 'Mag': '- ', 'Fir': '- ', 'Lit': '- ', 'Hol': '- ', 'Sta': '142 '}","{'Str': 'C ', 'Dex': '- ', 'Int': '- ', 'Fai': '- ', 'Arc': '- '}",{'Any': '(90) Poison'},"{'Phy': '100 ', 'Mag': '57 ', 'Fir': '42 ', 'Lit': '57 ', 'Hol': '57 ', 'Bst': '68.67 ', 'Rst': '28 '}"
27216,Ant's Skull Plate,Standard +10 ,"{'Phy': '262 ', 'Mag': '- ', 'Fir': '- ', 'Lit': '- ', 'Hol': '- ', 'Sta': '148 '}","{'Str': 'B ', 'Dex': '- ', 'Int': '- ', 'Fai': '- ', 'Arc': '- '}",{'Any': '(90) Poison'},"{'Phy': '100 ', 'Mag': '57 ', 'Fir': '42 ', 'Lit': '57 ', 'Hol': '57 ', 'Bst': '69.3 ', 'Rst': '28 '}"
27217,Erdtree Greatshield,Standard ,"{'Phy': '120 ', 'Mag': '- ', 'Fir': '- ', 'Lit': '- ', 'Hol': '78 ', 'Sta': '93 '}","{'Str': 'D ', 'Dex': '- ', 'Int': '- ', 'Fai': 'D ', 'Arc': '- '}",{'Any': '- '},"{'Phy': '100 ', 'Mag': '66 ', 'Fir': '49 ', 'Lit': '45 ', 'Hol': '76 ', 'Bst': '60 ', 'Rst': '28 '}"
27218,Erdtree Greatshield,Standard +1 ,"{'Phy': '131 ', 'Mag': '- ', 'Fir': '- ', 'Lit': '- ', 'Hol': '85 ', 'Sta': '99 '}","{'Str': 'D ', 'Dex': '- ', 'Int': '- ', 'Fai': 'D ', 'Arc': '- '}",{'Any': '- '},"{'Phy': '100 ', 'Mag': '66 ', 'Fir': '49 ', 'Lit': '45 ', 'Hol': '76 ', 'Bst': '60.6 ', 'Rst': '28 '}"
27219,Erdtree Greatshield,Standard +2 ,"{'Phy': '142 ', 'Mag': '- ', 'Fir': '- ', 'Lit': '- ', 'Hol': '92 ', 'Sta': '106 '}","{'Str': 'D ', 'Dex': '- ', 'Int': '- ', 'Fai': 'D ', 'Arc': '- '}",{'Any': '- '},"{'Phy': '100 ', 'Mag': '66 ', 'Fir': '49 ', 'Lit': '45 ', 'Hol': '76 ', 'Bst': '61.2 ', 'Rst': '28 '}"
27220,Erdtree Greatshield,Standard +3 ,"{'Phy': '153 ', 'Mag': '- ', 'Fir': '- ', 'Lit': '- ', 'Hol': '99 ', 'Sta': '112 '}","{'Str': 'C ', 'Dex': '- ', 'Int': '- ', 'Fai': 'D ', 'Arc': '- '}",{'Any': '- '},"{'Phy': '100 ', 'Mag': '66 ', 'Fir': '49 ', 'Lit': '45 ', 'Hol': '76 ', 'Bst': '61.8 ', 'Rst': '28 '}"
27221,Erdtree Greatshield,Standard +4 ,"{'Phy': '164 ', 'Mag': '- ', 'Fir': '- ', 'Lit': '- ', 'Hol': '106 ', 'Sta': '118 '}","{'Str': 'C ', 'Dex': '- ', 'Int': '- ', 'Fai': 'D ', 'Arc': '- '}",{'Any': '- '},"{'Phy': '100 ', 'Mag': '66 ', 'Fir': '49 ', 'Lit': '45 ', 'Hol': '76 ', 'Bst': '62.4 ', 'Rst': '28 '}"
27222,Erdtree Greatshield,Standard +5 ,"{'Phy': '175 ', 'Mag': '- ', 'Fir': '- ', 'Lit': '- ', 'Hol': '113 ', 'Sta': '124 '}","{'Str': 'C ', 'Dex': '- ', 'Int': '- ', 'Fai': 'D ', 'Arc': '- '}",{'Any': '- '},"{'Phy': '100 ', 'Mag': '66 ', 'Fir': '49 ', 'Lit': '45 ', 'Hol': '76 ', 'Bst': '63 ', 'Rst': '28 '}"
27223,Erdtree Greatshield,Standard +6 ,"{'Phy': '186 ', 'Mag': '- ', 'Fir': '- ', 'Lit': '- ', 'Hol': '120 ', 'Sta': '131 '}","{'Str': 'C ', 'Dex': '- ', 'Int': '- ', 'Fai': 'D ', 'Arc': '- '}",{'Any': '- '},"{'Phy': '100 ', 'Mag': '66 ', 'Fir': '49 ', 'Lit': '45 ', 'Hol': '76 ', 'Bst': '63.6 ', 'Rst': '28 '}"
27224,Erdtree Greatshield,Standard +7 ,"{'Phy': '197 ', 'Mag': '- ', 'Fir': '- ', 'Lit': '- ', 'Hol': '128 ', 'Sta': '137 '}","{'Str': 'C ', 'Dex': '- ', 'Int': '- ', 'Fai': 'D ', 'Arc': '- '}",{'Any': '- '},"{'Phy': '100 ', 'Mag': '66 ', 'Fir': '49 ', 'Lit': '45 ', 'Hol': '76 ', 'Bst': '64.2 ', 'Rst': '28 '}"
27225,Erdtree Greatshield,Standard +8 ,"{'Phy': '208 ', 'Mag': '- ', 'Fir': '- ', 'Lit': '- ', 'Hol': '135 ', 'Sta': '143 '}","{'Str': 'C ', 'Dex': '- ', 'Int': '- ', 'Fai': 'D ', 'Arc': '- '}",{'Any': '- '},"{'Phy': '100 ', 'Mag': '66 ', 'Fir': '49 ', 'Lit': '45 ', 'Hol': '76 ', 'Bst': '64.8 ', 'Rst': '28 '}"
27226,Erdtree Greatshield,Standard +9 ,"{'Phy': '219 ', 'Mag': '- ', 'Fir': '- ', 'Lit': '- ', 'Hol': '142 ', 'Sta': '149 '}","{'Str': 'C ', 'Dex': '- ', 'Int': '- ', 'Fai': 'D ', 'Arc': '- '}",{'Any': '- '},"{'Phy': '100 ', 'Mag': '66 ', 'Fir': '49 ', 'Lit': '45 ', 'Hol': '76 ', 'Bst': '65.4 ', 'Rst': '28 '}"
27227,Erdtree Greatshield,Standard +10 ,"{'Phy': '230 ', 'Mag': '- ', 'Fir': '- ', 'Lit': '- ', 'Hol': '149 ', 'Sta': '156 '}","{'Str': 'B ', 'Dex': '- ', 'Int': '- ', 'Fai': 'D ', 'Arc': '- '}",{'Any': '- '},"{'Phy': '100 ', 'Mag': '66 ', 'Fir': '49 ', 'Lit': '45 ', 'Hol': '76 ', 'Bst': '66 ', 'Rst': '28 '}"
27228,Jellyfish Shield,Standard ,"{'Phy': '123 ', 'Mag': '- ', 'Fir': '- ', 'Lit': '- ', 'Hol': '- ', 'Sta': '74 '}","{'Str': 'D ', 'Dex': '- ', 'Int': '- ', 'Fai': '- ', 'Arc': '- '}",{'Any': '- '},"{'Phy': '100 ', 'Mag': '52 ', 'Fir': '52 ', 'Lit': '40 ', 'Hol': '48 ', 'Bst': '52 ', 'Rst': '24 '}"
27229,Jellyfish Shield,Standard +1 ,"{'Phy': '134 ', 'Mag': '- ', 'Fir': '- ', 'Lit': '- ', 'Hol': '- ', 'Sta': '79 '}","{'Str': 'D ', 'Dex': '- ', 'Int': '- ', 'Fai': '- ', 'Arc': '- '}",{'Any': '- '},"{'Phy': '100 ', 'Mag': '52 ', 'Fir': '52 ', 'Lit': '40 ', 'Hol': '48 ', 'Bst': '52.52 ', 'Rst': '24 '}"
27230,Jellyfish Shield,Standard +2 ,"{'Phy': '146 ', 'Mag': '- ', 'Fir': '- ', 'Lit': '- ', 'Hol': '- ', 'Sta': '84 '}","{'Str': 'D ', 'Dex': '- ', 'Int': '- ', 'Fai': '- ', 'Arc': '- '}",{'Any': '- '},"{'Phy': '100 ', 'Mag': '52 ', 'Fir': '52 ', 'Lit': '40 ', 'Hol': '48 ', 'Bst': '53.04 ', 'Rst': '24 '}"
27231,Jellyfish Shield,Standard +3 ,"{'Phy': '157 ', 'Mag': '- ', 'Fir': '- ', 'Lit': '- ', 'Hol': '- ', 'Sta': '89 '}","{'Str': 'C ', 'Dex': '- ', 'Int': '- ', 'Fai': '- ', 'Arc': '- '}",{'Any': '- '},"{'Phy': '100 ', 'Mag': '52 ', 'Fir': '52 ', 'Lit': '40 ', 'Hol': '48 ', 'Bst': '53.56 ', 'Rst': '24 '}"
27232,Jellyfish Shield,Standard +4 ,"{'Phy': '168 ', 'Mag': '- ', 'Fir': '- ', 'Lit': '- ', 'Hol': '- ', 'Sta': '94 '}","{'Str': 'C ', 'Dex': '- ', 'Int': '- ', 'Fai': '- ', 'Arc': '- '}",{'Any': '- '},"{'Phy': '100 ', 'Mag': '52 ', 'Fir': '52 ', 'Lit': '40 ', 'Hol': '48 ', 'Bst': '54.08 ', 'Rst': '24 '}"
27233,Jellyfish Shield,Standard +5 ,"{'Phy': '180 ', 'Mag': '- ', 'Fir': '- ', 'Lit': '- ', 'Hol': '- ', 'Sta': '99 '}","{'Str': 'C ', 'Dex': '- ', 'Int': '- ', 'Fai': '- ', 'Arc': '- '}",{'Any': '- '},"{'Phy': '100 ', 'Mag': '52 ', 'Fir': '52 ', 'Lit': '40 ', 'Hol': '48 ', 'Bst': '54.6 ', 'Rst': '24 '}"
27234,Jellyfish Shield,Standard +6 ,"{'Phy': '191 ', 'Mag': '- ', 'Fir': '- ', 'Lit': '- ', 'Hol': '- ', 'Sta': '104 '}","{'Str': 'C ', 'Dex': '- ', 'Int': '- ', 'Fai': '- ', 'Arc': '- '}",{'Any': '- '},"{'Phy': '100 ', 'Mag': '52 ', 'Fir': '52 ', 'Lit': '40 ', 'Hol': '48 ', 'Bst': '55.12 ', 'Rst': '24 '}"
27235,Jellyfish Shield,Standard +7 ,"{'Phy': '202 ', 'Mag': '- ', 'Fir': '- ', 'Lit': '- ', 'Hol': '- ', 'Sta': '109 '}","{'Str': 'C ', 'Dex': '- ', 'Int': '- ', 'Fai': '- ', 'Arc': '- '}",{'Any': '- '},"{'Phy': '100 ', 'Mag': '52 ', 'Fir': '52 ', 'Lit': '40 ', 'Hol': '48 ', 'Bst': '55.64 ', 'Rst': '24 '}"
27236,Jellyfish Shield,Standard +8 ,"{'Phy': '214 ', 'Mag': '- ', 'Fir': '- ', 'Lit': '- ', 'Hol': '- ', 'Sta': '114 '}","{'Str': 'C ', 'Dex': '- ', 'Int': '- ', 'Fai': '- ', 'Arc': '- '}",{'Any': '- '},"{'Phy': '100 ', 'Mag': '52 ', 'Fir': '52 ', 'Lit': '40 ', 'Hol': '48 ', 'Bst': '56.16 ', 'Rst': '24 '}"
27237,Jellyfish Shield,Standard +9 ,"{'Phy': '225 ', 'Mag': '- ', 'Fir': '- ', 'Lit': '- ', 'Hol': '- ', 'Sta': '119 '}","{'Str': 'C ', 'Dex': '- ', 'Int': '- ', 'Fai': '- ', 'Arc': '- '}",{'Any': '- '},"{'Phy': '100 ', 'Mag': '52 ', 'Fir': '52 ', 'Lit': '40 ', 'Hol': '48 ', 'Bst': '56.68 ', 'Rst': '24 '}"
27238,Jellyfish Shield,Standard +10 ,"{'Phy': '236 ', 'Mag': '- ', 'Fir': '- ', 'Lit': '- ', 'Hol': '- ', 'Sta': '124 '}","{'Str': 'B ', 'Dex': '- ', 'Int': '- ', 'Fai': '- ', 'Arc': '- '}",{'Any': '- '},"{'Phy': '100 ', 'Mag': '52 ', 'Fir': '52 ', 'Lit': '40 ', 'Hol': '48 ', 'Bst': '57.2 ', 'Rst': '24 '}"
27239,Visage Shield,Standard ,"{'Phy': '186 ', 'Mag': '- ', 'Fir': '- ', 'Lit': '- ', 'Hol': '- ', 'Sta': '116 '}","{'Str': 'D ', 'Dex': '- ', 'Int': '- ', 'Fai': '- ', 'Arc': '- '}",{'Any': '- '},"{'Phy': '100 ', 'Mag': '62 ', 'Fir': '81 ', 'Lit': '65 ', 'Hol': '62 ', 'Bst': '75 ', 'Rst': '37 '}"
27240,Visage Shield,Standard +1 ,"{'Phy': '203 ', 'Mag': '- ', 'Fir': '- ', 'Lit': '- ', 'Hol': '- ', 'Sta': '124 '}","{'Str': 'D ', 'Dex': '- ', 'Int': '- ', 'Fai': '- ', 'Arc': '- '}",{'Any': '- '},"{'Phy': '100 ', 'Mag': '62 ', 'Fir': '81 ', 'Lit': '65 ', 'Hol': '62 ', 'Bst': '75.75 ', 'Rst': '37 '}"
27241,Visage Shield,Standard +2 ,"{'Phy': '220 ', 'Mag': '- ', 'Fir': '- ', 'Lit': '- ', 'Hol': '- ', 'Sta': '131 '}","{'Str': 'D ', 'Dex': '- ', 'Int': '- ', 'Fai': '- ', 'Arc': '- '}",{'Any': '- '},"{'Phy': '100 ', 'Mag': '62 ', 'Fir': '81 ', 'Lit': '65 ', 'Hol': '62 ', 'Bst': '76.5 ', 'Rst': '37 '}"
27242,Visage Shield,Standard +3 ,"{'Phy': '237 ', 'Mag': '- ', 'Fir': '- ', 'Lit': '- ', 'Hol': '- ', 'Sta': '139 '}","{'Str': 'C ', 'Dex': '- ', 'Int': '- ', 'Fai': '- ', 'Arc': '- '}",{'Any': '- '},"{'Phy': '100 ', 'Mag': '62 ', 'Fir': '81 ', 'Lit': '65 ', 'Hol': '62 ', 'Bst': '77.25 ', 'Rst': '37 '}"
27243,Visage Shield,Standard +4 ,"{'Phy': '254 ', 'Mag': '- ', 'Fir': '- ', 'Lit': '- ', 'Hol': '- ', 'Sta': '147 '}","{'Str': 'C ', 'Dex': '- ', 'Int': '- ', 'Fai': '- ', 'Arc': '- '}",{'Any': '- '},"{'Phy': '100 ', 'Mag': '62 ', 'Fir': '81 ', 'Lit': '65 ', 'Hol': '62 ', 'Bst': '78 ', 'Rst': '37 '}"
27244,Visage Shield,Standard +5 ,"{'Phy': '271 ', 'Mag': '- ', 'Fir': '- ', 'Lit': '- ', 'Hol': '- ', 'Sta': '155 '}","{'Str': 'C ', 'Dex': '- ', 'Int': '- ', 'Fai': '- ', 'Arc': '- '}",{'Any': '- '},"{'Phy': '100 ', 'Mag': '62 ', 'Fir': '81 ', 'Lit': '65 ', 'Hol': '62 ', 'Bst': '78.75 ', 'Rst': '37 '}"
27245,Visage Shield,Standard +6 ,"{'Phy': '288 ', 'Mag': '- ', 'Fir': '- ', 'Lit': '- ', 'Hol': '- ', 'Sta': '162 '}","{'Str': 'C ', 'Dex': '- ', 'Int': '- ', 'Fai': '- ', 'Arc': '- '}",{'Any': '- '},"{'Phy': '100 ', 'Mag': '62 ', 'Fir': '81 ', 'Lit': '65 ', 'Hol': '62 ', 'Bst': '79.5 ', 'Rst': '37 '}"
27246,Visage Shield,Standard +7 ,"{'Phy': '305 ', 'Mag': '- ', 'Fir': '- ', 'Lit': '- ', 'Hol': '- ', 'Sta': '170 '}","{'Str': 'C ', 'Dex': '- ', 'Int': '- ', 'Fai': '- ', 'Arc': '- '}",{'Any': '- '},"{'Phy': '100 ', 'Mag': '62 ', 'Fir': '81 ', 'Lit': '65 ', 'Hol': '62 ', 'Bst': '80.25 ', 'Rst': '37 '}"
27247,Visage Shield,Standard +8 ,"{'Phy': '322 ', 'Mag': '- ', 'Fir': '- ', 'Lit': '- ', 'Hol': '- ', 'Sta': '178 '}","{'Str': 'C ', 'Dex': '- ', 'Int': '- ', 'Fai': '- ', 'Arc': '- '}",{'Any': '- '},"{'Phy': '100 ', 'Mag': '62 ', 'Fir': '81 ', 'Lit': '65 ', 'Hol': '62 ', 'Bst': '81 ', 'Rst': '37 '}"
27248,Visage Shield,Standard +9 ,"{'Phy': '339 ', 'Mag': '- ', 'Fir': '- ', 'Lit': '- ', 'Hol': '- ', 'Sta': '186 '}","{'Str': 'C ', 'Dex': '- ', 'Int': '- ', 'Fai': '- ', 'Arc': '- '}",{'Any': '- '},"{'Phy': '100 ', 'Mag': '62 ', 'Fir': '81 ', 'Lit': '65 ', 'Hol': '62 ', 'Bst': '81.75 ', 'Rst': '37 '}"
27249,Visage Shield,Standard +10 ,"{'Phy': '356 ', 'Mag': '- ', 'Fir': '- ', 'Lit': '- ', 'Hol': '- ', 'Sta': '194 '}","{'Str': 'B ', 'Dex': '- ', 'Int': '- ', 'Fai': '- ', 'Arc': '- '}",{'Any': '- '},"{'Phy': '100 ', 'Mag': '62 ', 'Fir': '81 ', 'Lit': '65 ', 'Hol': '62 ', 'Bst': '82.5 ', 'Rst': '37 '}"
27250,One-Eyed Shield,Standard ,"{'Phy': '175 ', 'Mag': '- ', 'Fir': '- ', 'Lit': '- ', 'Hol': '- ', 'Sta': '106 '}","{'Str': 'D ', 'Dex': '- ', 'Int': '- ', 'Fai': '- ', 'Arc': '- '}",{'Any': '- '},"{'Phy': '100 ', 'Mag': '57 ', 'Fir': '69 ', 'Lit': '59 ', 'Hol': '63 ', 'Bst': '67 ', 'Rst': '34 '}"
27251,One-Eyed Shield,Standard +1 ,"{'Phy': '191 ', 'Mag': '- ', 'Fir': '- ', 'Lit': '- ', 'Hol': '- ', 'Sta': '113 '}","{'Str': 'D ', 'Dex': '- ', 'Int': '- ', 'Fai': '- ', 'Arc': '- '}",{'Any': '- '},"{'Phy': '100 ', 'Mag': '57 ', 'Fir': '69 ', 'Lit': '59 ', 'Hol': '63 ', 'Bst': '67.67 ', 'Rst': '34 '}"
27252,One-Eyed Shield,Standard +2 ,"{'Phy': '207 ', 'Mag': '- ', 'Fir': '- ', 'Lit': '- ', 'Hol': '- ', 'Sta': '121 '}","{'Str': 'D ', 'Dex': '- ', 'Int': '- ', 'Fai': '- ', 'Arc': '- '}",{'Any': '- '},"{'Phy': '100 ', 'Mag': '57 ', 'Fir': '69 ', 'Lit': '59 ', 'Hol': '63 ', 'Bst': '68.34 ', 'Rst': '34 '}"
27253,One-Eyed Shield,Standard +3 ,"{'Phy': '223 ', 'Mag': '- ', 'Fir': '- ', 'Lit': '- ', 'Hol': '- ', 'Sta': '128 '}","{'Str': 'C ', 'Dex': '- ', 'Int': '- ', 'Fai': '- ', 'Arc': '- '}",{'Any': '- '},"{'Phy': '100 ', 'Mag': '57 ', 'Fir': '69 ', 'Lit': '59 ', 'Hol': '63 ', 'Bst': '69.01 ', 'Rst': '34 '}"
27254,One-Eyed Shield,Standard +4 ,"{'Phy': '239 ', 'Mag': '- ', 'Fir': '- ', 'Lit': '- ', 'Hol': '- ', 'Sta': '135 '}","{'Str': 'C ', 'Dex': '- ', 'Int': '- ', 'Fai': '- ', 'Arc': '- '}",{'Any': '- '},"{'Phy': '100 ', 'Mag': '57 ', 'Fir': '69 ', 'Lit': '59 ', 'Hol': '63 ', 'Bst': '69.68 ', 'Rst': '34 '}"
27255,One-Eyed Shield,Standard +5 ,"{'Phy': '255 ', 'Mag': '- ', 'Fir': '- ', 'Lit': '- ', 'Hol': '- ', 'Sta': '142 '}","{'Str': 'C ', 'Dex': '- ', 'Int': '- ', 'Fai': '- ', 'Arc': '- '}",{'Any': '- '},"{'Phy': '100 ', 'Mag': '57 ', 'Fir': '69 ', 'Lit': '59 ', 'Hol': '63 ', 'Bst': '70.35 ', 'Rst': '34 '}"
27256,One-Eyed Shield,Standard +6 ,"{'Phy': '271 ', 'Mag': '- ', 'Fir': '- ', 'Lit': '- ', 'Hol': '- ', 'Sta': '149 '}","{'Str': 'C ', 'Dex': '- ', 'Int': '- ', 'Fai': '- ', 'Arc': '- '}",{'Any': '- '},"{'Phy': '100 ', 'Mag': '57 ', 'Fir': '69 ', 'Lit': '59 ', 'Hol': '63 ', 'Bst': '71.02 ', 'Rst': '34 '}"
27257,One-Eyed Shield,Standard +7 ,"{'Phy': '287 ', 'Mag': '- ', 'Fir': '- ', 'Lit': '- ', 'Hol': '- ', 'Sta': '156 '}","{'Str': 'C ', 'Dex': '- ', 'Int': '- ', 'Fai': '- ', 'Arc': '- '}",{'Any': '- '},"{'Phy': '100 ', 'Mag': '57 ', 'Fir': '69 ', 'Lit': '59 ', 'Hol': '63 ', 'Bst': '71.69 ', 'Rst': '34 '}"
27258,One-Eyed Shield,Standard +8 ,"{'Phy': '303 ', 'Mag': '- ', 'Fir': '- ', 'Lit': '- ', 'Hol': '- ', 'Sta': '163 '}","{'Str': 'C ', 'Dex': '- ', 'Int': '- ', 'Fai': '- ', 'Arc': '- '}",{'Any': '- '},"{'Phy': '100 ', 'Mag': '57 ', 'Fir': '69 ', 'Lit': '59 ', 'Hol': '63 ', 'Bst': '72.36 ', 'Rst': '34 '}"
27259,One-Eyed Shield,Standard +9 ,"{'Phy': '319 ', 'Mag': '- ', 'Fir': '- ', 'Lit': '- ', 'Hol': '- ', 'Sta': '170 '}","{'Str': 'C ', 'Dex': '- ', 'Int': '- ', 'Fai': '- ', 'Arc': '- '}",{'Any': '- '},"{'Phy': '100 ', 'Mag': '57 ', 'Fir': '69 ', 'Lit': '59 ', 'Hol': '63 ', 'Bst': '73.03 ', 'Rst': '34 '}"
27260,One-Eyed Shield,Standard +10 ,"{'Phy': '335 ', 'Mag': '- ', 'Fir': '- ', 'Lit': '- ', 'Hol': '- ', 'Sta': '178 '}","{'Str': 'B ', 'Dex': '- ', 'Int': '- ', 'Fai': '- ', 'Arc': '- '}",{'Any': '- '},"{'Phy': '100 ', 'Mag': '57 ', 'Fir': '69 ', 'Lit': '59 ', 'Hol': '63 ', 'Bst': '73.7 ', 'Rst': '34 '}"
27261,Verdigris Greatshield,Standard ,"{'Phy': '194 ', 'Mag': '- ', 'Fir': '- ', 'Lit': '- ', 'Hol': '- ', 'Sta': '128 '}","{'Str': 'D ', 'Dex': '- ', 'Int': '- ', 'Fai': '- ', 'Arc': '- '}",{'Any': '- '},"{'Phy': '100 ', 'Mag': '72 ', 'Fir': '74 ', 'Lit': '67 ', 'Hol': '68 ', 'Bst': '82 ', 'Rst': '34 '}"
27262,Verdigris Greatshield,Standard +1 ,"{'Phy': '212 ', 'Mag': '- ', 'Fir': '- ', 'Lit': '- ', 'Hol': '- ', 'Sta': '136 '}","{'Str': 'D ', 'Dex': '- ', 'Int': '- ', 'Fai': '- ', 'Arc': '- '}",{'Any': '- '},"{'Phy': '100 ', 'Mag': '72 ', 'Fir': '74 ', 'Lit': '67 ', 'Hol': '68 ', 'Bst': '82.82 ', 'Rst': '34 '}"
27263,Verdigris Greatshield,Standard +2 ,"{'Phy': '230 ', 'Mag': '- ', 'Fir': '- ', 'Lit': '- ', 'Hol': '- ', 'Sta': '145 '}","{'Str': 'D ', 'Dex': '- ', 'Int': '- ', 'Fai': '- ', 'Arc': '- '}",{'Any': '- '},"{'Phy': '100 ', 'Mag': '72 ', 'Fir': '74 ', 'Lit': '67 ', 'Hol': '68 ', 'Bst': '83.64 ', 'Rst': '34 '}"
27264,Verdigris Greatshield,Standard +3 ,"{'Phy': '247 ', 'Mag': '- ', 'Fir': '- ', 'Lit': '- ', 'Hol': '- ', 'Sta': '154 '}","{'Str': 'C ', 'Dex': '- ', 'Int': '- ', 'Fai': '- ', 'Arc': '- '}",{'Any': '- '},"{'Phy': '100 ', 'Mag': '72 ', 'Fir': '74 ', 'Lit': '67 ', 'Hol': '68 ', 'Bst': '84.46 ', 'Rst': '34 '}"
27265,Verdigris Greatshield,Standard +4 ,"{'Phy': '265 ', 'Mag': '- ', 'Fir': '- ', 'Lit': '- ', 'Hol': '- ', 'Sta': '162 '}","{'Str': 'C ', 'Dex': '- ', 'Int': '- ', 'Fai': '- ', 'Arc': '- '}",{'Any': '- '},"{'Phy': '100 ', 'Mag': '72 ', 'Fir': '74 ', 'Lit': '67 ', 'Hol': '68 ', 'Bst': '85.28 ', 'Rst': '34 '}"
27266,Verdigris Greatshield,Standard +5 ,"{'Phy': '283 ', 'Mag': '- ', 'Fir': '- ', 'Lit': '- ', 'Hol': '- ', 'Sta': '171 '}","{'Str': 'C ', 'Dex': '- ', 'Int': '- ', 'Fai': '- ', 'Arc': '- '}",{'Any': '- '},"{'Phy': '100 ', 'Mag': '72 ', 'Fir': '74 ', 'Lit': '67 ', 'Hol': '68 ', 'Bst': '86.1 ', 'Rst': '34 '}"
27267,Verdigris Greatshield,Standard +6 ,"{'Phy': '301 ', 'Mag': '- ', 'Fir': '- ', 'Lit': '- ', 'Hol': '- ', 'Sta': '179 '}","{'Str': 'C ', 'Dex': '- ', 'Int': '- ', 'Fai': '- ', 'Arc': '- '}",{'Any': '- '},"{'Phy': '100 ', 'Mag': '72 ', 'Fir': '74 ', 'Lit': '67 ', 'Hol': '68 ', 'Bst': '86.92 ', 'Rst': '34 '}"
27268,Verdigris Greatshield,Standard +7 ,"{'Phy': '319 ', 'Mag': '- ', 'Fir': '- ', 'Lit': '- ', 'Hol': '- ', 'Sta': '188 '}","{'Str': 'C ', 'Dex': '- ', 'Int': '- ', 'Fai': '- ', 'Arc': '- '}",{'Any': '- '},"{'Phy': '100 ', 'Mag': '72 ', 'Fir': '74 ', 'Lit': '67 ', 'Hol': '68 ', 'Bst': '87.74 ', 'Rst': '34 '}"
27269,Verdigris Greatshield,Standard +8 ,"{'Phy': '336 ', 'Mag': '- ', 'Fir': '- ', 'Lit': '- ', 'Hol': '- ', 'Sta': '196 '}","{'Str': 'C ', 'Dex': '- ', 'Int': '- ', 'Fai': '- ', 'Arc': '- '}",{'Any': '- '},"{'Phy': '100 ', 'Mag': '72 ', 'Fir': '74 ', 'Lit': '67 ', 'Hol': '68 ', 'Bst': '88.56 ', 'Rst': '34 '}"
27270,Verdigris Greatshield,Standard +9 ,"{'Phy': '354 ', 'Mag': '- ', 'Fir': '- ', 'Lit': '- ', 'Hol': '- ', 'Sta': '205 '}","{'Str': 'C ', 'Dex': '- ', 'Int': '- ', 'Fai': '- ', 'Arc': '- '}",{'Any': '- '},"{'Phy': '100 ', 'Mag': '72 ', 'Fir': '74 ', 'Lit': '67 ', 'Hol': '68 ', 'Bst': '89.38 ', 'Rst': '34 '}"
27271,Verdigris Greatshield,Standard +10 ,"{'Phy': '372 ', 'Mag': '- ', 'Fir': '- ', 'Lit': '- ', 'Hol': '- ', 'Sta': '214 '}","{'Str': 'B ', 'Dex': '- ', 'Int': '- ', 'Fai': '- ', 'Arc': '- '}",{'Any': '- '},"{'Phy': '100 ', 'Mag': '72 ', 'Fir': '74 ', 'Lit': '67 ', 'Hol': '68 ', 'Bst': '90.2 ', 'Rst': '34 '}"
27272,Black Steel Greatshield,Standard ,"{'Phy': '119 ', 'Mag': '- ', 'Fir': '- ', 'Lit': '- ', 'Hol': '- ', 'Sta': '87 '}","{'Str': 'D ', 'Dex': '- ', 'Int': '- ', 'Fai': '- ', 'Arc': '- '}",{'Any': '- '},"{'Phy': '100 ', 'Mag': '57 ', 'Fir': '59 ', 'Lit': '55 ', 'Hol': '84 ', 'Bst': '69 ', 'Rst': '33 '}"
27273,Black Steel Greatshield,Standard +1 ,"{'Phy': '125 ', 'Mag': '- ', 'Fir': '- ', 'Lit': '- ', 'Hol': '- ', 'Sta': '90 '}","{'Str': 'D ', 'Dex': '- ', 'Int': '- ', 'Fai': '- ', 'Arc': '- '}",{'Any': '- '},"{'Phy': '100 ', 'Mag': '57 ', 'Fir': '59 ', 'Lit': '55 ', 'Hol': '84 ', 'Bst': '69.69 ', 'Rst': '33 '}"
27274,Black Steel Greatshield,Standard +2 ,"{'Phy': '132 ', 'Mag': '- ', 'Fir': '- ', 'Lit': '- ', 'Hol': '- ', 'Sta': '93 '}","{'Str': 'D ', 'Dex': '- ', 'Int': '- ', 'Fai': '- ', 'Arc': '- '}",{'Any': '- '},"{'Phy': '100 ', 'Mag': '57 ', 'Fir': '59 ', 'Lit': '55 ', 'Hol': '84 ', 'Bst': '70.38 ', 'Rst': '33 '}"
27275,Black Steel Greatshield,Standard +3 ,"{'Phy': '139 ', 'Mag': '- ', 'Fir': '- ', 'Lit': '- ', 'Hol': '- ', 'Sta': '97 '}","{'Str': 'D ', 'Dex': '- ', 'Int': '- ', 'Fai': '- ', 'Arc': '- '}",{'Any': '- '},"{'Phy': '100 ', 'Mag': '57 ', 'Fir': '59 ', 'Lit': '55 ', 'Hol': '84 ', 'Bst': '71.07 ', 'Rst': '33 '}"
27276,Black Steel Greatshield,Standard +4 ,"{'Phy': '146 ', 'Mag': '- ', 'Fir': '- ', 'Lit': '- ', 'Hol': '- ', 'Sta': '100 '}","{'Str': 'D ', 'Dex': '- ', 'Int': '- ', 'Fai': '- ', 'Arc': '- '}",{'Any': '- '},"{'Phy': '100 ', 'Mag': '57 ', 'Fir': '59 ', 'Lit': '55 ', 'Hol': '84 ', 'Bst': '71.07 ', 'Rst': '33 '}"
27277,Black Steel Greatshield,Standard +5 ,"{'Phy': '153 ', 'Mag': '- ', 'Fir': '- ', 'Lit': '- ', 'Hol': '- ', 'Sta': '104 '}","{'Str': 'C ', 'Dex': '- ', 'Int': '- ', 'Fai': '- ', 'Arc': '- '}",{'Any': '- '},"{'Phy': '100 ', 'Mag': '57 ', 'Fir': '59 ', 'Lit': '55 ', 'Hol': '84 ', 'Bst': '72.45 ', 'Rst': '33 '}"
27278,Black Steel Greatshield,Standard +6 ,"{'Phy': '160 ', 'Mag': '- ', 'Fir': '- ', 'Lit': '- ', 'Hol': '- ', 'Sta': '107 '}","{'Str': 'C ', 'Dex': '- ', 'Int': '- ', 'Fai': '- ', 'Arc': '- '}",{'Any': '- '},"{'Phy': '100 ', 'Mag': '57 ', 'Fir': '59 ', 'Lit': '55 ', 'Hol': '84 ', 'Bst': '73.14 ', 'Rst': '33 '}"
27279,Black Steel Greatshield,Standard +7 ,"{'Phy': '167 ', 'Mag': '- ', 'Fir': '- ', 'Lit': '- ', 'Hol': '- ', 'Sta': '111 '}","{'Str': 'C ', 'Dex': '- ', 'Int': '- ', 'Fai': '- ', 'Arc': '- '}",{'Any': '- '},"{'Phy': '100 ', 'Mag': '57 ', 'Fir': '59 ', 'Lit': '55 ', 'Hol': '84 ', 'Bst': '73.83 ', 'Rst': '33 '}"
27280,Black Steel Greatshield,Standard +8 ,"{'Phy': '174 ', 'Mag': '- ', 'Fir': '- ', 'Lit': '- ', 'Hol': '- ', 'Sta': '114 '}","{'Str': 'C ', 'Dex': '- ', 'Int': '- ', 'Fai': '- ', 'Arc': '- '}",{'Any': '- '},"{'Phy': '100 ', 'Mag': '57 ', 'Fir': '59 ', 'Lit': '55 ', 'Hol': '84 ', 'Bst': '74.52 ', 'Rst': '33 '}"
27281,Black Steel Greatshield,Standard +9 ,"{'Phy': '181 ', 'Mag': '- ', 'Fir': '- ', 'Lit': '- ', 'Hol': '- ', 'Sta': '118 '}","{'Str': 'C ', 'Dex': '- ', 'Int': '- ', 'Fai': '- ', 'Arc': '- '}",{'Any': '- '},"{'Phy': '100 ', 'Mag': '57 ', 'Fir': '59 ', 'Lit': '55 ', 'Hol': '84 ', 'Bst': '75.21 ', 'Rst': '33 '}"
27282,Black Steel Greatshield,Standard +10 ,"{'Phy': '188 ', 'Mag': '- ', 'Fir': '- ', 'Lit': '- ', 'Hol': '- ', 'Sta': '121 '}","{'Str': 'C ', 'Dex': '- ', 'Int': '- ', 'Fai': '- ', 'Arc': '- '}",{'Any': '- '},"{'Phy': '100 ', 'Mag': '57 ', 'Fir': '59 ', 'Lit': '55 ', 'Hol': '84 ', 'Bst': '75.9 ', 'Rst': '33 '}"
27283,Black Steel Greatshield,Standard +11 ,"{'Phy': '194 ', 'Mag': '- ', 'Fir': '- ', 'Lit': '- ', 'Hol': '- ', 'Sta': '125 '}","{'Str': 'C ', 'Dex': '- ', 'Int': '- ', 'Fai': '- ', 'Arc': '- '}",{'Any': '- '},"{'Phy': '100 ', 'Mag': '57 ', 'Fir': '59 ', 'Lit': '55 ', 'Hol': '84 ', 'Bst': '76.59 ', 'Rst': '33 '}"
27284,Black Steel Greatshield,Standard +12 ,"{'Phy': '201 ', 'Mag': '- ', 'Fir': '- ', 'Lit': '- ', 'Hol': '- ', 'Sta': '128 '}","{'Str': 'C ', 'Dex': '- ', 'Int': '- ', 'Fai': '- ', 'Arc': '- '}",{'Any': '- '},"{'Phy': '100 ', 'Mag': '57 ', 'Fir': '59 ', 'Lit': '55 ', 'Hol': '84 ', 'Bst': '77.28 ', 'Rst': '33 '}"
27285,Black Steel Greatshield,Standard +13 ,"{'Phy': '208 ', 'Mag': '- ', 'Fir': '- ', 'Lit': '- ', 'Hol': '- ', 'Sta': '132 '}","{'Str': 'C ', 'Dex': '- ', 'Int': '- ', 'Fai': '- ', 'Arc': '- '}",{'Any': '- '},"{'Phy': '100 ', 'Mag': '57 ', 'Fir': '59 ', 'Lit': '55 ', 'Hol': '84 ', 'Bst': '77.97 ', 'Rst': '33 '}"
27286,Black Steel Greatshield,Standard +14 ,"{'Phy': '215 ', 'Mag': '- ', 'Fir': '- ', 'Lit': '- ', 'Hol': '- ', 'Sta': '135 '}","{'Str': 'C ', 'Dex': '- ', 'Int': '- ', 'Fai': '- ', 'Arc': '- '}",{'Any': '- '},"{'Phy': '100 ', 'Mag': '57 ', 'Fir': '59 ', 'Lit': '55 ', 'Hol': '84 ', 'Bst': '78.66 ', 'Rst': '33 '}"
27287,Black Steel Greatshield,Standard +15 ,"{'Phy': '222 ', 'Mag': '- ', 'Fir': '- ', 'Lit': '- ', 'Hol': '- ', 'Sta': '139 '}","{'Str': 'C ', 'Dex': '- ', 'Int': '- ', 'Fai': '- ', 'Arc': '- '}",{'Any': '- '},"{'Phy': '100 ', 'Mag': '57 ', 'Fir': '59 ', 'Lit': '55 ', 'Hol': '84 ', 'Bst': '79.35 ', 'Rst': '33 '}"
27288,Black Steel Greatshield,Standard +16 ,"{'Phy': '229 ', 'Mag': '- ', 'Fir': '- ', 'Lit': '- ', 'Hol': '- ', 'Sta': '142 '}","{'Str': 'C ', 'Dex': '- ', 'Int': '- ', 'Fai': '- ', 'Arc': '- '}",{'Any': '- '},"{'Phy': '100 ', 'Mag': '57 ', 'Fir': '59 ', 'Lit': '55 ', 'Hol': '84 ', 'Bst': '80.04 ', 'Rst': '33 '}"
27289,Black Steel Greatshield,Standard +17 ,"{'Phy': '236 ', 'Mag': '- ', 'Fir': '- ', 'Lit': '- ', 'Hol': '- ', 'Sta': '146 '}","{'Str': 'C ', 'Dex': '- ', 'Int': '- ', 'Fai': '- ', 'Arc': '- '}",{'Any': '- '},"{'Phy': '100 ', 'Mag': '57 ', 'Fir': '59 ', 'Lit': '55 ', 'Hol': '84 ', 'Bst': '80.04 ', 'Rst': '33 '}"
27290,Black Steel Greatshield,Standard +18 ,"{'Phy': '243 ', 'Mag': '- ', 'Fir': '- ', 'Lit': '- ', 'Hol': '- ', 'Sta': '149 '}","{'Str': 'C ', 'Dex': '- ', 'Int': '- ', 'Fai': '- ', 'Arc': '- '}",{'Any': '- '},"{'Phy': '100 ', 'Mag': '57 ', 'Fir': '59 ', 'Lit': '55 ', 'Hol': '84 ', 'Bst': '80.73 ', 'Rst': '33 '}"
27291,Black Steel Greatshield,Standard +19 ,"{'Phy': '250 ', 'Mag': '- ', 'Fir': '- ', 'Lit': '- ', 'Hol': '- ', 'Sta': '153 '}","{'Str': 'C ', 'Dex': '- ', 'Int': '- ', 'Fai': '- ', 'Arc': '- '}",{'Any': '- '},"{'Phy': '100 ', 'Mag': '57 ', 'Fir': '59 ', 'Lit': '55 ', 'Hol': '84 ', 'Bst': '80.73 ', 'Rst': '33 '}"
27292,Black Steel Greatshield,Standard +20 ,"{'Phy': '257 ', 'Mag': '- ', 'Fir': '- ', 'Lit': '- ', 'Hol': '- ', 'Sta': '156 '}","{'Str': 'C ', 'Dex': '- ', 'Int': '- ', 'Fai': '- ', 'Arc': '- '}",{'Any': '- '},"{'Phy': '100 ', 'Mag': '57 ', 'Fir': '59 ', 'Lit': '55 ', 'Hol': '84 ', 'Bst': '81.42 ', 'Rst': '33 '}"
27293,Black Steel Greatshield,Standard +21 ,"{'Phy': '263 ', 'Mag': '- ', 'Fir': '- ', 'Lit': '- ', 'Hol': '- ', 'Sta': '160 '}","{'Str': 'C ', 'Dex': '- ', 'Int': '- ', 'Fai': '- ', 'Arc': '- '}",{'Any': '- '},"{'Phy': '100 ', 'Mag': '57 ', 'Fir': '59 ', 'Lit': '55 ', 'Hol': '84 ', 'Bst': '81.42 ', 'Rst': '33 '}"
27294,Black Steel Greatshield,Standard +22 ,"{'Phy': '270 ', 'Mag': '- ', 'Fir': '- ', 'Lit': '- ', 'Hol': '- ', 'Sta': '163 '}","{'Str': 'C ', 'Dex': '- ', 'Int': '- ', 'Fai': '- ', 'Arc': '- '}",{'Any': '- '},"{'Phy': '100 ', 'Mag': '57 ', 'Fir': '59 ', 'Lit': '55 ', 'Hol': '84 ', 'Bst': '81.42 ', 'Rst': '33 '}"
27295,Black Steel Greatshield,Standard +23 ,"{'Phy': '277 ', 'Mag': '- ', 'Fir': '- ', 'Lit': '- ', 'Hol': '- ', 'Sta': '167 '}","{'Str': 'C ', 'Dex': '- ', 'Int': '- ', 'Fai': '- ', 'Arc': '- '}",{'Any': '- '},"{'Phy': '100 ', 'Mag': '57 ', 'Fir': '59 ', 'Lit': '55 ', 'Hol': '84 ', 'Bst': '82.11 ', 'Rst': '33 '}"
27296,Black Steel Greatshield,Standard +24 ,"{'Phy': '284 ', 'Mag': '- ', 'Fir': '- ', 'Lit': '- ', 'Hol': '- ', 'Sta': '170 '}","{'Str': 'C ', 'Dex': '- ', 'Int': '- ', 'Fai': '- ', 'Arc': '- '}",{'Any': '- '},"{'Phy': '100 ', 'Mag': '57 ', 'Fir': '59 ', 'Lit': '55 ', 'Hol': '84 ', 'Bst': '82.11 ', 'Rst': '33 '}"
27297,Black Steel Greatshield,Standard +25 ,"{'Phy': '291 ', 'Mag': '- ', 'Fir': '- ', 'Lit': '- ', 'Hol': '- ', 'Sta': '174 '}","{'Str': 'B ', 'Dex': '- ', 'Int': '- ', 'Fai': '- ', 'Arc': '- '}",{'Any': '- '},"{'Phy': '100 ', 'Mag': '57 ', 'Fir': '59 ', 'Lit': '55 ', 'Hol': '84 ', 'Bst': '82.8 ', 'Rst': '33 '}"
27610,Dueling Shield,Standard ,"{'Phy': '125 ', 'Mag': '- ', 'Fir': '- ', 'Lit': '- ', 'Hol': '- ', 'Sta': '70 '}","{'Str': 'D ', 'Dex': 'D ', 'Int': '- ', 'Fai': '- ', 'Arc': '- '}",{'Any': '- '},"{'Phy': '88 ', 'Mag': '44 ', 'Fir': '39 ', 'Lit': '55 ', 'Hol': '53 ', 'Bst': '58 ', 'Rst': '20 '}"
27611,Dueling Shield,Standard +1 ,"{'Phy': '132 ', 'Mag': '- ', 'Fir': '- ', 'Lit': '- ', 'Hol': '- ', 'Sta': '72 '}","{'Str': 'D ', 'Dex': 'D ', 'Int': '- ', 'Fai': '- ', 'Arc': '- '}",{'Any': '- '},"{'Phy': '88 ', 'Mag': '44 ', 'Fir': '39 ', 'Lit': '55 ', 'Hol': '53 ', 'Bst': '58.58 ', 'Rst': '20 '}"
27612,Dueling Shield,Standard +2 ,"{'Phy': '139 ', 'Mag': '- ', 'Fir': '- ', 'Lit': '- ', 'Hol': '- ', 'Sta': '75 '}","{'Str': 'D ', 'Dex': 'D ', 'Int': '- ', 'Fai': '- ', 'Arc': '- '}",{'Any': '- '},"{'Phy': '88 ', 'Mag': '44 ', 'Fir': '39 ', 'Lit': '55 ', 'Hol': '53 ', 'Bst': '59.16 ', 'Rst': '20 '}"
27613,Dueling Shield,Standard +3 ,"{'Phy': '146 ', 'Mag': '- ', 'Fir': '- ', 'Lit': '- ', 'Hol': '- ', 'Sta': '78 '}","{'Str': 'D ', 'Dex': 'D ', 'Int': '- ', 'Fai': '- ', 'Arc': '- '}",{'Any': '- '},"{'Phy': '88 ', 'Mag': '44 ', 'Fir': '39 ', 'Lit': '55 ', 'Hol': '53 ', 'Bst': '59.74 ', 'Rst': '20 '}"
27614,Dueling Shield,Standard +4 ,"{'Phy': '154 ', 'Mag': '- ', 'Fir': '- ', 'Lit': '- ', 'Hol': '- ', 'Sta': '81 '}","{'Str': 'D ', 'Dex': 'D ', 'Int': '- ', 'Fai': '- ', 'Arc': '- '}",{'Any': '- '},"{'Phy': '88 ', 'Mag': '44 ', 'Fir': '39 ', 'Lit': '55 ', 'Hol': '53 ', 'Bst': '59.74 ', 'Rst': '20 '}"
27615,Dueling Shield,Standard +5 ,"{'Phy': '161 ', 'Mag': '- ', 'Fir': '- ', 'Lit': '- ', 'Hol': '- ', 'Sta': '84 '}","{'Str': 'D ', 'Dex': 'D ', 'Int': '- ', 'Fai': '- ', 'Arc': '- '}",{'Any': '- '},"{'Phy': '88 ', 'Mag': '44 ', 'Fir': '39 ', 'Lit': '55 ', 'Hol': '53 ', 'Bst': '60.9 ', 'Rst': '20 '}"
27616,Dueling Shield,Standard +6 ,"{'Phy': '168 ', 'Mag': '- ', 'Fir': '- ', 'Lit': '- ', 'Hol': '- ', 'Sta': '86 '}","{'Str': 'D ', 'Dex': 'D ', 'Int': '- ', 'Fai': '- ', 'Arc': '- '}",{'Any': '- '},"{'Phy': '88 ', 'Mag': '44 ', 'Fir': '39 ', 'Lit': '55 ', 'Hol': '53 ', 'Bst': '61.48 ', 'Rst': '20 '}"
27617,Dueling Shield,Standard +7 ,"{'Phy': '175 ', 'Mag': '- ', 'Fir': '- ', 'Lit': '- ', 'Hol': '- ', 'Sta': '89 '}","{'Str': 'D ', 'Dex': 'D ', 'Int': '- ', 'Fai': '- ', 'Arc': '- '}",{'Any': '- '},"{'Phy': '88 ', 'Mag': '44 ', 'Fir': '39 ', 'Lit': '55 ', 'Hol': '53 ', 'Bst': '62.06 ', 'Rst': '20 '}"
27618,Dueling Shield,Standard +8 ,"{'Phy': '183 ', 'Mag': '- ', 'Fir': '- ', 'Lit': '- ', 'Hol': '- ', 'Sta': '92 '}","{'Str': 'D ', 'Dex': 'D ', 'Int': '- ', 'Fai': '- ', 'Arc': '- '}",{'Any': '- '},"{'Phy': '88 ', 'Mag': '44 ', 'Fir': '39 ', 'Lit': '55 ', 'Hol': '53 ', 'Bst': '62.64 ', 'Rst': '20 '}"
27619,Dueling Shield,Standard +9 ,"{'Phy': '190 ', 'Mag': '- ', 'Fir': '- ', 'Lit': '- ', 'Hol': '- ', 'Sta': '95 '}","{'Str': 'D ', 'Dex': 'D ', 'Int': '- ', 'Fai': '- ', 'Arc': '- '}",{'Any': '- '},"{'Phy': '88 ', 'Mag': '44 ', 'Fir': '39 ', 'Lit': '55 ', 'Hol': '53 ', 'Bst': '63.22 ', 'Rst': '20 '}"
27620,Dueling Shield,Standard +10 ,"{'Phy': '197 ', 'Mag': '- ', 'Fir': '- ', 'Lit': '- ', 'Hol': '- ', 'Sta': '98 '}","{'Str': 'D ', 'Dex': 'C ', 'Int': '- ', 'Fai': '- ', 'Arc': '- '}",{'Any': '- '},"{'Phy': '88 ', 'Mag': '44 ', 'Fir': '39 ', 'Lit': '55 ', 'Hol': '53 ', 'Bst': '63.8 ', 'Rst': '20 '}"
27621,Dueling Shield,Standard +11 ,"{'Phy': '204 ', 'Mag': '- ', 'Fir': '- ', 'Lit': '- ', 'Hol': '- ', 'Sta': '100 '}","{'Str': 'D ', 'Dex': 'C ', 'Int': '- ', 'Fai': '- ', 'Arc': '- '}",{'Any': '- '},"{'Phy': '88 ', 'Mag': '44 ', 'Fir': '39 ', 'Lit': '55 ', 'Hol': '53 ', 'Bst': '64.38 ', 'Rst': '20 '}"
27622,Dueling Shield,Standard +12 ,"{'Phy': '212 ', 'Mag': '- ', 'Fir': '- ', 'Lit': '- ', 'Hol': '- ', 'Sta': '103 '}","{'Str': 'D ', 'Dex': 'C ', 'Int': '- ', 'Fai': '- ', 'Arc': '- '}",{'Any': '- '},"{'Phy': '88 ', 'Mag': '44 ', 'Fir': '39 ', 'Lit': '55 ', 'Hol': '53 ', 'Bst': '64.96 ', 'Rst': '20 '}"
27623,Dueling Shield,Standard +13 ,"{'Phy': '219 ', 'Mag': '- ', 'Fir': '- ', 'Lit': '- ', 'Hol': '- ', 'Sta': '106 '}","{'Str': 'D ', 'Dex': 'C ', 'Int': '- ', 'Fai': '- ', 'Arc': '- '}",{'Any': '- '},"{'Phy': '88 ', 'Mag': '44 ', 'Fir': '39 ', 'Lit': '55 ', 'Hol': '53 ', 'Bst': '65.54 ', 'Rst': '20 '}"
27624,Dueling Shield,Standard +14 ,"{'Phy': '226 ', 'Mag': '- ', 'Fir': '- ', 'Lit': '- ', 'Hol': '- ', 'Sta': '109 '}","{'Str': 'D ', 'Dex': 'C ', 'Int': '- ', 'Fai': '- ', 'Arc': '- '}",{'Any': '- '},"{'Phy': '88 ', 'Mag': '44 ', 'Fir': '39 ', 'Lit': '55 ', 'Hol': '53 ', 'Bst': '66.12 ', 'Rst': '20 '}"
27625,Dueling Shield,Standard +15 ,"{'Phy': '233 ', 'Mag': '- ', 'Fir': '- ', 'Lit': '- ', 'Hol': '- ', 'Sta': '112 '}","{'Str': 'D ', 'Dex': 'C ', 'Int': '- ', 'Fai': '- ', 'Arc': '- '}",{'Any': '- '},"{'Phy': '88 ', 'Mag': '44 ', 'Fir': '39 ', 'Lit': '55 ', 'Hol': '53 ', 'Bst': '66.7 ', 'Rst': '20 '}"
27626,Dueling Shield,Standard +16 ,"{'Phy': '241 ', 'Mag': '- ', 'Fir': '- ', 'Lit': '- ', 'Hol': '- ', 'Sta': '114 '}","{'Str': 'D ', 'Dex': 'C ', 'Int': '- ', 'Fai': '- ', 'Arc': '- '}",{'Any': '- '},"{'Phy': '88 ', 'Mag': '44 ', 'Fir': '39 ', 'Lit': '55 ', 'Hol': '53 ', 'Bst': '67.28 ', 'Rst': '20 '}"
27627,Dueling Shield,Standard +17 ,"{'Phy': '248 ', 'Mag': '- ', 'Fir': '- ', 'Lit': '- ', 'Hol': '- ', 'Sta': '117 '}","{'Str': 'D ', 'Dex': 'C ', 'Int': '- ', 'Fai': '- ', 'Arc': '- '}",{'Any': '- '},"{'Phy': '88 ', 'Mag': '44 ', 'Fir': '39 ', 'Lit': '55 ', 'Hol': '53 ', 'Bst': '67.28 ', 'Rst': '20 '}"
27628,Dueling Shield,Standard +18 ,"{'Phy': '255 ', 'Mag': '- ', 'Fir': '- ', 'Lit': '- ', 'Hol': '- ', 'Sta': '120 '}","{'Str': 'D ', 'Dex': 'C ', 'Int': '- ', 'Fai': '- ', 'Arc': '- '}",{'Any': '- '},"{'Phy': '88 ', 'Mag': '44 ', 'Fir': '39 ', 'Lit': '55 ', 'Hol': '53 ', 'Bst': '67.86 ', 'Rst': '20 '}"
27629,Dueling Shield,Standard +19 ,"{'Phy': '262 ', 'Mag': '- ', 'Fir': '- ', 'Lit': '- ', 'Hol': '- ', 'Sta': '123 '}","{'Str': 'D ', 'Dex': 'C ', 'Int': '- ', 'Fai': '- ', 'Arc': '- '}",{'Any': '- '},"{'Phy': '88 ', 'Mag': '44 ', 'Fir': '39 ', 'Lit': '55 ', 'Hol': '53 ', 'Bst': '67.86 ', 'Rst': '20 '}"
27630,Dueling Shield,Standard +20 ,"{'Phy': '270 ', 'Mag': '- ', 'Fir': '- ', 'Lit': '- ', 'Hol': '- ', 'Sta': '126 '}","{'Str': 'D ', 'Dex': 'C ', 'Int': '- ', 'Fai': '- ', 'Arc': '- '}",{'Any': '- '},"{'Phy': '88 ', 'Mag': '44 ', 'Fir': '39 ', 'Lit': '55 ', 'Hol': '53 ', 'Bst': '68.44 ', 'Rst': '20 '}"
27631,Dueling Shield,Standard +21 ,"{'Phy': '277 ', 'Mag': '- ', 'Fir': '- ', 'Lit': '- ', 'Hol': '- ', 'Sta': '128 '}","{'Str': 'D ', 'Dex': 'C ', 'Int': '- ', 'Fai': '- ', 'Arc': '- '}",{'Any': '- '},"{'Phy': '88 ', 'Mag': '44 ', 'Fir': '39 ', 'Lit': '55 ', 'Hol': '53 ', 'Bst': '68.44 ', 'Rst': '20 '}"
27632,Dueling Shield,Standard +22 ,"{'Phy': '284 ', 'Mag': '- ', 'Fir': '- ', 'Lit': '- ', 'Hol': '- ', 'Sta': '131 '}","{'Str': 'D ', 'Dex': 'C ', 'Int': '- ', 'Fai': '- ', 'Arc': '- '}",{'Any': '- '},"{'Phy': '88 ', 'Mag': '44 ', 'Fir': '39 ', 'Lit': '55 ', 'Hol': '53 ', 'Bst': '68.44 ', 'Rst': '20 '}"
27633,Dueling Shield,Standard +23 ,"{'Phy': '291 ', 'Mag': '- ', 'Fir': '- ', 'Lit': '- ', 'Hol': '- ', 'Sta': '134 '}","{'Str': 'D ', 'Dex': 'C ', 'Int': '- ', 'Fai': '- ', 'Arc': '- '}",{'Any': '- '},"{'Phy': '88 ', 'Mag': '44 ', 'Fir': '39 ', 'Lit': '55 ', 'Hol': '53 ', 'Bst': '69.02 ', 'Rst': '20 '}"
27634,Dueling Shield,Standard +24 ,"{'Phy': '299 ', 'Mag': '- ', 'Fir': '- ', 'Lit': '- ', 'Hol': '- ', 'Sta': '137 '}","{'Str': 'D ', 'Dex': 'C ', 'Int': '- ', 'Fai': '- ', 'Arc': '- '}",{'Any': '- '},"{'Phy': '88 ', 'Mag': '44 ', 'Fir': '39 ', 'Lit': '55 ', 'Hol': '53 ', 'Bst': '69.02 ', 'Rst': '20 '}"
27635,Dueling Shield,Standard +25 ,"{'Phy': '306 ', 'Mag': '- ', 'Fir': '- ', 'Lit': '- ', 'Hol': '- ', 'Sta': '140 '}","{'Str': 'D ', 'Dex': 'C ', 'Int': '- ', 'Fai': '- ', 'Arc': '- '}",{'Any': '- '},"{'Phy': '88 ', 'Mag': '44 ', 'Fir': '39 ', 'Lit': '55 ', 'Hol': '53 ', 'Bst': '69.6 ', 'Rst': '20 '}"
27948,Carian Thrusting Shield,Standard ,"{'Phy': '122 ', 'Mag': '36 ', 'Fir': '- ', 'Lit': '- ', 'Hol': '- ', 'Sta': '75 '}","{'Str': 'D ', 'Dex': 'D ', 'Int': 'D ', 'Fai': '- ', 'Arc': '- '}",{'Any': '- '},"{'Phy': '94 ', 'Mag': '64 ', 'Fir': '36 ', 'Lit': '34 ', 'Hol': '35 ', 'Bst': '64 ', 'Rst': '21 '}"
27949,Carian Thrusting Shield,Standard +1 ,"{'Phy': '129 ', 'Mag': '38 ', 'Fir': '- ', 'Lit': '- ', 'Hol': '- ', 'Sta': '78 '}","{'Str': 'D ', 'Dex': 'D ', 'Int': 'D ', 'Fai': '- ', 'Arc': '- '}",{'Any': '- '},"{'Phy': '94 ', 'Mag': '64 ', 'Fir': '36 ', 'Lit': '34 ', 'Hol': '35 ', 'Bst': '64.64 ', 'Rst': '21 '}"
27950,Carian Thrusting Shield,Standard +2 ,"{'Phy': '136 ', 'Mag': '40 ', 'Fir': '- ', 'Lit': '- ', 'Hol': '- ', 'Sta': '81 '}","{'Str': 'D ', 'Dex': 'D ', 'Int': 'D ', 'Fai': '- ', 'Arc': '- '}",{'Any': '- '},"{'Phy': '94 ', 'Mag': '64 ', 'Fir': '36 ', 'Lit': '34 ', 'Hol': '35 ', 'Bst': '65.28 ', 'Rst': '21 '}"
27951,Carian Thrusting Shield,Standard +3 ,"{'Phy': '143 ', 'Mag': '42 ', 'Fir': '- ', 'Lit': '- ', 'Hol': '- ', 'Sta': '84 '}","{'Str': 'D ', 'Dex': 'D ', 'Int': 'D ', 'Fai': '- ', 'Arc': '- '}",{'Any': '- '},"{'Phy': '94 ', 'Mag': '64 ', 'Fir': '36 ', 'Lit': '34 ', 'Hol': '35 ', 'Bst': '65.92 ', 'Rst': '21 '}"
27952,Carian Thrusting Shield,Standard +4 ,"{'Phy': '150 ', 'Mag': '44 ', 'Fir': '- ', 'Lit': '- ', 'Hol': '- ', 'Sta': '87 '}","{'Str': 'D ', 'Dex': 'D ', 'Int': 'D ', 'Fai': '- ', 'Arc': '- '}",{'Any': '- '},"{'Phy': '94 ', 'Mag': '64 ', 'Fir': '36 ', 'Lit': '34 ', 'Hol': '35 ', 'Bst': '65.92 ', 'Rst': '21 '}"
27953,Carian Thrusting Shield,Standard +5 ,"{'Phy': '157 ', 'Mag': '46 ', 'Fir': '- ', 'Lit': '- ', 'Hol': '- ', 'Sta': '90 '}","{'Str': 'D ', 'Dex': 'D ', 'Int': 'D ', 'Fai': '- ', 'Arc': '- '}",{'Any': '- '},"{'Phy': '94 ', 'Mag': '64 ', 'Fir': '36 ', 'Lit': '34 ', 'Hol': '35 ', 'Bst': '67.2 ', 'Rst': '21 '}"
27954,Carian Thrusting Shield,Standard +6 ,"{'Phy': '164 ', 'Mag': '48 ', 'Fir': '- ', 'Lit': '- ', 'Hol': '- ', 'Sta': '93 '}","{'Str': 'D ', 'Dex': 'D ', 'Int': 'D ', 'Fai': '- ', 'Arc': '- '}",{'Any': '- '},"{'Phy': '94 ', 'Mag': '64 ', 'Fir': '36 ', 'Lit': '34 ', 'Hol': '35 ', 'Bst': '67.84 ', 'Rst': '21 '}"
27955,Carian Thrusting Shield,Standard +7 ,"{'Phy': '171 ', 'Mag': '50 ', 'Fir': '- ', 'Lit': '- ', 'Hol': '- ', 'Sta': '96 '}","{'Str': 'D ', 'Dex': 'D ', 'Int': 'D ', 'Fai': '- ', 'Arc': '- '}",{'Any': '- '},"{'Phy': '94 ', 'Mag': '64 ', 'Fir': '36 ', 'Lit': '34 ', 'Hol': '35 ', 'Bst': '68.48 ', 'Rst': '21 '}"
27956,Carian Thrusting Shield,Standard +8 ,"{'Phy': '178 ', 'Mag': '52 ', 'Fir': '- ', 'Lit': '- ', 'Hol': '- ', 'Sta': '99 '}","{'Str': 'D ', 'Dex': 'D ', 'Int': 'D ', 'Fai': '- ', 'Arc': '- '}",{'Any': '- '},"{'Phy': '94 ', 'Mag': '64 ', 'Fir': '36 ', 'Lit': '34 ', 'Hol': '35 ', 'Bst': '69.12 ', 'Rst': '21 '}"
27957,Carian Thrusting Shield,Standard +9 ,"{'Phy': '185 ', 'Mag': '54 ', 'Fir': '- ', 'Lit': '- ', 'Hol': '- ', 'Sta': '102 '}","{'Str': 'D ', 'Dex': 'D ', 'Int': 'D ', 'Fai': '- ', 'Arc': '- '}",{'Any': '- '},"{'Phy': '94 ', 'Mag': '64 ', 'Fir': '36 ', 'Lit': '34 ', 'Hol': '35 ', 'Bst': '69.76 ', 'Rst': '21 '}"
27958,Carian Thrusting Shield,Standard +10 ,"{'Phy': '192 ', 'Mag': '56 ', 'Fir': '- ', 'Lit': '- ', 'Hol': '- ', 'Sta': '105 '}","{'Str': 'D ', 'Dex': 'D ', 'Int': 'D ', 'Fai': '- ', 'Arc': '- '}",{'Any': '- '},"{'Phy': '94 ', 'Mag': '64 ', 'Fir': '36 ', 'Lit': '34 ', 'Hol': '35 ', 'Bst': '70.4 ', 'Rst': '21 '}"
27959,Carian Thrusting Shield,Standard +11 ,"{'Phy': '199 ', 'Mag': '58 ', 'Fir': '- ', 'Lit': '- ', 'Hol': '- ', 'Sta': '108 '}","{'Str': 'D ', 'Dex': 'D ', 'Int': 'D ', 'Fai': '- ', 'Arc': '- '}",{'Any': '- '},"{'Phy': '94 ', 'Mag': '64 ', 'Fir': '36 ', 'Lit': '34 ', 'Hol': '35 ', 'Bst': '71.04 ', 'Rst': '21 '}"
27960,Carian Thrusting Shield,Standard +12 ,"{'Phy': '206 ', 'Mag': '61 ', 'Fir': '- ', 'Lit': '- ', 'Hol': '- ', 'Sta': '111 '}","{'Str': 'D ', 'Dex': 'D ', 'Int': 'D ', 'Fai': '- ', 'Arc': '- '}",{'Any': '- '},"{'Phy': '94 ', 'Mag': '64 ', 'Fir': '36 ', 'Lit': '34 ', 'Hol': '35 ', 'Bst': '71.68 ', 'Rst': '21 '}"
27961,Carian Thrusting Shield,Standard +13 ,"{'Phy': '213 ', 'Mag': '63 ', 'Fir': '- ', 'Lit': '- ', 'Hol': '- ', 'Sta': '114 '}","{'Str': 'D ', 'Dex': 'D ', 'Int': 'D ', 'Fai': '- ', 'Arc': '- '}",{'Any': '- '},"{'Phy': '94 ', 'Mag': '64 ', 'Fir': '36 ', 'Lit': '34 ', 'Hol': '35 ', 'Bst': '72.32 ', 'Rst': '21 '}"
27962,Carian Thrusting Shield,Standard +14 ,"{'Phy': '221 ', 'Mag': '65 ', 'Fir': '- ', 'Lit': '- ', 'Hol': '- ', 'Sta': '117 '}","{'Str': 'D ', 'Dex': 'D ', 'Int': 'D ', 'Fai': '- ', 'Arc': '- '}",{'Any': '- '},"{'Phy': '94 ', 'Mag': '64 ', 'Fir': '36 ', 'Lit': '34 ', 'Hol': '35 ', 'Bst': '72.96 ', 'Rst': '21 '}"
27963,Carian Thrusting Shield,Standard +15 ,"{'Phy': '228 ', 'Mag': '67 ', 'Fir': '- ', 'Lit': '- ', 'Hol': '- ', 'Sta': '120 '}","{'Str': 'D ', 'Dex': 'D ', 'Int': 'D ', 'Fai': '- ', 'Arc': '- '}",{'Any': '- '},"{'Phy': '94 ', 'Mag': '64 ', 'Fir': '36 ', 'Lit': '34 ', 'Hol': '35 ', 'Bst': '73.6 ', 'Rst': '21 '}"
27964,Carian Thrusting Shield,Standard +16 ,"{'Phy': '235 ', 'Mag': '69 ', 'Fir': '- ', 'Lit': '- ', 'Hol': '- ', 'Sta': '123 '}","{'Str': 'D ', 'Dex': 'D ', 'Int': 'D ', 'Fai': '- ', 'Arc': '- '}",{'Any': '- '},"{'Phy': '94 ', 'Mag': '64 ', 'Fir': '36 ', 'Lit': '34 ', 'Hol': '35 ', 'Bst': '74.24 ', 'Rst': '21 '}"
27965,Carian Thrusting Shield,Standard +17 ,"{'Phy': '242 ', 'Mag': '71 ', 'Fir': '- ', 'Lit': '- ', 'Hol': '- ', 'Sta': '126 '}","{'Str': 'D ', 'Dex': 'D ', 'Int': 'D ', 'Fai': '- ', 'Arc': '- '}",{'Any': '- '},"{'Phy': '94 ', 'Mag': '64 ', 'Fir': '36 ', 'Lit': '34 ', 'Hol': '35 ', 'Bst': '74.24 ', 'Rst': '21 '}"
27966,Carian Thrusting Shield,Standard +18 ,"{'Phy': '249 ', 'Mag': '73 ', 'Fir': '- ', 'Lit': '- ', 'Hol': '- ', 'Sta': '129 '}","{'Str': 'D ', 'Dex': 'D ', 'Int': 'D ', 'Fai': '- ', 'Arc': '- '}",{'Any': '- '},"{'Phy': '94 ', 'Mag': '64 ', 'Fir': '36 ', 'Lit': '34 ', 'Hol': '35 ', 'Bst': '74.88 ', 'Rst': '21 '}"
27967,Carian Thrusting Shield,Standard +19 ,"{'Phy': '256 ', 'Mag': '75 ', 'Fir': '- ', 'Lit': '- ', 'Hol': '- ', 'Sta': '132 '}","{'Str': 'D ', 'Dex': 'D ', 'Int': 'D ', 'Fai': '- ', 'Arc': '- '}",{'Any': '- '},"{'Phy': '94 ', 'Mag': '64 ', 'Fir': '36 ', 'Lit': '34 ', 'Hol': '35 ', 'Bst': '74.88 ', 'Rst': '21 '}"
27968,Carian Thrusting Shield,Standard +20 ,"{'Phy': '263 ', 'Mag': '77 ', 'Fir': '- ', 'Lit': '- ', 'Hol': '- ', 'Sta': '135 '}","{'Str': 'D ', 'Dex': 'D ', 'Int': 'D ', 'Fai': '- ', 'Arc': '- '}",{'Any': '- '},"{'Phy': '94 ', 'Mag': '64 ', 'Fir': '36 ', 'Lit': '34 ', 'Hol': '35 ', 'Bst': '75.52 ', 'Rst': '21 '}"
27969,Carian Thrusting Shield,Standard +21 ,"{'Phy': '270 ', 'Mag': '79 ', 'Fir': '- ', 'Lit': '- ', 'Hol': '- ', 'Sta': '138 '}","{'Str': 'D ', 'Dex': 'D ', 'Int': 'D ', 'Fai': '- ', 'Arc': '- '}",{'Any': '- '},"{'Phy': '94 ', 'Mag': '64 ', 'Fir': '36 ', 'Lit': '34 ', 'Hol': '35 ', 'Bst': '75.52 ', 'Rst': '21 '}"
27970,Carian Thrusting Shield,Standard +22 ,"{'Phy': '277 ', 'Mag': '81 ', 'Fir': '- ', 'Lit': '- ', 'Hol': '- ', 'Sta': '141 '}","{'Str': 'D ', 'Dex': 'D ', 'Int': 'D ', 'Fai': '- ', 'Arc': '- '}",{'Any': '- '},"{'Phy': '94 ', 'Mag': '64 ', 'Fir': '36 ', 'Lit': '34 ', 'Hol': '35 ', 'Bst': '75.52 ', 'Rst': '21 '}"
27971,Carian Thrusting Shield,Standard +23 ,"{'Phy': '284 ', 'Mag': '84 ', 'Fir': '- ', 'Lit': '- ', 'Hol': '- ', 'Sta': '144 '}","{'Str': 'D ', 'Dex': 'D ', 'Int': 'D ', 'Fai': '- ', 'Arc': '- '}",{'Any': '- '},"{'Phy': '94 ', 'Mag': '64 ', 'Fir': '36 ', 'Lit': '34 ', 'Hol': '35 ', 'Bst': '76.16 ', 'Rst': '21 '}"
27972,Carian Thrusting Shield,Standard +24 ,"{'Phy': '291 ', 'Mag': '86 ', 'Fir': '- ', 'Lit': '- ', 'Hol': '- ', 'Sta': '147 '}","{'Str': 'C ', 'Dex': 'C ', 'Int': 'D ', 'Fai': '- ', 'Arc': '- '}",{'Any': '- '},"{'Phy': '94 ', 'Mag': '64 ', 'Fir': '36 ', 'Lit': '34 ', 'Hol': '35 ', 'Bst': '76.16 ', 'Rst': '21 '}"
27973,Carian Thrusting Shield,Standard +25 ,"{'Phy': '298 ', 'Mag': '88 ', 'Fir': '- ', 'Lit': '- ', 'Hol': '- ', 'Sta': '150 '}","{'Str': 'C ', 'Dex': 'C ', 'Int': 'D ', 'Fai': '- ', 'Arc': '- '}",{'Any': '- '},"{'Phy': '94 ', 'Mag': '64 ', 'Fir': '36 ', 'Lit': '34 ', 'Hol': '35 ', 'Bst': '76.8 ', 'Rst': '21 '}"
